分析时间,代码,名称,所属板块,当前涨跌幅(%),流通市值(亿),失败原因,最近涨停日,综合评分,filter_stock是否通过,分钟条件是否通过,分钟失败原因
2026-07-23 03:45:07,600844,金煤科技,化学原料,10.04,25.26,流通市值不足 80 亿,,,否,,
2026-07-23 03:45:07,605189,富春染织,纺织制造,10.04,35.78,流通市值不足 80 亿,,,否,,
2026-07-23 03:45:07,001208,华菱线缆,电网设备,10.02,43.38,流通市值不足 80 亿,,,否,,
2026-07-23 03:45:07,002300,太阳电缆,电网设备,10.07,46.59,流通市值不足 80 亿,,,否,,
2026-07-23 03:45:07,001382,新亚电缆,电网设备,10.03,10.44,流通市值不足 80 亿,,,否,,
2026-07-23 03:45:07,603399,永杉锂业,能源金属,10.02,70.29,流通市值不足 80 亿,,,否,,
2026-07-23 03:45:07,000533,顺钠股份,电网设备,10.01,59.45,流通市值不足 80 亿,,,否,,
2026-07-23 03:45:07,600379,宝光股份,电网设备,10.03,38.04,流通市值不足 80 亿,,,否,,
2026-07-23 03:45:07,603191,望变电气,电网设备,10.02,44.22,流通市值不足 80 亿,,,否,,
2026-07-23 03:45:07,002207,*ST准油,油服工程,10.04,14.01,ST股,,,否,,
2026-07-23 03:45:07,600219,南山铝业,工业金属,10.11,550.07,均线未向上倾斜,,,否,,
2026-07-23 03:45:07,601678,滨化股份,化学原料,10.09,127.1,均线未呈多头排列,,,否,,
2026-07-23 03:45:07,002498,汉缆股份,电网设备,10.06,196.61,均线未呈多头排列,,,否,,
2026-07-23 03:45:07,002539,云图控股,农化制品,10.04,101.44,均线未呈多头排列,,,否,,
2026-07-23 03:45:07,000035,中国天楹,环境治理,10.02,111.72,均线未呈多头排列,,,否,,
2026-07-23 03:45:07,002112,三变科技,电网设备,10.0,38.05,流通市值不足 80 亿,,,否,,
2026-07-23 03:45:07,002240,盛新锂能,能源金属,10.02,277.71,均线未呈多头排列,,,否,,
2026-07-23 03:45:07,002879,长缆科技,电网设备,9.99,22.5,流通市值不足 80 亿,,,否,,
2026-07-23 03:45:07,600722,金牛化工,化学原料,9.99,74.15,流通市值不足 80 亿,,,否,,
2026-07-23 03:45:07,603318,水发燃气,燃气Ⅱ,9.99,39.94,流通市值不足 80 亿,,,否,,
2026-07-23 03:45:07,002379,宏桥控股,工业金属,10.01,232.39,均线未向上倾斜,,,否,,
2026-07-23 03:45:07,605299,舒华体育,文娱用品,9.98,49.41,流通市值不足 80 亿,,,否,,
2026-07-23 03:45:07,600550,保变电气,电网设备,10.01,214.54,均线未呈多头排列,,,否,,
2026-07-23 03:45:07,600984,建设机械,工程机械,9.97,45.76,流通市值不足 80 亿,,,否,,
2026-07-23 03:45:07,600468,百利电气,电网设备,9.92,60.26,流通市值不足 80 亿,,,否,,
2026-07-23 03:45:07,600227,赤天化,农化制品,9.21,43.95,流通市值不足 80 亿,,,否,,
2026-07-23 03:45:07,000603,盛达资源,工业金属,10.01,165.55,均线未呈多头排列,,,否,,
2026-07-23 03:45:07,603727,博迈科,油服工程,8.14,48.29,流通市值不足 80 亿,,,否,,
2026-07-23 03:45:07,000688,国城矿业,小金属,10.01,346.51,均线未呈多头排列,,,否,,
2026-07-23 03:45:07,600727,鲁北化工,化学原料,7.52,38.53,流通市值不足 80 亿,,,否,,
2026-07-23 03:45:07,601061,中信金属,贸易Ⅱ,10.0,571.34,均线未呈多头排列,,,否,,
2026-07-23 03:45:07,001337,四川黄金,贵金属,10.0,169.09,均线未呈多头排列,,,否,,
2026-07-23 03:45:07,600470,六国化工,农化制品,6.96,28.06,流通市值不足 80 亿,,,否,,
2026-07-23 03:45:07,601179,中国西电,电网设备,9.99,699.68,均线未呈多头排列,,,否,,
2026-07-23 03:45:07,603619,中曼石油,油服工程,9.98,108.51,均线未向上倾斜,,,否,,
2026-07-23 03:45:07,002083,孚日股份,纺织制造,9.98,99.11,均线未呈多头排列,,,否,,
2026-07-23 03:45:07,002560,通达股份,电网设备,6.64,36.61,流通市值不足 80 亿,,,否,,
2026-07-23 03:45:07,600409,三友化工,化学原料,8.86,134.39,均线未呈多头排列,,,否,,
2026-07-23 03:45:07,603212,赛伍技术,光伏设备,6.52,44.32,流通市值不足 80 亿,,,否,,
2026-07-23 03:45:07,605117,德业股份,光伏设备,7.85,1104.91,均线未呈多头排列,,,否,,
2026-07-23 03:45:07,002532,天山铝业,工业金属,7.04,542.93,均线未向上倾斜,,,否,,
2026-07-23 03:45:07,002606,大连电瓷,电网设备,6.31,55.38,流通市值不足 80 亿,,,否,,
2026-07-23 03:45:07,002339,积成电子,电网设备,6.25,32.55,流通市值不足 80 亿,,,否,,
2026-07-23 03:45:07,002348,高乐股份,文娱用品,7.0,91.17,均线未呈多头排列,,,否,,
2026-07-23 03:45:07,001203,大中矿业,冶钢原料,6.85,358.62,均线未呈多头排列,,,否,,
2026-07-23 03:45:07,002738,中矿资源,小金属,6.7,360.09,均线未呈多头排列,,,否,,
2026-07-23 03:45:07,002545,东方铁塔,农化制品,6.67,218.57,均线未呈多头排列,,,否,,
2026-07-23 03:45:07,600595,中孚实业,工业金属,6.54,267.73,均线未向上倾斜,,,否,,
2026-07-23 03:45:07,600676,交运股份,汽车服务,5.95,65.93,流通市值不足 80 亿,,,否,,
2026-07-23 03:45:07,600711,盛屯矿业,工业金属,6.33,348.0,均线未呈多头排列,,,否,,
2026-07-23 03:45:07,002674,兴业科技,纺织制造,5.8,62.43,流通市值不足 80 亿,,,否,,
2026-07-23 03:45:07,002192,融捷股份,能源金属,6.32,166.41,均线未呈多头排列,,,否,,
2026-07-23 03:45:07,002460,赣锋锂业,能源金属,6.24,610.33,均线未呈多头排列,,,否,,
2026-07-23 03:45:07,000933,神火股份,工业金属,6.16,596.47,均线未向上倾斜,,,否,,
2026-07-23 03:45:07,002451,摩恩电气,电网设备,5.65,28.76,流通市值不足 80 亿,,,否,,
2026-07-23 03:45:07,000807,云铝股份,工业金属,6.14,941.54,均线未向上倾斜,,,否,,
2026-07-23 03:45:07,600089,特变电工,电网设备,6.02,1059.57,均线未呈多头排列,,,否,,
2026-07-23 03:45:07,001301,尚太科技,电池,6.01,140.89,均线未呈多头排列,,,否,,
2026-07-23 03:45:07,000711,ST京蓝,环境治理,5.49,114.3,ST股,,,否,,
2026-07-23 03:45:07,002756,永兴材料,能源金属,5.48,176.55,"板块均值 5.53%, 个股涨幅 5.48%",,,否,,
2026-07-23 03:45:07,000426,兴业银锡,工业金属,5.89,596.47,均线未呈多头排列,,,否,,
2026-07-23 03:45:07,002358,森源电气,电网设备,5.4,49.0,流通市值不足 80 亿,,,否,,
2026-07-23 03:45:07,000803,山高环能,环境治理,5.34,29.93,流通市值不足 80 亿,,,否,,
2026-07-23 03:45:07,601702,华峰铝业,工业金属,5.78,149.78,均线未呈多头排列,,,否,,
2026-07-23 03:45:07,000826,*ST启环,环境治理,5.19,20.24,ST股,,,否,,
2026-07-23 03:45:07,600929,雪天盐业,化学原料,5.75,93.49,均线未向上倾斜,,,否,,
2026-07-23 03:45:07,603876,鼎胜新材,工业金属,5.68,188.36,均线未呈多头排列,,,否,,
2026-07-23 03:45:07,601606,长城军工,地面兵装Ⅱ,5.62,202.64,均线未呈多头排列,,,否,,
2026-07-23 03:45:07,600362,江西铜业,工业金属,5.57,943.2,均线未呈多头排列,,,否,,
2026-07-23 03:45:07,600354,敦煌种业,种植业,5.1,30.45,流通市值不足 80 亿,,,否,,
2026-07-23 03:45:07,000762,西藏矿业,能源金属,5.07,113.27,"板块均值 5.53%, 个股涨幅 5.07%",,,否,,
2026-07-23 03:45:07,600389,江山股份,农化制品,5.06,79.54,流通市值不足 80 亿,,,否,,
2026-07-23 03:45:07,002466,天齐锂业,能源金属,5.05,680.9,"板块均值 5.53%, 个股涨幅 5.05%",,,否,,
2026-07-23 03:45:07,000691,亚太实业,化学原料,5.03,31.71,流通市值不足 80 亿,,,否,,
2026-07-23 03:45:07,600903,贵州燃气,燃气Ⅱ,5.02,70.65,流通市值不足 80 亿,,,否,,
2026-07-23 03:45:07,603050,科林电气,电网设备,5.01,71.87,流通市值不足 80 亿,,,否,,
2026-07-23 03:45:07,000400,许继电气,电网设备,5.52,231.88,均线未呈多头排列,,,否,,
2026-07-23 03:45:07,600815,厦工股份,工程机械,4.98,44.88,流通市值不足 80 亿,,,否,,
2026-07-23 03:45:07,002546,新联电子,电网设备,4.95,62.82,流通市值不足 80 亿,,,否,,
2026-07-23 03:45:07,600166,福田汽车,商用车,5.42,246.23,均线未呈多头排列,,,否,,
2026-07-23 03:45:07,002812,恩捷股份,电池,5.25,414.18,均线未呈多头排列,,,否,,
2026-07-23 03:45:07,600268,国电南自,电网设备,5.19,113.23,均线未呈多头排列,,,否,,
2026-07-23 03:45:07,603130,云中马,纺织制造,4.83,49.24,流通市值不足 80 亿,,,否,,
2026-07-23 03:45:07,601965,中国汽研,汽车服务,5.18,139.78,均线未向上倾斜,,,否,,
2026-07-23 03:45:07,002953,日丰股份,电网设备,4.77,29.06,流通市值不足 80 亿,,,否,,
2026-07-23 03:45:07,000792,盐湖股份,农化制品,5.18,1462.58,均线未呈多头排列,,,否,,
2026-07-23 03:45:07,603026,石大胜华,电池,5.13,139.71,均线未呈多头排列,,,否,,
2026-07-23 03:45:07,002092,中泰化学,化学原料,4.98,114.1,均线未向上倾斜,,,否,,
2026-07-23 03:45:07,000408,藏格矿业,农化制品,4.89,1259.83,均线未向上倾斜,,,否,,
2026-07-23 03:45:07,002692,远程股份,电网设备,4.68,25.69,流通市值不足 80 亿,,,否,,
2026-07-23 03:45:07,601616,广电电气,电网设备,4.66,28.77,流通市值不足 80 亿,,,否,,
2026-07-23 03:45:07,601118,海南橡胶,种植业,4.85,212.69,均线未呈多头排列,,,否,,
2026-07-23 03:45:07,600066,宇通客车,商用车,4.78,718.64,均线未向上倾斜,,,否,,
2026-07-23 03:45:07,601218,吉鑫科技,风电设备,4.53,40.21,流通市值不足 80 亿,,,否,,
2026-07-23 03:45:07,603878,武进不锈,普钢,4.39,25.36,流通市值不足 80 亿,,,否,,
2026-07-23 03:45:07,605222,起帆电缆,电网设备,4.36,75.07,流通市值不足 80 亿,,,否,,
2026-07-23 03:45:07,002578,闽发铝业,工业金属,4.33,24.89,流通市值不足 80 亿,,,否,,
2026-07-23 03:45:07,600078,澄星股份,农化制品,4.29,62.88,流通市值不足 80 亿,,,否,,
2026-07-23 03:45:07,002709,天赐材料,电池,4.76,557.43,均线未呈多头排列,,,否,,
2026-07-23 03:45:07,603618,杭电股份,电网设备,4.76,185.77,均线未呈多头排列,,,否,,
2026-07-23 03:45:07,600731,湖南海利,农化制品,4.17,29.74,流通市值不足 80 亿,,,否,,
2026-07-23 03:45:07,002028,思源电气,电网设备,4.74,986.94,均线未呈多头排列,,,否,,
2026-07-23 03:45:07,002478,常宝股份,特钢Ⅱ,4.15,43.58,流通市值不足 80 亿,,,否,,
2026-07-23 03:45:07,601600,中国铝业,工业金属,4.56,1301.85,均线未向上倾斜,,,否,,
2026-07-23 03:45:07,603558,健盛集团,纺织制造,4.13,42.35,流通市值不足 80 亿,,,否,,
2026-07-23 03:45:07,601168,西部矿业,工业金属,4.88,912.21,乖离率 11.11% 超出范围,,,否,,
2026-07-23 03:45:07,603799,华友钴业,能源金属,4.05,781.66,"板块均值 5.53%, 个股涨幅 4.05%",,,否,,
2026-07-23 03:45:07,002716,湖南白银,贵金属,4.54,181.85,均线未呈多头排列,,,否,,
2026-07-23 03:45:07,600156,华升股份,纺织制造,4.02,28.11,流通市值不足 80 亿,,,否,,
2026-07-23 03:45:07,603132,金徽股份,工业金属,4.27,150.42,均线未呈多头排列,,,否,,
2026-07-23 03:45:07,002309,中利集团,电网设备,3.97,69.3,流通市值不足 80 亿,,,否,,
2026-07-23 03:45:07,600989,宝丰能源,化学原料,4.26,1813.54,均线未向上倾斜,,,否,,
2026-07-23 03:45:07,600338,西藏珠峰,工业金属,4.16,116.65,均线未呈多头排列,,,否,,
2026-07-23 03:45:07,002471,中超控股,电网设备,3.96,67.04,流通市值不足 80 亿,,,否,,
2026-07-23 03:45:07,002759,ST天际,电池,3.96,65.77,ST股,,,否,,
2026-07-23 03:45:07,002580,圣阳股份,电池,3.93,71.74,流通市值不足 80 亿,,,否,,
2026-07-23 03:45:07,603861,白云电器,电网设备,3.91,60.42,流通市值不足 80 亿,,,否,,
2026-07-23 03:45:07,600192,长城电工,电网设备,3.91,26.99,流通市值不足 80 亿,,,否,,
2026-07-23 03:45:07,600075,新疆天业,化学原料,3.9,77.36,流通市值不足 80 亿,,,否,,
2026-07-23 03:45:07,002899,英派斯,文娱用品,3.9,27.93,流通市值不足 80 亿,,,否,,
2026-07-23 03:45:07,603530,神马电力,电网设备,3.87,190.35,"板块均值 3.96%, 个股涨幅 3.87%",,,否,,
2026-07-23 03:45:07,603338,浙江鼎力,工程机械,4.75,286.09,周线未呈多头排列,,,否,,
2026-07-23 03:45:07,603659,璞泰来,电池,4.13,507.96,均线未呈多头排列,,,否,,
2026-07-23 03:45:07,002270,华明装备,电网设备,3.83,162.84,"板块均值 3.96%, 个股涨幅 3.83%",,,否,,
2026-07-23 03:45:07,002470,金正大,农化制品,3.8,62.76,流通市值不足 80 亿,,,否,,
2026-07-23 03:45:07,000720,新能泰山,电网设备,3.8,41.21,流通市值不足 80 亿,,,否,,
2026-07-23 03:45:07,605169,洪通燃气,燃气Ⅱ,3.78,27.18,流通市值不足 80 亿,,,否,,
2026-07-23 03:45:07,000990,诚志股份,化学原料,4.05,112.41,均线未呈多头排列,,,否,,
2026-07-23 03:45:07,601700,风范股份,电网设备,3.78,53.18,流通市值不足 80 亿,,,否,,
2026-07-23 03:45:07,603889,新澳股份,纺织制造,3.77,51.82,流通市值不足 80 亿,,,否,,
2026-07-23 03:45:07,600810,神马股份,化学纤维,3.76,68.63,流通市值不足 80 亿,,,否,,
2026-07-23 03:45:07,600282,南钢股份,特钢Ⅱ,4.03,302.09,均线未向上倾斜,,,否,,
2026-07-23 03:45:07,600784,鲁银投资,化学原料,3.75,46.76,流通市值不足 80 亿,,,否,,
2026-07-23 03:45:07,002394,联发股份,纺织制造,3.74,25.98,流通市值不足 80 亿,,,否,,
2026-07-23 03:45:07,603588,高能环境,环境治理,3.98,194.82,均线未呈多头排列,,,否,,
2026-07-23 03:45:07,002072,凯瑞德,贸易Ⅱ,3.72,24.62,流通市值不足 80 亿,,,否,,
2026-07-23 03:45:07,000822,山东海化,化学原料,3.72,37.41,流通市值不足 80 亿,,,否,,
2026-07-23 03:45:07,001393,维通利,电网设备,3.71,20.93,流通市值不足 80 亿,,,否,,
2026-07-23 03:45:07,600382,广东明珠,冶钢原料,3.69,40.97,流通市值不足 80 亿,,,否,,
2026-07-23 03:45:07,002533,金杯电工,电网设备,3.67,68.48,流通市值不足 80 亿,,,否,,
2026-07-23 03:45:07,600312,平高电气,电网设备,3.97,266.36,均线未向上倾斜,,,否,,
2026-07-23 03:45:07,603527,众源新材,工业金属,3.63,28.08,流通市值不足 80 亿,,,否,,
2026-07-23 03:45:07,002882,金龙羽,电网设备,3.63,42.25,流通市值不足 80 亿,,,否,,
2026-07-23 03:45:07,603995,甬金股份,特钢Ⅱ,3.63,71.63,流通市值不足 80 亿,,,否,,
2026-07-23 03:45:07,002160,常铝股份,工业金属,3.63,38.24,流通市值不足 80 亿,,,否,,
2026-07-23 03:45:07,002554,惠博普,油服工程,3.61,38.27,流通市值不足 80 亿,,,否,,
2026-07-23 03:45:07,600490,鹏欣资源,工业金属,3.96,130.92,均线未呈多头排列,,,否,,
2026-07-23 03:45:07,000923,河钢资源,冶钢原料,3.87,89.35,均线未呈多头排列,,,否,,
2026-07-23 03:45:07,600577,精达股份,电网设备,3.58,156.15,"板块均值 3.96%, 个股涨幅 3.58%",,,否,,
2026-07-23 03:45:07,000546,金圆股份,环境治理,3.54,28.5,流通市值不足 80 亿,,,否,,
2026-07-23 03:45:07,002805,丰元股份,电池,3.53,46.56,流通市值不足 80 亿,,,否,,
2026-07-23 03:45:07,600281,华阳新材,小金属,3.51,19.7,流通市值不足 80 亿,,,否,,
2026-07-23 03:45:07,002136,安 纳 达,化学原料,3.51,25.26,流通市值不足 80 亿,,,否,,
2026-07-23 03:45:07,603606,东方电缆,电网设备,3.5,324.15,"板块均值 3.96%, 个股涨幅 3.50%",,,否,,
2026-07-23 03:45:07,600301,华锡有色,小金属,3.86,115.53,均线未呈多头排列,,,否,,
2026-07-23 03:45:07,002452,长高电气,电网设备,3.49,56.86,流通市值不足 80 亿,,,否,,
2026-07-23 03:45:07,600507,方大特钢,特钢Ⅱ,3.78,101.55,均线未向上倾斜,,,否,,
2026-07-23 03:45:07,603829,洛凯股份,电网设备,3.47,24.96,流通市值不足 80 亿,,,否,,
2026-07-23 03:45:07,603315,福鞍股份,环境治理,3.45,35.56,流通市值不足 80 亿,,,否,,
2026-07-23 03:45:07,000912,泸天化,农化制品,3.45,56.45,流通市值不足 80 亿,,,否,,
2026-07-23 03:45:07,600686,金龙汽车,商用车,3.44,77.66,流通市值不足 80 亿,,,否,,
2026-07-23 03:45:07,001388,信通电子,电网设备,3.42,28.01,流通市值不足 80 亿,,,否,,
2026-07-23 03:45:07,601212,白银有色,工业金属,3.75,368.76,均线未呈多头排列,,,否,,
2026-07-23 03:45:07,600319,亚星化学,化学原料,3.36,20.28,流通市值不足 80 亿,,,否,,
2026-07-23 03:45:07,600331,宏达股份,农化制品,3.74,259.28,均线未呈多头排列,,,否,,
2026-07-23 03:45:07,603016,新宏泰,电网设备,3.34,39.83,流通市值不足 80 亿,,,否,,
2026-07-23 03:45:07,000612,焦作万方,工业金属,3.67,131.5,均线未向上倾斜,,,否,,
2026-07-23 03:45:07,601388,怡球资源,工业金属,3.33,68.24,流通市值不足 80 亿,,,否,,
2026-07-23 03:45:07,603993,洛阳钼业,工业金属,3.31,3537.57,"板块均值 3.46%, 个股涨幅 3.31%",,,否,,
2026-07-23 03:45:07,601899,紫金矿业,工业金属,3.6,6872.76,均线未向上倾斜,,,否,,
2026-07-23 03:45:07,000669,ST金鸿,燃气Ⅱ,3.31,23.34,ST股,,,否,,
2026-07-23 03:45:07,002340,格林美,电池,3.58,337.55,均线未呈多头排列,,,否,,
2026-07-23 03:45:07,600888,新疆众和,工业金属,3.25,142.88,"板块均值 3.46%, 个股涨幅 3.25%",,,否,,
2026-07-23 03:45:07,001280,中国铀业,小金属,3.5,111.62,均线未呈多头排列,,,否,,
2026-07-23 03:45:07,603585,苏利股份,农化制品,3.24,25.89,流通市值不足 80 亿,,,否,,
2026-07-23 03:45:07,002121,科陆电子,电网设备,3.24,67.48,流通市值不足 80 亿,,,否,,
2026-07-23 03:45:07,600489,中金黄金,贵金属,3.21,1106.16,"板块均值 3.25%, 个股涨幅 3.21%",,,否,,
2026-07-23 03:45:07,603070,万控智造,电网设备,3.19,42.87,流通市值不足 80 亿,,,否,,
2026-07-23 03:45:07,603906,龙蟠科技,电池,3.49,100.21,均线未呈多头排列,,,否,,
2026-07-23 03:45:07,002672,东江环保,环境治理,3.17,29.42,流通市值不足 80 亿,,,否,,
2026-07-23 03:45:07,600313,农发种业,种植业,3.15,60.28,流通市值不足 80 亿,,,否,,
2026-07-23 03:45:07,002648,卫星化学,化学原料,3.35,851.72,均线未呈多头排列,,,否,,
2026-07-23 03:45:07,603248,锡华科技,风电设备,3.12,12.53,流通市值不足 80 亿,,,否,,
2026-07-23 03:45:07,002685,华东重机,工程机械,3.11,50.08,流通市值不足 80 亿,,,否,,
2026-07-23 03:45:07,600973,宝胜股份,电网设备,3.09,77.76,流通市值不足 80 亿,,,否,,
2026-07-23 03:45:07,600617,国新能源,燃气Ⅱ,3.08,53.44,流通市值不足 80 亿,,,否,,
2026-07-23 03:45:07,603937,丽岛新材,工业金属,3.03,19.91,流通市值不足 80 亿,,,否,,
2026-07-23 03:45:07,603897,长城科技,电网设备,3.01,48.8,流通市值不足 80 亿,,,否,,
2026-07-23 03:45:07,600691,潞化科技,农化制品,2.99,57.25,流通市值不足 80 亿,,,否,,
2026-07-23 03:45:07,000751,锌业股份,工业金属,2.99,63.16,流通市值不足 80 亿,,,否,,
2026-07-23 03:45:07,600796,钱江生化,环境治理,2.99,15.01,流通市值不足 80 亿,,,否,,
2026-07-23 03:45:07,600714,金瑞矿业,化学原料,2.99,39.77,流通市值不足 80 亿,,,否,,
2026-07-23 03:45:07,000630,铜陵有色,工业金属,2.95,699.78,"板块均值 3.46%, 个股涨幅 2.95%",,,否,,
2026-07-23 03:45:07,002318,久立特材,特钢Ⅱ,3.34,186.13,均线未呈多头排列,,,否,,
2026-07-23 03:45:07,002850,科达利,电池,3.31,381.65,均线未呈多头排列,,,否,,
2026-07-23 03:45:07,603507,振江股份,风电设备,2.92,50.83,流通市值不足 80 亿,,,否,,
2026-07-23 03:45:07,603312,西典新能,电网设备,2.91,15.68,流通市值不足 80 亿,,,否,,
2026-07-23 03:45:07,002927,泰永长征,电网设备,2.89,30.68,流通市值不足 80 亿,,,否,,
2026-07-23 03:45:07,002531,天顺风能,风电设备,3.3,111.85,均线未呈多头排列,,,否,,
2026-07-23 03:45:07,600478,科力远,电池,3.25,80.8,均线未呈多头排列,,,否,,
2026-07-23 03:45:07,002911,佛燃能源,燃气Ⅱ,3.17,140.01,均线未向上倾斜,,,否,,
2026-07-23 03:45:07,000682,东方电子,电网设备,2.86,159.13,"板块均值 3.96%, 个股涨幅 2.86%",,,否,,
2026-07-23 03:45:07,002350,北京科锐,电网设备,2.85,74.7,流通市值不足 80 亿,,,否,,
2026-07-23 03:45:07,002540,亚太科技,工业金属,2.84,40.42,流通市值不足 80 亿,,,否,,
2026-07-23 03:45:07,002623,亚玛顿,光伏设备,2.83,26.58,流通市值不足 80 亿,,,否,,
2026-07-23 03:45:07,002114,罗平锌电,工业金属,2.82,20.05,流通市值不足 80 亿,,,否,,
2026-07-23 03:45:07,002202,金风科技,风电设备,3.14,607.45,均线未呈多头排列,,,否,,
2026-07-23 03:45:07,600067,冠城新材,电网设备,2.81,35.63,流通市值不足 80 亿,,,否,,
2026-07-23 03:45:07,600988,赤峰黄金,贵金属,3.4,657.58,周线未呈多头排列,,,否,,
2026-07-23 03:45:07,000893,亚钾国际,农化制品,2.95,404.93,均线未向上倾斜,,,否,,
2026-07-23 03:45:07,000068,华控赛格,环境治理,2.78,26.07,流通市值不足 80 亿,,,否,,
2026-07-23 03:45:07,000159,国际实业,光伏设备,2.77,24.99,流通市值不足 80 亿,,,否,,
2026-07-23 03:45:07,000949,新乡化纤,化学纤维,2.94,98.56,均线未呈多头排列,,,否,,
2026-07-23 03:45:07,000506,招金黄金,贵金属,2.76,124.26,"板块均值 3.25%, 个股涨幅 2.76%",,,否,,
2026-07-23 03:45:07,600610,中毅达,化学原料,2.75,47.7,流通市值不足 80 亿,,,否,,
2026-07-23 03:45:07,002276,万马股份,电网设备,2.75,97.69,"板块均值 3.96%, 个股涨幅 2.75%",,,否,,
2026-07-23 03:45:07,000635,英 力 特,化学原料,2.75,21.9,流通市值不足 80 亿,,,否,,
2026-07-23 03:45:07,603200,上海洗霸,环境治理,2.73,58.03,流通市值不足 80 亿,,,否,,
2026-07-23 03:45:07,600259,中稀有色,小金属,2.88,248.63,均线未呈多头排列,,,否,,
2026-07-23 03:45:07,600152,维科技术,电池,2.7,38.2,流通市值不足 80 亿,,,否,,
2026-07-23 03:45:07,000821,ST京机,光伏设备,2.7,41.42,ST股,,,否,,
2026-07-23 03:45:07,002259,升达林业,燃气Ⅱ,2.69,25.88,流通市值不足 80 亿,,,否,,
2026-07-23 03:45:07,002758,浙农股份,农化制品,2.68,39.75,流通市值不足 80 亿,,,否,,
2026-07-23 03:45:07,603097,江苏华辰,电网设备,2.67,33.72,流通市值不足 80 亿,,,否,,
2026-07-23 03:45:07,000407,胜利股份,燃气Ⅱ,2.66,33.8,流通市值不足 80 亿,,,否,,
2026-07-23 03:45:07,600481,双良节能,光伏设备,2.65,79.88,流通市值不足 80 亿,,,否,,
2026-07-23 03:45:07,601216,君正集团,化学原料,2.63,395.74,"板块均值 2.74%, 个股涨幅 2.63%",,,否,,
2026-07-23 03:45:07,000528,柳    工,工程机械,2.86,175.58,均线未向上倾斜,,,否,,
2026-07-23 03:45:07,600399,抚顺特钢,特钢Ⅱ,2.61,77.5,流通市值不足 80 亿,,,否,,
2026-07-23 03:45:07,002778,中晟高科,环境治理,2.6,17.02,流通市值不足 80 亿,,,否,,
2026-07-23 03:45:07,000151,中成股份,贸易Ⅱ,2.59,28.05,流通市值不足 80 亿,,,否,,
2026-07-23 03:45:07,601065,江盐集团,化学原料,2.59,43.26,流通市值不足 80 亿,,,否,,
2026-07-23 03:45:07,000708,中信特钢,特钢Ⅱ,2.58,721.24,"板块均值 2.63%, 个股涨幅 2.58%",,,否,,
2026-07-23 03:45:07,601100,恒立液压,工程机械,2.86,1435.48,均线未呈多头排列,,,否,,
2026-07-23 03:45:07,603979,金诚信,工业金属,2.56,466.72,"板块均值 3.46%, 个股涨幅 2.56%",,,否,,
2026-07-23 03:45:07,600141,兴发集团,农化制品,2.81,356.2,均线未呈多头排列,,,否,,
2026-07-23 03:45:07,601020,华钰矿业,工业金属,2.54,155.38,"板块均值 3.46%, 个股涨幅 2.54%",,,否,,
2026-07-23 03:45:07,600583,海油工程,油服工程,2.54,250.25,"板块均值 4.99%, 个股涨幅 2.54%",,,否,,
2026-07-23 03:45:07,600540,新赛股份,种植业,2.52,18.89,流通市值不足 80 亿,,,否,,
2026-07-23 03:45:07,002700,万憬能源,燃气Ⅱ,2.51,21.74,流通市值不足 80 亿,,,否,,
2026-07-23 03:45:07,600063,皖维高新,化学纤维,2.8,114.01,均线未呈多头排列,,,否,,
2026-07-23 03:45:07,600615,鑫源智造,工业金属,2.5,18.47,流通市值不足 80 亿,,,否,,
2026-07-23 03:45:07,600133,东湖高新,环境治理,2.49,79.11,流通市值不足 80 亿,,,否,,
2026-07-23 03:45:07,000655,金岭矿业,冶钢原料,2.49,39.23,流通市值不足 80 亿,,,否,,
2026-07-23 03:45:07,600010,包钢股份,普钢,2.78,695.26,均线未呈多头排列,,,否,,
2026-07-23 03:45:07,002034,旺能环境,环境治理,2.49,72.14,流通市值不足 80 亿,,,否,,
2026-07-23 03:45:07,603271,永杰新材,工业金属,2.49,41.22,流通市值不足 80 亿,,,否,,
2026-07-23 03:45:07,605066,天正电气,电网设备,2.49,31.05,流通市值不足 80 亿,,,否,,
2026-07-23 03:45:07,002501,*ST利源,工业金属,2.48,43.98,ST股,,,否,,
2026-07-23 03:45:07,600231,凌钢股份,普钢,2.47,47.08,流通市值不足 80 亿,,,否,,
2026-07-23 03:45:07,600618,氯碱化工,化学原料,2.47,77.91,流通市值不足 80 亿,,,否,,
2026-07-23 03:45:07,002998,优彩资源,化学纤维,2.47,19.1,流通市值不足 80 亿,,,否,,
2026-07-23 03:45:07,000830,鲁西化工,化学原料,2.77,247.16,均线未呈多头排列,,,否,,
2026-07-23 03:45:07,600423,*ST柳化,化学原料,2.46,19.97,ST股,,,否,,
2026-07-23 03:45:07,000975,山金国际,贵金属,2.44,582.11,"板块均值 3.25%, 个股涨幅 2.44%",,,否,,
2026-07-23 03:45:07,002629,仁智股份,油服工程,2.44,15.18,流通市值不足 80 亿,,,否,,
2026-07-23 03:45:07,002109,ST兴化,化学原料,2.44,32.16,ST股,,,否,,
2026-07-23 03:45:07,600110,诺德股份,电池,2.71,157.73,均线未呈多头排列,,,否,,
2026-07-23 03:45:07,002865,钧达股份,光伏设备,2.57,95.45,均线未呈多头排列,,,否,,
2026-07-23 03:45:07,000878,云南铜业,工业金属,2.43,321.18,"板块均值 3.46%, 个股涨幅 2.43%",,,否,,
2026-07-23 03:45:07,601113,华鼎股份,化学纤维,2.43,37.21,流通市值不足 80 亿,,,否,,
2026-07-23 03:45:07,600072,中船科技,风电设备,2.55,91.43,均线未呈多头排列,,,否,,
2026-07-23 03:45:07,000960,锡业股份,小金属,2.51,538.06,均线未呈多头排列,,,否,,
2026-07-23 03:45:07,002734,利民股份,农化制品,2.41,57.2,流通市值不足 80 亿,,,否,,
2026-07-23 03:45:07,600375,汉马科技,商用车,2.41,56.02,流通市值不足 80 亿,,,否,,
2026-07-23 03:45:07,600955,维远股份,化学原料,2.4,65.61,流通市值不足 80 亿,,,否,,
2026-07-23 03:45:07,600967,内蒙一机,地面兵装Ⅱ,2.49,181.92,均线未呈多头排列,,,否,,
2026-07-23 03:45:07,003027,同兴科技,环境治理,2.38,15.32,流通市值不足 80 亿,,,否,,
2026-07-23 03:45:07,001283,豪鹏科技,电池,2.38,42.3,流通市值不足 80 亿,,,否,,
2026-07-23 03:45:07,603778,国晟科技,光伏设备,2.37,55.61,流通市值不足 80 亿,,,否,,
2026-07-23 03:45:07,002210,飞马国际,环境治理,2.36,57.62,流通市值不足 80 亿,,,否,,
2026-07-23 03:45:07,002733,雄韬股份,电池,2.35,67.5,流通市值不足 80 亿,,,否,,
2026-07-23 03:45:07,000737,北方铜业,工业金属,2.34,258.26,"板块均值 3.46%, 个股涨幅 2.34%",,,否,,
2026-07-23 03:45:07,000951,中国重汽,商用车,2.46,263.02,均线未向上倾斜,,,否,,
2026-07-23 03:45:07,000962,东方钽业,小金属,2.44,258.23,均线未呈多头排列,,,否,,
2026-07-23 03:45:07,000629,钒钛股份,冶钢原料,2.31,288.0,"板块均值 2.66%, 个股涨幅 2.31%",,,否,,
2026-07-23 03:45:07,002513,蓝丰生化,农化制品,2.31,12.8,流通市值不足 80 亿,,,否,,
2026-07-23 03:45:07,000701,厦门信达,贸易Ⅱ,2.3,29.65,流通市值不足 80 亿,,,否,,
2026-07-23 03:45:07,601969,海南矿业,冶钢原料,2.3,175.55,"板块均值 2.66%, 个股涨幅 2.30%",,,否,,
2026-07-23 03:45:07,600596,新安股份,农化制品,2.43,136.44,均线未呈多头排列,,,否,,
2026-07-23 03:45:07,600497,驰宏锌锗,工业金属,2.29,472.79,"板块均值 3.46%, 个股涨幅 2.29%",,,否,,
2026-07-23 03:45:07,000758,中色股份,工业金属,2.28,115.4,"板块均值 3.46%, 个股涨幅 2.28%",,,否,,
2026-07-23 03:45:07,002772,众兴菌业,种植业,2.25,35.49,流通市值不足 80 亿,,,否,,
2026-07-23 03:45:07,603360,百傲化学,农化制品,2.17,86.58,"板块均值 2.21%, 个股涨幅 2.17%",,,否,,
2026-07-23 03:45:07,603628,清源股份,光伏设备,2.17,24.31,流通市值不足 80 亿,,,否,,
2026-07-23 03:45:07,002496,辉丰股份,农化制品,2.16,22.33,流通市值不足 80 亿,,,否,,
2026-07-23 03:45:07,002996,顺博合金,工业金属,2.16,28.24,流通市值不足 80 亿,,,否,,
2026-07-23 03:45:07,002064,华峰化学,化学纤维,2.63,561.06,周线未呈多头排列,,,否,,
2026-07-23 03:45:07,002441,众业达,电网设备,2.15,30.33,流通市值不足 80 亿,,,否,,
2026-07-23 03:45:07,000709,河钢股份,普钢,2.43,218.08,均线未向上倾斜,,,否,,
2026-07-23 03:45:07,001217,华尔泰,化学原料,2.14,28.19,流通市值不足 80 亿,,,否,,
2026-07-23 03:45:07,603113,金能科技,化学原料,2.13,36.65,流通市值不足 80 亿,,,否,,
2026-07-23 03:45:07,000757,浩物股份,汽车服务,2.13,17.85,流通市值不足 80 亿,,,否,,
2026-07-23 03:45:07,600761,安徽合力,工程机械,2.42,154.45,均线未向上倾斜,,,否,,
2026-07-23 03:45:07,600096,云天化,农化制品,2.09,550.91,"板块均值 2.21%, 个股涨幅 2.09%",,,否,,
2026-07-23 03:45:07,603817,海峡环保,环境治理,2.07,30.9,流通市值不足 80 亿,,,否,,
2026-07-23 03:45:07,000932,华菱钢铁,普钢,2.39,264.51,均线未向上倾斜,,,否,,
2026-07-23 03:45:07,600108,亚盛集团,种植业,2.07,57.63,流通市值不足 80 亿,,,否,,
2026-07-23 03:45:07,002978,安宁股份,小金属,2.34,98.63,均线未向上倾斜,,,否,,
2026-07-23 03:45:07,002169,智光电气,电网设备,2.06,82.62,"板块均值 3.96%, 个股涨幅 2.06%",,,否,,
2026-07-23 03:45:07,000425,徐工机械,工程机械,2.05,806.45,"板块均值 2.22%, 个股涨幅 2.05%",,,否,,
2026-07-23 03:45:07,600207,安彩高科,光伏设备,2.05,43.46,流通市值不足 80 亿,,,否,,
2026-07-23 03:45:07,000157,中联重科,工程机械,2.05,528.1,"板块均值 2.22%, 个股涨幅 2.05%",,,否,,
2026-07-23 03:45:07,600111,北方稀土,小金属,2.33,1447.11,均线未呈多头排列,,,否,,
2026-07-23 03:45:07,002427,尤夫股份,化学纤维,2.04,39.38,流通市值不足 80 亿,,,否,,
2026-07-23 03:45:07,600333,长春燃气,燃气Ⅱ,2.04,33.5,流通市值不足 80 亿,,,否,,
2026-07-23 03:45:07,002678,珠江钢琴,文娱用品,2.04,54.3,流通市值不足 80 亿,,,否,,
2026-07-23 03:45:07,605376,博迁新材,能源金属,2.03,387.09,"板块均值 5.53%, 个股涨幅 2.03%",,,否,,
2026-07-23 03:45:07,002150,正泰电源,光伏设备,2.02,79.48,流通市值不足 80 亿,,,否,,
2026-07-23 03:45:07,003022,联泓新科,光伏设备,2.3,249.54,均线未呈多头排列,,,否,,
2026-07-23 03:45:07,600438,通威股份,光伏设备,2.16,510.08,均线未呈多头排列,,,否,,
2026-07-23 03:45:07,603396,金辰股份,光伏设备,2.01,30.97,流通市值不足 80 亿,,,否,,
2026-07-23 03:45:07,000519,中兵红箭,地面兵装Ⅱ,2.01,190.92,"板块均值 2.36%, 个股涨幅 2.01%",,,否,,
2026-07-23 03:45:07,003017,大洋生物,化学原料,2.01,16.45,流通市值不足 80 亿,,,否,,
2026-07-23 03:45:07,002110,三钢闽光,普钢,2.01,73.84,流通市值不足 80 亿,,,否,,
2026-07-23 03:45:07,600885,宏发股份,电网设备,1.98,526.03,"板块均值 3.96%, 个股涨幅 1.98%",,,否,,
2026-07-23 03:45:07,002182,宝武镁业,小金属,2.09,97.37,均线未呈多头排列,,,否,,
2026-07-23 03:45:07,600361,创新新材,工业金属,1.97,135.5,"板块均值 3.46%, 个股涨幅 1.97%",,,否,,
2026-07-23 03:45:07,601126,四方股份,电网设备,1.96,359.98,"板块均值 3.96%, 个股涨幅 1.96%",,,否,,
2026-07-23 03:45:07,002155,湖南黄金,贵金属,1.96,366.57,"板块均值 3.25%, 个股涨幅 1.96%",,,否,,
2026-07-23 03:45:07,603395,红四方,农化制品,1.95,14.61,流通市值不足 80 亿,,,否,,
2026-07-23 03:45:07,002506,协鑫集成,光伏设备,2.07,143.77,均线未呈多头排列,,,否,,
2026-07-23 03:45:07,600653,申华控股,汽车服务,1.92,30.95,流通市值不足 80 亿,,,否,,
2026-07-23 03:45:07,601877,正泰电器,电网设备,1.91,538.32,"板块均值 3.96%, 个股涨幅 1.91%",,,否,,
2026-07-23 03:45:07,601677,明泰铝业,工业金属,1.91,205.76,"板块均值 3.46%, 个股涨幅 1.91%",,,否,,
2026-07-23 03:45:07,600768,宁波富邦,工业金属,1.91,17.09,流通市值不足 80 亿,,,否,,
2026-07-23 03:45:07,002058,威尔泰,电池,1.89,21.57,流通市值不足 80 亿,,,否,,
2026-07-23 03:45:07,002519,银河电子,地面兵装Ⅱ,1.87,54.87,流通市值不足 80 亿,,,否,,
2026-07-23 03:45:07,002588,史丹利,农化制品,1.87,74.7,流通市值不足 80 亿,,,否,,
2026-07-23 03:45:07,601958,金钼股份,小金属,1.87,704.37,"板块均值 2.06%, 个股涨幅 1.87%",,,否,,
2026-07-23 03:45:07,600710,苏美达,贸易Ⅱ,1.87,142.04,"板块均值 2.35%, 个股涨幅 1.87%",,,否,,
2026-07-23 03:45:07,000898,鞍钢股份,普钢,2.02,160.74,均线未向上倾斜,,,否,,
2026-07-23 03:45:07,000717,中南股份,普钢,1.86,53.08,流通市值不足 80 亿,,,否,,
2026-07-23 03:45:07,603686,福龙马,环境治理,1.85,50.31,流通市值不足 80 亿,,,否,,
2026-07-23 03:45:07,002145,钛能化学,化学原料,1.85,167.48,"板块均值 2.74%, 个股涨幅 1.85%",,,否,,
2026-07-23 03:45:07,601003,柳钢股份,普钢,2.02,90.72,均线未呈多头排列,,,否,,
2026-07-23 03:45:07,601330,绿色动力,环境治理,1.84,71.21,流通市值不足 80 亿,,,否,,
2026-07-23 03:45:07,600117,西宁特钢,特钢Ⅱ,1.83,72.26,流通市值不足 80 亿,,,否,,
2026-07-23 03:45:07,600961,株冶集团,工业金属,1.83,179.76,"板块均值 3.46%, 个股涨幅 1.83%",,,否,,
2026-07-23 03:45:07,002538,ST司特,农化制品,1.82,52.37,ST股,,,否,,
2026-07-23 03:45:07,000049,德赛电池,电池,1.81,92.9,"板块均值 2.57%, 个股涨幅 1.81%",,,否,,
2026-07-23 03:45:07,600392,盛和资源,小金属,1.81,375.1,"板块均值 2.06%, 个股涨幅 1.81%",,,否,,
2026-07-23 03:45:07,600435,北方导航,地面兵装Ⅱ,1.81,153.5,"板块均值 2.36%, 个股涨幅 1.81%",,,否,,
2026-07-23 03:45:07,000868,安凯客车,商用车,1.8,31.85,流通市值不足 80 亿,,,否,,
2026-07-23 03:45:07,600871,石化油服,油服工程,1.78,310.23,"板块均值 4.99%, 个股涨幅 1.78%",,,否,,
2026-07-23 03:45:07,600569,安阳钢铁,普钢,1.78,49.41,流通市值不足 80 亿,,,否,,
2026-07-23 03:45:07,002097,山河智能,工程机械,1.77,73.9,流通市值不足 80 亿,,,否,,
2026-07-23 03:45:07,601609,金田股份,工业金属,1.77,169.23,"板块均值 3.46%, 个股涨幅 1.77%",,,否,,
2026-07-23 03:45:07,600339,中油工程,油服工程,1.76,193.18,"板块均值 4.99%, 个股涨幅 1.76%",,,否,,
2026-07-23 03:45:07,600808,马钢股份,普钢,1.98,153.97,均线未向上倾斜,,,否,,
2026-07-23 03:45:07,000060,中金岭南,工业金属,1.75,283.34,"板块均值 3.46%, 个股涨幅 1.75%",,,否,,
2026-07-23 03:45:07,002075,沙钢股份,特钢Ⅱ,1.74,77.0,流通市值不足 80 亿,,,否,,
2026-07-23 03:45:07,002312,川发龙蟒,农化制品,1.73,155.23,"板块均值 2.21%, 个股涨幅 1.73%",,,否,,
2026-07-23 03:45:07,600303,曙光股份,商用车,1.72,15.99,流通市值不足 80 亿,,,否,,
2026-07-23 03:45:07,600531,豫光金铅,工业金属,1.72,143.42,"板块均值 3.46%, 个股涨幅 1.72%",,,否,,
2026-07-23 03:45:07,002857,三晖电气,电网设备,1.71,18.31,流通市值不足 80 亿,,,否,,
2026-07-23 03:45:07,600058,五矿发展,贸易Ⅱ,1.7,89.61,"板块均值 2.35%, 个股涨幅 1.70%",,,否,,
2026-07-23 03:45:07,605166,聚合顺,化学纤维,1.7,24.45,流通市值不足 80 亿,,,否,,
2026-07-23 03:45:07,601808,中海油服,油服工程,1.7,372.72,"板块均值 4.99%, 个股涨幅 1.70%",,,否,,
2026-07-23 03:45:07,600803,新奥股份,燃气Ⅱ,1.7,533.87,"板块均值 2.18%, 个股涨幅 1.70%",,,否,,
2026-07-23 03:45:07,000955,欣龙控股,纺织制造,1.69,19.43,流通市值不足 80 亿,,,否,,
2026-07-23 03:45:07,601311,骆驼股份,电池,1.69,91.97,"板块均值 2.57%, 个股涨幅 1.69%",,,否,,
2026-07-23 03:45:07,002988,豪美新材,工业金属,1.69,48.21,流通市值不足 80 亿,,,否,,
2026-07-23 03:45:07,002706,良信股份,电网设备,1.69,82.48,"板块均值 3.96%, 个股涨幅 1.69%",,,否,,
2026-07-23 03:45:07,002041,登海种业,种植业,1.67,75.06,流通市值不足 80 亿,,,否,,
2026-07-23 03:45:07,002090,金智科技,电网设备,1.67,33.93,流通市值不足 80 亿,,,否,,
2026-07-23 03:45:07,000959,首钢股份,普钢,2.14,284.65,周线未呈多头排列,,,否,,
2026-07-23 03:45:07,600386,北巴传媒,汽车服务,1.66,24.76,流通市值不足 80 亿,,,否,,
2026-07-23 03:45:07,001299,美能能源,燃气Ⅱ,1.65,26.11,流通市值不足 80 亿,,,否,,
2026-07-23 03:45:07,600406,国电南瑞,电网设备,1.64,1933.17,"板块均值 3.96%, 个股涨幅 1.64%",,,否,,
2026-07-23 03:45:07,000525,红太阳,农化制品,1.64,48.14,流通市值不足 80 亿,,,否,,
2026-07-23 03:45:07,601222,林洋能源,电网设备,1.64,114.1,"板块均值 3.96%, 个股涨幅 1.64%",,,否,,
2026-07-23 03:45:07,603299,苏盐井神,化学原料,1.63,73.06,流通市值不足 80 亿,,,否,,
2026-07-23 03:45:07,603393,新天然气,燃气Ⅱ,1.62,108.78,"板块均值 2.18%, 个股涨幅 1.62%",,,否,,
2026-07-23 03:45:07,002487,大金重工,风电设备,1.62,237.98,"板块均值 1.80%, 个股涨幅 1.62%",,,否,,
2026-07-23 03:45:07,002170,芭田股份,农化制品,1.62,88.68,"板块均值 2.21%, 个股涨幅 1.62%",,,否,,
2026-07-23 03:45:07,002391,长青股份,农化制品,1.61,23.44,流通市值不足 80 亿,,,否,,
2026-07-23 03:45:07,002295,精艺股份,工业金属,1.61,18.93,流通市值不足 80 亿,,,否,,
2026-07-23 03:45:07,600371,万向德农,种植业,1.6,18.55,流通市值不足 80 亿,,,否,,
2026-07-23 03:45:07,600623,华谊集团,化学原料,1.6,155.15,"板块均值 2.74%, 个股涨幅 1.60%",,,否,,
2026-07-23 03:45:07,003039,顺控发展,环境治理,1.58,71.32,流通市值不足 80 亿,,,否,,
2026-07-23 03:45:07,605080,浙江自然,文娱用品,1.58,27.89,流通市值不足 80 亿,,,否,,
2026-07-23 03:45:07,603055,台华新材,纺织制造,1.58,74.07,流通市值不足 80 亿,,,否,,
2026-07-23 03:45:07,603381,永臻股份,光伏设备,1.57,19.36,流通市值不足 80 亿,,,否,,
2026-07-23 03:45:07,603810,丰山集团,农化制品,1.57,17.11,流通市值不足 80 亿,,,否,,
2026-07-23 03:45:07,002942,新农股份,农化制品,1.56,18.94,流通市值不足 80 亿,,,否,,
2026-07-23 03:45:07,600426,华鲁恒升,农化制品,1.54,596.38,"板块均值 2.21%, 个股涨幅 1.54%",,,否,,
2026-07-23 03:45:07,002378,章源钨业,小金属,1.54,275.48,"板块均值 2.06%, 个股涨幅 1.54%",,,否,,
2026-07-23 03:45:07,600006,东风股份,商用车,1.53,106.2,"板块均值 2.15%, 个股涨幅 1.53%",,,否,,
2026-07-23 03:45:07,603599,广信股份,农化制品,1.52,97.03,"板块均值 2.21%, 个股涨幅 1.52%",,,否,,
2026-07-23 03:45:07,605305,中际联合,工程机械,1.52,83.95,"板块均值 2.22%, 个股涨幅 1.52%",,,否,,
2026-07-23 03:45:07,000782,恒申新材,化学纤维,1.51,32.01,流通市值不足 80 亿,,,否,,
2026-07-23 03:45:07,600278,东方创业,贸易Ⅱ,1.51,52.23,流通市值不足 80 亿,,,否,,
2026-07-23 03:45:07,603611,诺力股份,工程机械,1.51,41.68,流通市值不足 80 亿,,,否,,
2026-07-23 03:45:07,601952,苏垦农发,种植业,1.5,111.62,"板块均值 1.80%, 个股涨幅 1.50%",,,否,,
2026-07-23 03:45:07,002149,西部材料,小金属,1.49,159.08,"板块均值 2.06%, 个股涨幅 1.49%",,,否,,
2026-07-23 03:45:07,000422,湖北宜化,农化制品,1.49,136.68,"板块均值 2.21%, 个股涨幅 1.49%",,,否,,
2026-07-23 03:45:07,600681,百川能源,燃气Ⅱ,1.49,45.69,流通市值不足 80 亿,,,否,,
2026-07-23 03:45:07,002274,华昌化工,化学原料,1.49,51.11,流通市值不足 80 亿,,,否,,
2026-07-23 03:45:07,000009,中国宝安,电池,1.48,159.46,"板块均值 2.57%, 个股涨幅 1.48%",,,否,,
2026-07-23 03:45:07,600241,时代万恒,电池,1.48,18.22,流通市值不足 80 亿,,,否,,
2026-07-23 03:45:07,003038,鑫铂股份,工业金属,1.47,15.84,流通市值不足 80 亿,,,否,,
2026-07-23 03:45:07,605378,野马电池,电池,1.47,32.41,流通市值不足 80 亿,,,否,,
2026-07-23 03:45:07,603032,德新科技,电池,1.44,39.24,流通市值不足 80 亿,,,否,,
2026-07-23 03:45:07,600782,新钢股份,普钢,1.43,89.02,"板块均值 1.74%, 个股涨幅 1.43%",,,否,,
2026-07-23 03:45:07,603382,海阳科技,化学纤维,1.43,18.79,流通市值不足 80 亿,,,否,,
2026-07-23 03:45:07,001312,福恩股份,纺织制造,1.42,9.79,流通市值不足 80 亿,,,否,,
2026-07-23 03:45:07,603332,苏州龙杰,化学纤维,1.42,21.61,流通市值不足 80 亿,,,否,,
2026-07-23 03:45:07,600547,山东黄金,贵金属,1.42,1004.45,"板块均值 3.25%, 个股涨幅 1.42%",,,否,,
2026-07-23 03:45:07,600307,酒钢宏兴,普钢,1.41,90.19,"板块均值 1.74%, 个股涨幅 1.41%",,,否,,
2026-07-23 03:45:07,600746,江苏索普,化学原料,1.4,76.38,流通市值不足 80 亿,,,否,,
2026-07-23 03:45:07,603194,中力股份,工程机械,1.4,52.8,流通市值不足 80 亿,,,否,,
2026-07-23 03:45:07,000809,和展能源,风电设备,1.4,23.84,流通市值不足 80 亿,,,否,,
2026-07-23 03:45:07,603053,成都燃气,燃气Ⅱ,1.39,78.04,流通市值不足 80 亿,,,否,,
2026-07-23 03:45:07,603218,XD日月股,风电设备,1.39,97.75,"板块均值 1.80%, 个股涨幅 1.39%",,,否,,
2026-07-23 03:45:07,603086,先达股份,农化制品,1.38,22.35,流通市值不足 80 亿,,,否,,
2026-07-23 03:45:07,603092,德力佳,风电设备,1.38,16.27,流通市值不足 80 亿,,,否,,
2026-07-23 03:45:07,600981,苏豪汇鸿,贸易Ⅱ,1.38,49.56,流通市值不足 80 亿,,,否,,
2026-07-23 03:45:07,600935,华塑股份,化学原料,1.36,78.57,流通市值不足 80 亿,,,否,,
2026-07-23 03:45:07,603689,皖天然气,燃气Ⅱ,1.36,39.1,流通市值不足 80 亿,,,否,,
2026-07-23 03:45:07,002999,天禾股份,农化制品,1.35,18.07,流通市值不足 80 亿,,,否,,
2026-07-23 03:45:07,002895,川恒股份,农化制品,1.34,203.37,"板块均值 2.21%, 个股涨幅 1.34%",,,否,,
2026-07-23 03:45:07,002601,龙佰集团,化学原料,1.33,332.72,"板块均值 2.74%, 个股涨幅 1.33%",,,否,,
2026-07-23 03:45:07,000576,甘化科工,地面兵装Ⅱ,1.3,27.11,流通市值不足 80 亿,,,否,,
2026-07-23 03:45:07,603080,新疆火炬,燃气Ⅱ,1.3,25.37,流通市值不足 80 亿,,,否,,
2026-07-23 03:45:07,002237,恒邦股份,贵金属,1.3,158.46,"板块均值 3.25%, 个股涨幅 1.30%",,,否,,
2026-07-23 03:45:07,600448,华纺股份,纺织制造,1.28,14.99,流通市值不足 80 亿,,,否,,
2026-07-23 03:45:07,600883,博闻科技,种植业,1.27,15.09,流通市值不足 80 亿,,,否,,
2026-07-23 03:45:07,600359,新农开发,种植业,1.27,21.25,流通市值不足 80 亿,,,否,,
2026-07-23 03:45:07,000545,金浦钛业,化学原料,1.26,23.75,流通市值不足 80 亿,,,否,,
2026-07-23 03:45:07,002386,天原股份,化学原料,1.26,73.14,流通市值不足 80 亿,,,否,,
2026-07-23 03:45:07,002125,湘潭电化,电池,1.25,76.24,流通市值不足 80 亿,,,否,,
2026-07-23 03:45:07,601139,深圳燃气,燃气Ⅱ,1.25,186.7,"板块均值 2.18%, 个股涨幅 1.25%",,,否,,
2026-07-23 03:45:07,002203,海亮股份,工业金属,1.25,411.68,"板块均值 3.46%, 个股涨幅 1.25%",,,否,,
2026-07-23 03:45:07,600869,远东股份,电网设备,1.25,342.67,"板块均值 3.96%, 个股涨幅 1.25%",,,否,,
2026-07-23 03:45:07,605033,美邦股份,农化制品,1.24,22.05,流通市值不足 80 亿,,,否,,
2026-07-23 03:45:07,600987,航民股份,纺织制造,1.24,66.66,流通市值不足 80 亿,,,否,,
2026-07-23 03:45:07,600335,国机汽车,汽车服务,1.22,73.93,流通市值不足 80 亿,,,否,,
2026-07-23 03:45:07,600184,光电股份,地面兵装Ⅱ,1.2,97.96,"板块均值 2.36%, 个股涨幅 1.20%",,,否,,
2026-07-23 03:45:07,603706,东方环宇,燃气Ⅱ,1.2,35.07,流通市值不足 80 亿,,,否,,
2026-07-23 03:45:07,605368,蓝天燃气,燃气Ⅱ,1.2,48.24,流通市值不足 80 亿,,,否,,
2026-07-23 03:45:07,000707,双环科技,化学原料,1.2,23.24,流通市值不足 80 亿,,,否,,
2026-07-23 03:45:07,601686,友发集团,普钢,1.18,76.19,流通市值不足 80 亿,,,否,,
2026-07-23 03:45:07,000695,滨海能源,电池,1.17,28.79,流通市值不足 80 亿,,,否,,
2026-07-23 03:45:07,002206,海 利 得,化学纤维,1.17,54.86,流通市值不足 80 亿,,,否,,
2026-07-23 03:45:07,000510,新金路,化学原料,1.16,94.87,"板块均值 2.74%, 个股涨幅 1.16%",,,否,,
2026-07-23 03:45:07,001239,永达股份,工程机械,1.16,12.9,流通市值不足 80 亿,,,否,,
2026-07-23 03:45:07,603298,杭叉集团,工程机械,1.15,355.88,"板块均值 2.22%, 个股涨幅 1.15%",,,否,,
2026-07-23 03:45:07,001300,三柏硕,文娱用品,1.15,23.62,流通市值不足 80 亿,,,否,,
2026-07-23 03:45:07,603177,德创环保,环境治理,1.14,16.25,流通市值不足 80 亿,,,否,,
2026-07-23 03:45:07,603063,禾望电气,风电设备,1.12,138.16,"板块均值 1.80%, 个股涨幅 1.12%",,,否,,
2026-07-23 03:45:07,600367,红星发展,化学原料,1.12,98.43,"板块均值 2.74%, 个股涨幅 1.12%",,,否,,
2026-07-23 03:45:07,000825,太钢不锈,特钢Ⅱ,1.12,205.06,"板块均值 2.63%, 个股涨幅 1.12%",,,否,,
2026-07-23 03:45:07,002749,国光股份,农化制品,1.11,44.58,流通市值不足 80 亿,,,否,,
2026-07-23 03:45:07,601568,北元化工,化学原料,1.11,144.19,"板块均值 2.74%, 个股涨幅 1.11%",,,否,,
2026-07-23 03:45:07,600128,苏豪弘业,贸易Ⅱ,1.11,17.96,流通市值不足 80 亿,,,否,,
2026-07-23 03:45:07,002267,陕天然气,燃气Ⅱ,1.11,80.74,"板块均值 2.18%, 个股涨幅 1.11%",,,否,,
2026-07-23 03:45:07,600461,洪城环境,环境治理,1.09,118.91,"板块均值 1.57%, 个股涨幅 1.09%",,,否,,
2026-07-23 03:45:07,600456,宝钛股份,小金属,1.09,132.92,"板块均值 2.06%, 个股涨幅 1.09%",,,否,,
2026-07-23 03:45:07,000713,国投丰乐,种植业,1.08,34.63,流通市值不足 80 亿,,,否,,
2026-07-23 03:45:07,601567,三星电气,电网设备,1.07,212.19,"板块均值 3.96%, 个股涨幅 1.07%",,,否,,
2026-07-23 03:45:07,002091,江苏国泰,贸易Ⅱ,1.07,121.46,"板块均值 2.35%, 个股涨幅 1.07%",,,否,,
2026-07-23 03:45:07,000831,中国稀土,小金属,1.05,529.34,"板块均值 2.06%, 个股涨幅 1.05%",,,否,,
2026-07-23 03:45:07,601121,宝地矿业,冶钢原料,1.05,54.0,流通市值不足 80 亿,,,否,,
2026-07-23 03:45:07,600008,首创环保,环境治理,1.04,213.61,"板块均值 1.57%, 个股涨幅 1.04%",,,否,,
2026-07-23 03:45:07,000850,华茂股份,纺织制造,1.03,37.07,流通市值不足 80 亿,,,否,,
2026-07-23 03:45:07,002258,利尔化学,农化制品,1.02,111.24,"板块均值 2.21%, 个股涨幅 1.02%",,,否,,
2026-07-23 03:45:07,000957,中通客车,商用车,1.02,58.82,流通市值不足 80 亿,,,否,,
2026-07-23 03:45:07,603806,福斯特,光伏设备,1.01,366.27,"板块均值 1.34%, 个股涨幅 1.01%",,,否,,
2026-07-23 03:45:07,002171,楚江新材,工业金属,1.0,146.53,"板块均值 3.46%, 个股涨幅 1.00%",,,否,,
2026-07-23 03:45:07,600459,贵研铂业,小金属,0.99,139.48,"板块均值 2.06%, 个股涨幅 0.99%",,,否,,
2026-07-23 03:45:07,600527,江南高纤,纺织制造,0.98,35.67,流通市值不足 80 亿,,,否,,
2026-07-23 03:45:07,600328,中盐化工,化学原料,0.97,91.94,"板块均值 2.74%, 个股涨幅 0.97%",,,否,,
2026-07-23 03:45:07,003042,中农联合,农化制品,0.97,14.15,流通市值不足 80 亿,,,否,,
2026-07-23 03:45:07,000544,中原环保,环境治理,0.97,71.25,流通市值不足 80 亿,,,否,,
2026-07-23 03:45:07,002098,浔兴股份,纺织制造,0.97,22.27,流通市值不足 80 亿,,,否,,
2026-07-23 03:45:07,002428,云南锗业,小金属,0.96,495.78,"板块均值 2.06%, 个股涨幅 0.96%",,,否,,
2026-07-23 03:45:07,002748,世龙实业,化学原料,0.96,22.8,流通市值不足 80 亿,,,否,,
2026-07-23 03:45:07,002074,国轩高科,电池,0.96,491.32,"板块均值 2.57%, 个股涨幅 0.96%",,,否,,
2026-07-23 03:45:07,600295,鄂尔多斯,冶钢原料,0.95,251.49,"板块均值 2.66%, 个股涨幅 0.95%",,,否,,
2026-07-23 03:45:07,000885,城发环境,环境治理,0.95,81.48,"板块均值 1.57%, 个股涨幅 0.95%",,,否,,
2026-07-23 03:45:07,603238,诺邦股份,纺织制造,0.94,19.1,流通市值不足 80 亿,,,否,,
2026-07-23 03:45:07,600537,*ST亿晶,光伏设备,0.93,25.57,ST股,,,否,,
2026-07-23 03:45:07,603759,海天股份,环境治理,0.9,31.21,流通市值不足 80 亿,,,否,,
2026-07-23 03:45:07,600635,大众公用,燃气Ⅱ,0.89,109.33,"板块均值 2.18%, 个股涨幅 0.89%",,,否,,
2026-07-23 03:45:07,601069,西部黄金,贵金属,0.88,214.43,"板块均值 3.25%, 个股涨幅 0.88%",,,否,,
2026-07-23 03:45:07,600884,杉杉股份,电池,0.88,231.96,"板块均值 2.57%, 个股涨幅 0.88%",,,否,,
2026-07-23 03:45:07,603185,弘元绿能,光伏设备,0.87,94.32,"板块均值 1.34%, 个股涨幅 0.87%",,,否,,
2026-07-23 03:45:07,000998,隆平高科,种植业,0.85,109.23,"板块均值 1.80%, 个股涨幅 0.85%",,,否,,
2026-07-23 03:45:07,603077,和邦生物,农化制品,0.85,210.19,"板块均值 2.21%, 个股涨幅 0.85%",,,否,,
2026-07-23 03:45:07,601865,福莱特,光伏设备,0.84,182.88,"板块均值 1.34%, 个股涨幅 0.84%",,,否,,
2026-07-23 03:45:07,000685,中山公用,环境治理,0.84,134.88,"板块均值 1.57%, 个股涨幅 0.84%",,,否,,
2026-07-23 03:45:07,601005,重庆钢铁,普钢,0.84,99.76,"板块均值 1.74%, 个股涨幅 0.84%",,,否,,
2026-07-23 03:45:07,002103,广博股份,文娱用品,0.84,23.37,流通市值不足 80 亿,,,否,,
2026-07-23 03:45:07,600917,重庆燃气,燃气Ⅱ,0.83,75.55,流通市值不足 80 亿,,,否,,
2026-07-23 03:45:07,603556,海兴电力,电网设备,0.83,112.86,"板块均值 3.96%, 个股涨幅 0.83%",,,否,,
2026-07-23 03:45:07,603970,中农立华,农化制品,0.82,26.45,流通市值不足 80 亿,,,否,,
2026-07-23 03:45:07,000683,博源化工,化学原料,0.81,206.88,"板块均值 2.74%, 个股涨幅 0.81%",,,否,,
2026-07-23 03:45:07,600486,扬农化工,农化制品,0.8,228.93,"板块均值 2.21%, 个股涨幅 0.80%",,,否,,
2026-07-23 03:45:07,000553,安道麦A,农化制品,0.79,111.68,"板块均值 2.21%, 个股涨幅 0.79%",,,否,,
2026-07-23 03:45:07,603291,联合水务,环境治理,0.77,33.18,流通市值不足 80 亿,,,否,,
2026-07-23 03:45:07,002842,翔鹭钨业,小金属,0.77,84.24,"板块均值 2.06%, 个股涨幅 0.77%",,,否,,
2026-07-23 03:45:07,600022,山东钢铁,普钢,0.75,144.43,"板块均值 1.74%, 个股涨幅 0.75%",,,否,,
2026-07-23 03:45:07,600874,创业环保,环境治理,0.73,67.8,流通市值不足 80 亿,,,否,,
2026-07-23 03:45:07,600287,苏豪时尚,贸易Ⅱ,0.73,18.08,流通市值不足 80 亿,,,否,,
2026-07-23 03:45:07,600168,武汉控股,环境治理,0.72,41.82,流通市值不足 80 亿,,,否,,
2026-07-23 03:45:07,001269,欧晶科技,光伏设备,0.72,32.42,流通市值不足 80 亿,,,否,,
2026-07-23 03:45:07,601200,上海环境,环境治理,0.72,94.24,"板块均值 1.57%, 个股涨幅 0.72%",,,否,,
2026-07-23 03:45:07,600549,厦门钨业,小金属,0.71,775.57,"板块均值 2.06%, 个股涨幅 0.71%",,,否,,
2026-07-23 03:45:07,603985,恒润股份,风电设备,0.7,69.74,流通市值不足 80 亿,,,否,,
2026-07-23 03:45:07,601599,浙文影业,纺织制造,0.7,33.19,流通市值不足 80 亿,,,否,,
2026-07-23 03:45:07,000726,鲁  泰Ａ,纺织制造,0.69,34.24,流通市值不足 80 亿,,,否,,
2026-07-23 03:45:07,000731,四川美丰,农化制品,0.68,32.44,流通市值不足 80 亿,,,否,,
2026-07-23 03:45:07,600598,北大荒,种植业,0.67,214.57,"板块均值 1.80%, 个股涨幅 0.67%",,,否,,
2026-07-23 03:45:07,001230,劲旅环境,环境治理,0.67,18.06,流通市值不足 80 亿,,,否,,
2026-07-23 03:45:07,601827,三峰环境,环境治理,0.63,132.58,"板块均值 1.57%, 个股涨幅 0.63%",,,否,,
2026-07-23 03:45:07,603406,天富龙,化学纤维,0.6,9.85,流通市值不足 80 亿,,,否,,
2026-07-23 03:45:07,600847,万里股份,电池,0.59,15.64,流通市值不足 80 亿,,,否,,
2026-07-23 03:45:07,603073,彩蝶实业,化学纤维,0.58,7.0,流通市值不足 80 亿,,,否,,
2026-07-23 03:45:07,002042,华孚时尚,纺织制造,0.56,61.05,流通市值不足 80 亿,,,否,,
2026-07-23 03:45:07,000550,江铃汽车,商用车,0.55,84.98,"板块均值 2.15%, 个股涨幅 0.55%",,,否,,
2026-07-23 03:45:07,603797,联泰环保,环境治理,0.55,21.1,流通市值不足 80 亿,,,否,,
2026-07-23 03:45:07,001257,盛龙股份,小金属,0.55,35.2,流通市值不足 80 亿,,,否,,
2026-07-23 03:45:07,603407,长裕集团,小金属,0.53,23.23,流通市值不足 80 亿,,,否,,
2026-07-23 03:45:07,600968,海油发展,油服工程,0.52,395.42,"板块均值 4.99%, 个股涨幅 0.52%",,,否,,
2026-07-23 03:45:07,603280,南方路机,工程机械,0.52,25.28,流通市值不足 80 亿,,,否,,
2026-07-23 03:45:07,605055,迎丰股份,纺织制造,0.49,36.12,流通市值不足 80 亿,,,否,,
2026-07-23 03:45:07,000800,一汽解放,商用车,0.48,311.49,"板块均值 2.15%, 个股涨幅 0.48%",,,否,,
2026-07-23 03:45:07,002215,诺 普 信,种植业,0.47,69.43,流通市值不足 80 亿,,,否,,
2026-07-23 03:45:07,600581,*ST八钢,普钢,0.46,33.72,ST股,,,否,,
2026-07-23 03:45:07,002254,泰和新材,化学纤维,0.45,95.02,"板块均值 1.11%, 个股涨幅 0.45%",,,否,,
2026-07-23 03:45:07,002828,贝肯能源,油服工程,0.43,23.54,流通市值不足 80 亿,,,否,,
2026-07-23 03:45:07,000936,华西股份,化学纤维,0.42,42.26,流通市值不足 80 亿,,,否,,
2026-07-23 03:45:07,600516,方大炭素,冶钢原料,0.39,206.93,"板块均值 2.66%, 个股涨幅 0.39%",,,否,,
2026-07-23 03:45:07,001368,通达创智,文娱用品,0.37,20.67,流通市值不足 80 亿,,,否,,
2026-07-23 03:45:07,603899,晨光股份,文娱用品,0.36,206.6,"板块均值 1.59%, 个股涨幅 0.36%",,,否,,
2026-07-23 03:45:07,603577,汇金通,电网设备,0.34,30.18,流通市值不足 80 亿,,,否,,
2026-07-23 03:45:07,600217,中再资环,环境治理,0.33,50.89,流通市值不足 80 亿,,,否,,
2026-07-23 03:45:07,002573,清新环境,环境治理,0.32,44.23,流通市值不足 80 亿,,,否,,
2026-07-23 03:45:07,600769,祥龙电业,环境治理,0.31,49.31,流通市值不足 80 亿,,,否,,
2026-07-23 03:45:07,605180,华生科技,纺织制造,0.3,17.2,流通市值不足 80 亿,,,否,,
2026-07-23 03:45:07,002168,ST惠程,电网设备,0.29,27.05,ST股,,,否,,
2026-07-23 03:45:07,000680,山推股份,工程机械,0.28,142.38,"板块均值 2.22%, 个股涨幅 0.28%",,,否,,
2026-07-23 03:45:07,600822,上海物贸,汽车服务,0.25,31.34,流通市值不足 80 亿,,,否,,
2026-07-23 03:45:07,600418,江淮汽车,商用车,0.24,451.22,"板块均值 2.15%, 个股涨幅 0.24%",,,否,,
2026-07-23 03:45:07,002183,怡 亚 通,贸易Ⅱ,0.23,113.49,"板块均值 2.35%, 个股涨幅 0.23%",,,否,,
2026-07-23 03:45:07,601368,绿城水务,环境治理,0.23,37.97,流通市值不足 80 亿,,,否,,
2026-07-23 03:45:07,603213,镇洋发展,化学原料,0.22,60.73,流通市值不足 80 亿,,,否,,
2026-07-23 03:45:07,002887,绿茵生态,环境治理,0.21,20.96,流通市值不足 80 亿,,,否,,
2026-07-23 03:45:07,600525,ST长园,电网设备,0.21,62.38,ST股,,,否,,
2026-07-23 03:45:07,000605,渤海股份,环境治理,0.19,18.37,流通市值不足 80 亿,,,否,,
2026-07-23 03:45:07,002459,晶澳科技,光伏设备,0.14,241.39,"板块均值 1.34%, 个股涨幅 0.14%",,,否,,
2026-07-23 03:45:07,002301,齐心集团,文娱用品,0.14,50.33,流通市值不足 80 亿,,,否,,
2026-07-23 03:45:07,600283,钱江水利,环境治理,0.13,42.73,流通市值不足 80 亿,,,否,,
2026-07-23 03:45:07,000818,航锦科技,化学原料,0.08,82.93,"板块均值 2.74%, 个股涨幅 0.08%",,,否,,
2026-07-23 03:45:07,601033,永兴股份,环境治理,0.07,34.2,流通市值不足 80 亿,,,否,,
2026-07-23 03:45:07,002144,宏达高科,纺织制造,0.0,12.72,流通市值不足 80 亿,,,否,,
2026-07-23 03:45:07,603273,天元智能,工程机械,0.0,6.97,流通市值不足 80 亿,,,否,,
2026-07-23 03:45:07,605090,九丰能源,燃气Ⅱ,0.0,235.24,"板块均值 2.18%, 个股涨幅 0.00%",,,否,,
2026-07-23 03:45:07,000593,德龙汇能,燃气Ⅱ,0.0,70.05,流通市值不足 80 亿,,,否,,
2026-07-23 03:45:07,002266,浙富控股,环境治理,0.0,218.88,"板块均值 1.57%, 个股涨幅 0.00%",,,否,,
2026-07-23 03:45:07,603333,福华尚纬,电网设备,-0.12,51.4,流通市值不足 80 亿,,,否,,
2026-07-23 03:45:07,600323,瀚蓝环境,环境治理,-0.13,245.66,"板块均值 1.57%, 个股涨幅 -0.13%",,,否,,
2026-07-23 03:45:07,001222,源飞宠物,文娱用品,-0.15,14.86,流通市值不足 80 亿,,,否,,
2026-07-23 03:45:07,601012,隆基绿能,光伏设备,-0.16,951.05,"板块均值 1.34%, 个股涨幅 -0.16%",,,否,,
2026-07-23 03:45:07,001238,浙江正特,文娱用品,-0.17,33.6,流通市值不足 80 亿,,,否,,
2026-07-23 03:45:07,001231,农心科技,农化制品,-0.18,8.59,流通市值不足 80 亿,,,否,,
2026-07-23 03:45:07,601158,重庆水务,环境治理,-0.24,203.04,"板块均值 1.57%, 个股涨幅 -0.24%",,,否,,
2026-07-23 03:45:07,605069,正和生态,环境治理,-0.32,19.96,流通市值不足 80 亿,,,否,,
2026-07-23 03:45:07,002862,实丰文化,文娱用品,-0.34,15.25,流通市值不足 80 亿,,,否,,
2026-07-23 03:45:07,601199,江南水务,环境治理,-0.35,52.84,流通市值不足 80 亿,,,否,,
2026-07-23 03:45:07,002056,横店东磁,光伏设备,-0.37,351.33,"板块均值 1.34%, 个股涨幅 -0.37%",,,否,,
2026-07-23 03:45:07,001226,拓山重工,工程机械,-0.38,12.55,流通市值不足 80 亿,,,否,,
2026-07-23 03:45:07,002443,金洲管道,特钢Ⅱ,-0.38,40.97,流通市值不足 80 亿,,,否,,
2026-07-23 03:45:07,600031,三一重工,工程机械,-0.45,1674.54,"板块均值 2.22%, 个股涨幅 -0.45%",,,否,,
2026-07-23 03:45:07,002346,柘中股份,电网设备,-0.47,66.07,流通市值不足 80 亿,,,否,,
2026-07-23 03:45:07,001390,古麒绒材,纺织制造,-0.47,20.11,流通市值不足 80 亿,,,否,,
2026-07-23 03:45:07,605208,永茂泰,工业金属,-0.56,40.71,流通市值不足 80 亿,,,否,,
2026-07-23 03:45:07,000902,新洋丰,农化制品,-0.58,157.13,"板块均值 2.21%, 个股涨幅 -0.58%",,,否,,
2026-07-23 03:45:07,603638,艾迪精密,工程机械,-0.58,165.83,"板块均值 2.22%, 个股涨幅 -0.58%",,,否,,
2026-07-23 03:45:07,600493,凤竹纺织,纺织制造,-0.58,13.87,流通市值不足 80 亿,,,否,,
2026-07-23 03:45:07,603225,新凤鸣,化学纤维,-0.64,309.85,"板块均值 1.11%, 个股涨幅 -0.64%",,,否,,
2026-07-23 03:45:07,002824,和胜股份,工业金属,-0.67,53.65,流通市值不足 80 亿,,,否,,
2026-07-23 03:45:07,002129,TCL中环,光伏设备,-0.69,350.25,"板块均值 1.34%, 个股涨幅 -0.69%",,,否,,
2026-07-23 03:45:07,603938,三孚股份,化学原料,-0.74,158.18,"板块均值 2.74%, 个股涨幅 -0.74%",,,否,,
2026-07-23 03:45:07,603067,振华股份,化学原料,-0.76,236.93,"板块均值 2.74%, 个股涨幅 -0.76%",,,否,,
2026-07-23 03:45:07,605196,华通线缆,电网设备,-0.78,148.46,"板块均值 3.96%, 个股涨幅 -0.78%",,,否,,
2026-07-23 03:45:07,603639,XD海利尔,农化制品,-0.79,34.36,流通市值不足 80 亿,,,否,,
2026-07-23 03:45:07,605389,长龄液压,工程机械,-0.87,126.77,"板块均值 2.22%, 个股涨幅 -0.87%",,,否,,
2026-07-23 03:45:07,002167,东方锆业,小金属,-0.88,128.6,"板块均值 2.06%, 个股涨幅 -0.88%",,,否,,
2026-07-23 03:45:07,000657,中钨高新,小金属,-0.91,836.52,"板块均值 2.06%, 个股涨幅 -0.91%",,,否,,
2026-07-23 03:45:07,002973,侨银股份,环境治理,-0.98,28.78,流通市值不足 80 亿,,,否,,
2026-07-23 03:45:07,002245,蔚蓝锂芯,电池,-1.07,268.62,"板块均值 2.57%, 个股涨幅 -1.07%",,,否,,
2026-07-23 03:45:07,000677,ST海龙,化学纤维,-1.27,13.39,ST股,,,否,,
2026-07-23 03:45:07,002079,苏州固锝,光伏设备,-1.36,70.47,流通市值不足 80 亿,,,否,,
2026-07-23 03:45:07,603663,三祥新材,化学原料,-1.38,246.05,"板块均值 2.74%, 个股涨幅 -1.38%",,,否,,
2026-07-23 03:45:07,601339,百隆东方,纺织制造,-1.57,112.92,"板块均值 1.79%, 个股涨幅 -1.57%",,,否,,
2026-07-23 03:45:07,600732,爱旭股份,光伏设备,-1.61,244.42,"板块均值 1.34%, 个股涨幅 -1.61%",,,否,,
2026-07-23 03:45:07,600126,杭钢股份,普钢,-1.82,218.17,"板块均值 1.74%, 个股涨幅 -1.82%",,,否,,
2026-07-23 03:45:07,600370,*ST三房,化学纤维,-1.88,63.16,ST股,,,否,,
2026-07-23 03:45:07,603903,中持股份,环境治理,-2.1,30.94,流通市值不足 80 亿,,,否,,
2026-07-23 03:45:07,601615,明阳智能,风电设备,-2.53,252.61,"板块均值 1.80%, 个股涨幅 -2.53%",,,否,,
2026-07-23 03:45:07,603336,宏辉果蔬,种植业,-2.7,48.21,流通市值不足 80 亿,,,否,,
2026-07-23 03:45:07,600187,*ST国中,环境治理,-2.82,22.27,ST股,,,否,,
2026-07-23 03:45:07,603398,*ST沐邦,光伏设备,-3.16,34.6,ST股,,,否,,
2026-07-23 03:45:07,002980,华盛昌,电网设备,-3.2,85.77,"板块均值 3.96%, 个股涨幅 -3.20%",,,否,,
2026-07-23 03:45:07,001369,双欣材料,化学纤维,-3.68,26.6,流通市值不足 80 亿,,,否,,
2026-07-23 03:45:07,001331,胜通能源,燃气Ⅱ,-4.06,126.45,"板块均值 2.18%, 个股涨幅 -4.06%",,,否,,
2026-07-23 03:45:07,002250,联化科技,农化制品,-4.5,140.6,"板块均值 2.21%, 个股涨幅 -4.50%",,,否,,
2026-07-23 03:45:07,603031,安孚科技,电池,-4.85,116.61,"板块均值 2.57%, 个股涨幅 -4.85%",,,否,,
2026-07-23 03:45:07,000420,吉林化纤,化学纤维,1.94,90.46,均线未呈多头排列,,,否,,
2026-07-23 03:45:07,000778,新兴铸管,普钢,1.86,149.51,均线未向上倾斜,,,否,,
2026-07-23 03:45:07,000598,兴蓉环境,环境治理,2.07,221.09,近20日无涨停,,,否,,
2026-07-23 03:45:07,600019,宝钢股份,普钢,2.05,1280.56,周线未呈多头排列,,,否,,
2026-07-23 03:45:07,000761,本钢板材,普钢,1.75,86.03,均线未向上倾斜,,,否,,
2026-07-23 03:45:07,603568,伟明环保,环境治理,1.67,298.46,均线未呈多头排列,,,否,,
2026-07-23 03:45:07,002003,伟星股份,纺织制造,1.84,101.6,周线未呈多头排列,,,否,,
2026-08-06 02:32:16,600028,中国石化,炼化及贸易,0.8,0,"板块均值 1.06%, 个股涨幅 0.80%",,,否,,
2026-08-06 02:32:16,600075,新疆天业,化学原料,-0.44,0,"板块均值 0.69%, 个股涨幅 -0.44%",,,否,,
2026-08-06 02:32:16,600121,郑州煤电,煤炭开采,1.28,0,"板块均值 2.06%, 个股涨幅 1.28%",,,否,,
2026-08-06 02:32:16,600123,兰花科创,煤炭开采,0.29,0,"板块均值 2.06%, 个股涨幅 0.29%",,,否,,
2026-08-06 02:32:16,600165,ST宁科,化学制品,0.83,0,ST股,,,否,,
2026-08-06 02:32:16,600169,ST太重,专用设备,0.49,0,ST股,,,否,,
2026-08-06 02:32:16,600135,乐凯胶片,塑料,0.27,0,"板块均值 0.60%, 个股涨幅 0.27%",,,否,,
2026-08-06 02:32:16,600063,皖维高新,化学纤维,0.34,0,均线未向上倾斜,,,否,,
2026-08-06 02:32:16,600072,中船科技,风电设备,0.56,0,均线未向上倾斜,,,否,,
2026-08-06 02:32:16,600111,北方稀土,小金属,2.47,0,均线未向上倾斜,,,否,,
2026-08-06 02:32:16,600118,中国卫星,航天装备Ⅱ,3.72,0,均线未呈多头排列,,,否,,
2026-08-06 02:32:16,600195,中牧股份,动物保健Ⅱ,-0.15,0,"板块均值 0.64%, 个股涨幅 -0.15%",,,否,,
2026-08-06 02:32:16,600143,金发科技,塑料,0.69,0,均线未向上倾斜,,,否,,
2026-08-06 02:32:16,600219,南山铝业,工业金属,-0.62,0,"板块均值 0.99%, 个股涨幅 -0.62%",,,否,,
2026-08-06 02:32:16,600160,巨化股份,化学制品,1.0,0,均线未呈多头排列,,,否,,
2026-08-06 02:32:16,600176,中国巨石,玻璃玻纤,4.02,0,均线未呈多头排列,,,否,,
2026-08-06 02:32:16,600183,生益科技,元件,2.6,0,均线未呈多头排列,,,否,,
2026-08-06 02:32:16,600188,兖矿能源,煤炭开采,4.86,0,均线未呈多头排列,,,否,,
2026-08-06 02:32:16,600232,金鹰股份,专用设备,0.17,0,"板块均值 0.73%, 个股涨幅 0.17%",,,否,,
2026-08-06 02:32:16,600201,生物股份,动物保健Ⅱ,1.59,0,均线未向上倾斜,,,否,,
2026-08-06 02:32:16,600237,铜峰电子,元件,-0.35,0,"板块均值 2.57%, 个股涨幅 -0.35%",,,否,,
2026-08-06 02:32:16,600255,鑫科材料,金属新材料,0.3,0,"板块均值 1.87%, 个股涨幅 0.30%",,,否,,
2026-08-06 02:32:16,600230,沧州大化,化学制品,1.13,0,均线未向上倾斜,,,否,,
2026-08-06 02:32:16,600273,嘉化能源,化学制品,-0.72,0,"板块均值 0.80%, 个股涨幅 -0.72%",,,否,,
2026-08-06 02:32:16,600302,ST标准,专用设备,0.64,0,ST股,,,否,,
2026-08-06 02:32:16,600281,华阳新材,小金属,1.86,0,"板块均值 2.42%, 个股涨幅 1.86%",,,否,,
2026-08-06 02:32:16,600293,三峡新材,玻璃玻纤,-1.07,0,"板块均值 1.26%, 个股涨幅 -1.07%",,,否,,
2026-08-06 02:32:16,600256,广汇能源,炼化及贸易,1.86,0,均线未呈多头排列,,,否,,
2026-08-06 02:32:16,600259,中稀有色,小金属,4.68,0,均线未呈多头排列,,,否,,
2026-08-06 02:32:16,600262,北方股份,专用设备,7.53,0,均线未向上倾斜,,,否,,
2026-08-06 02:32:16,600320,振华重工,专用设备,-0.47,0,"板块均值 0.73%, 个股涨幅 -0.47%",,,否,,
2026-08-06 02:32:16,600299,安迪苏,化学制品,0.95,0,均线未向上倾斜,,,否,,
2026-08-06 02:32:16,600328,中盐化工,化学原料,-0.31,0,"板块均值 0.69%, 个股涨幅 -0.31%",,,否,,
2026-08-06 02:32:16,600301,华锡有色,小金属,3.43,0,均线未向上倾斜,,,否,,
2026-08-06 02:32:16,600319,亚星化学,化学原料,1.86,0,均线未呈多头排列,,,否,,
2026-08-06 02:32:16,600326,西藏天路,水泥,9.94,0,均线未向上倾斜,,,否,,
2026-08-06 02:32:16,600339,中油工程,油服工程,0.3,0,"板块均值 1.20%, 个股涨幅 0.30%",,,否,,
2026-08-06 02:32:16,600330,天通股份,电子化学品Ⅱ,2.03,0,均线未呈多头排列,,,否,,
2026-08-06 02:32:16,600348,华阳股份,煤炭开采,-0.47,0,"板块均值 2.06%, 个股涨幅 -0.47%",,,否,,
2026-08-06 02:32:16,600338,西藏珠峰,工业金属,1.33,0,均线未向上倾斜,,,否,,
2026-08-06 02:32:16,600352,浙江龙盛,化学制品,-1.28,0,"板块均值 0.80%, 个股涨幅 -1.28%",,,否,,
2026-08-06 02:32:16,600370,*ST三房,化学纤维,-3.15,0,ST股,,,否,,
2026-08-06 02:32:16,600361,创新新材,工业金属,-0.27,0,"板块均值 0.99%, 个股涨幅 -0.27%",,,否,,
2026-08-06 02:32:16,600346,恒力石化,炼化及贸易,2.15,0,均线未向上倾斜,,,否,,
2026-08-06 02:32:16,600309,万华化学,化学制品,1.2,0,周线未呈多头排列,,,否,,
2026-08-06 02:32:16,600366,宁波韵升,金属新材料,1.43,0,"板块均值 1.87%, 个股涨幅 1.43%",,,否,,
2026-08-06 02:32:16,600392,盛和资源,小金属,2.34,0,"板块均值 2.42%, 个股涨幅 2.34%",,,否,,
2026-08-06 02:32:16,600362,江西铜业,工业金属,1.07,0,均线未向上倾斜,,,否,,
2026-08-06 02:32:16,600423,*ST柳化,化学原料,-0.72,0,ST股,,,否,,
2026-08-06 02:32:16,600333,长春燃气,燃气Ⅱ,0.66,0,周线未呈多头排列,,,否,,
2026-08-06 02:32:16,600439,ST瑞贝卡,饰品,0.0,0,ST股,,,否,,
2026-08-06 02:32:16,600367,红星发展,化学原料,4.45,0,均线未呈多头排列,,,否,,
2026-08-06 02:32:16,600378,昊华科技,化学制品,3.65,0,均线未呈多头排列,,,否,,
2026-08-06 02:32:16,600409,三友化工,化学原料,0.3,0,"板块均值 0.69%, 个股涨幅 0.30%",,,否,,
2026-08-06 02:32:16,600425,青松建化,水泥,1.15,0,"板块均值 1.79%, 个股涨幅 1.15%",,,否,,
2026-08-06 02:32:16,600395,盘江股份,煤炭开采,2.47,0,均线未向上倾斜,,,否,,
2026-08-06 02:32:16,600397,江钨装备,专用设备,10.03,0,均线未呈多头排列,,,否,,
2026-08-06 02:32:16,600403,大有能源,煤炭开采,2.92,0,均线未向上倾斜,,,否,,
2026-08-06 02:32:16,600444,国机通用,专用设备,0.23,0,"板块均值 0.73%, 个股涨幅 0.23%",,,否,,
2026-08-06 02:32:16,600456,宝钛股份,小金属,-0.52,0,"板块均值 2.42%, 个股涨幅 -0.52%",,,否,,
2026-08-06 02:32:16,600459,贵研铂业,小金属,2.03,0,"板块均值 2.42%, 个股涨幅 2.03%",,,否,,
2026-08-06 02:32:16,600499,科达制造,专用设备,-2.07,0,"板块均值 0.73%, 个股涨幅 -2.07%",,,否,,
2026-08-06 02:32:16,600500,中化国际,化学制品,0.0,0,"板块均值 0.80%, 个股涨幅 0.00%",,,否,,
2026-08-06 02:32:16,600449,宁夏建材,水泥,7.18,0,均线未向上倾斜,,,否,,
2026-08-06 02:32:16,600506,统一股份,炼化及贸易,0.21,0,"板块均值 1.06%, 个股涨幅 0.21%",,,否,,
2026-08-06 02:32:16,600490,鹏欣资源,工业金属,1.14,0,均线未向上倾斜,,,否,,
2026-08-06 02:32:16,600497,驰宏锌锗,工业金属,2.73,0,均线未向上倾斜,,,否,,
2026-08-06 02:32:16,600508,上海能源,煤炭开采,0.59,0,"板块均值 2.06%, 个股涨幅 0.59%",,,否,,
2026-08-06 02:32:16,600501,航天晨光,专用设备,1.97,0,均线未向上倾斜,,,否,,
2026-08-06 02:32:16,600545,卓郎智能,专用设备,0.47,0,"板块均值 0.73%, 个股涨幅 0.47%",,,否,,
2026-08-06 02:32:16,600546,山煤国际,煤炭开采,1.8,0,"板块均值 2.06%, 个股涨幅 1.80%",,,否,,
2026-08-06 02:32:16,600520,三佳科技,专用设备,1.93,0,均线未呈多头排列,,,否,,
2026-08-06 02:32:16,600531,豫光金铅,工业金属,1.95,0,均线未呈多头排列,,,否,,
2026-08-06 02:32:16,600560,金自天正,专用设备,0.0,0,"板块均值 0.73%, 个股涨幅 0.00%",,,否,,
2026-08-06 02:32:16,600563,法拉电子,元件,-2.1,0,"板块均值 2.57%, 个股涨幅 -2.10%",,,否,,
2026-08-06 02:32:16,600489,中金黄金,贵金属,5.03,0,周线未呈多头排列,,,否,,
2026-08-06 02:32:16,600579,中化装备,专用设备,0.56,0,"板块均值 0.73%, 个股涨幅 0.56%",,,否,,
2026-08-06 02:32:16,600549,厦门钨业,小金属,3.28,0,均线未呈多头排列,,,否,,
2026-08-06 02:32:16,600582,天地科技,专用设备,-0.41,0,"板块均值 0.73%, 个股涨幅 -0.41%",,,否,,
2026-08-06 02:32:16,600583,海油工程,油服工程,0.54,0,"板块均值 1.20%, 个股涨幅 0.54%",,,否,,
2026-08-06 02:32:16,600585,海螺水泥,水泥,-0.17,0,"板块均值 1.79%, 个股涨幅 -0.17%",,,否,,
2026-08-06 02:32:16,600586,金晶科技,玻璃玻纤,-0.24,0,"板块均值 1.26%, 个股涨幅 -0.24%",,,否,,
2026-08-06 02:32:16,600595,中孚实业,工业金属,-0.6,0,"板块均值 0.99%, 个股涨幅 -0.60%",,,否,,
2026-08-06 02:32:16,600610,中毅达,化学原料,-0.56,0,"板块均值 0.69%, 个股涨幅 -0.56%",,,否,,
2026-08-06 02:32:16,600612,老凤祥,饰品,1.23,0,"板块均值 1.48%, 个股涨幅 1.23%",,,否,,
2026-08-06 02:32:16,600615,鑫源智造,工业金属,0.11,0,"板块均值 0.99%, 个股涨幅 0.11%",,,否,,
2026-08-06 02:32:16,600617,国新能源,燃气Ⅱ,-0.29,0,"板块均值 0.46%, 个股涨幅 -0.29%",,,否,,
2026-08-06 02:32:16,600618,氯碱化工,化学原料,0.1,0,"板块均值 0.69%, 个股涨幅 0.10%",,,否,,
2026-08-06 02:32:16,600601,方正科技,元件,9.4,0,均线未呈多头排列,,,否,,
2026-08-06 02:32:16,600678,ST金顶,水泥,0.54,0,ST股,,,否,,
2026-08-06 02:32:16,600547,山东黄金,贵金属,3.8,0,周线未呈多头排列,,,否,,
2026-08-06 02:32:16,600635,大众公用,燃气Ⅱ,0.21,0,"板块均值 0.46%, 个股涨幅 0.21%",,,否,,
2026-08-06 02:32:16,600662,外服控股,专业服务,-0.89,0,"板块均值 1.07%, 个股涨幅 -0.89%",,,否,,
2026-08-06 02:32:16,600668,尖峰集团,水泥,0.0,0,"板块均值 1.79%, 个股涨幅 0.00%",,,否,,
2026-08-06 02:32:16,600623,华谊集团,化学原料,4.43,0,均线未向上倾斜,,,否,,
2026-08-06 02:32:16,600681,百川能源,燃气Ⅱ,0.0,0,"板块均值 0.46%, 个股涨幅 0.00%",,,否,,
2026-08-06 02:32:16,600688,上海石化,炼化及贸易,0.71,0,"板块均值 1.06%, 个股涨幅 0.71%",,,否,,
2026-08-06 02:32:16,600735,ST新华锦,饰品,1.4,0,ST股,,,否,,
2026-08-06 02:32:16,600711,盛屯矿业,工业金属,0.87,0,"板块均值 0.99%, 个股涨幅 0.87%",,,否,,
2026-08-06 02:32:16,600667,太极实业,工程咨询服务Ⅱ,1.52,0,均线未呈多头排列,,,否,,
2026-08-06 02:32:16,600720,中交设计,工程咨询服务Ⅱ,0.0,0,"板块均值 0.37%, 个股涨幅 0.00%",,,否,,
2026-08-06 02:32:16,600722,金牛化工,化学原料,-2.01,0,"板块均值 0.69%, 个股涨幅 -2.01%",,,否,,
2026-08-06 02:32:16,600746,江苏索普,化学原料,0.0,0,"板块均值 0.69%, 个股涨幅 0.00%",,,否,,
2026-08-06 02:32:16,600758,辽宁能源,煤炭开采,-0.6,0,"板块均值 2.06%, 个股涨幅 -0.60%",,,否,,
2026-08-06 02:32:16,600714,金瑞矿业,化学原料,3.91,0,均线未呈多头排列,,,否,,
2026-08-06 02:32:16,600768,宁波富邦,工业金属,0.97,0,"板块均值 0.99%, 个股涨幅 0.97%",,,否,,
2026-08-06 02:32:16,600800,渤海化学,炼化及贸易,-1.19,0,"板块均值 1.06%, 个股涨幅 -1.19%",,,否,,
2026-08-06 02:32:16,600727,鲁北化工,化学原料,1.33,0,均线未向上倾斜,,,否,,
2026-08-06 02:32:16,600629,华建集团,工程咨询服务Ⅱ,2.44,0,周线未呈多头排列,,,否,,
2026-08-06 02:32:16,600802,福建水泥,水泥,0.46,0,"板块均值 1.79%, 个股涨幅 0.46%",,,否,,
2026-08-06 02:32:16,600803,新奥股份,燃气Ⅱ,0.23,0,"板块均值 0.46%, 个股涨幅 0.23%",,,否,,
2026-08-06 02:32:16,600810,神马股份,化学纤维,0.0,0,"板块均值 0.27%, 个股涨幅 0.00%",,,否,,
2026-08-06 02:32:16,600819,耀皮玻璃,玻璃玻纤,-0.55,0,"板块均值 1.26%, 个股涨幅 -0.55%",,,否,,
2026-08-06 02:32:16,600826,兰生股份,专业服务,-0.73,0,"板块均值 1.07%, 个股涨幅 -0.73%",,,否,,
2026-08-06 02:32:16,600835,上海机电,专用设备,-0.82,0,"板块均值 0.73%, 个股涨幅 -0.82%",,,否,,
2026-08-06 02:32:16,600843,上工申贝,专用设备,0.0,0,"板块均值 0.73%, 个股涨幅 0.00%",,,否,,
2026-08-06 02:32:16,600844,金煤科技,化学原料,-1.44,0,"板块均值 0.69%, 个股涨幅 -1.44%",,,否,,
2026-08-06 02:32:16,600846,同济科技,工程咨询服务Ⅱ,-0.17,0,"板块均值 0.37%, 个股涨幅 -0.17%",,,否,,
2026-08-06 02:32:16,600861,北京人力,专业服务,-0.52,0,"板块均值 1.07%, 个股涨幅 -0.52%",,,否,,
2026-08-06 02:32:16,600866,星湖科技,化学制品,-1.11,0,"板块均值 0.80%, 个股涨幅 -1.11%",,,否,,
2026-08-06 02:32:16,600871,石化油服,油服工程,0.91,0,"板块均值 1.20%, 个股涨幅 0.91%",,,否,,
2026-08-06 02:32:16,600873,梅花生物,化学制品,0.38,0,"板块均值 0.80%, 个股涨幅 0.38%",,,否,,
2026-08-06 02:32:16,600876,凯盛新能,玻璃玻纤,-0.29,0,"板块均值 1.26%, 个股涨幅 -0.29%",,,否,,
2026-08-06 02:32:16,600784,鲁银投资,化学原料,0.78,0,周线未呈多头排列,,,否,,
2026-08-06 02:32:16,600888,新疆众和,工业金属,0.51,0,"板块均值 0.99%, 个股涨幅 0.51%",,,否,,
2026-08-06 02:32:16,600894,广日股份,专用设备,-0.38,0,"板块均值 0.73%, 个股涨幅 -0.38%",,,否,,
2026-08-06 02:32:16,600801,华新建材,水泥,3.83,0,周线未呈多头排列,,,否,,
2026-08-06 02:32:16,600903,贵州燃气,燃气Ⅱ,-0.16,0,"板块均值 0.46%, 个股涨幅 -0.16%",,,否,,
2026-08-06 02:32:16,600916,中国黄金,饰品,-1.01,0,"板块均值 1.48%, 个股涨幅 -1.01%",,,否,,
2026-08-06 02:32:16,600917,重庆燃气,燃气Ⅱ,-0.62,0,"板块均值 0.46%, 个股涨幅 -0.62%",,,否,,
2026-08-06 02:32:16,600879,航天电子,航天装备Ⅱ,1.7,0,均线未呈多头排列,,,否,,
2026-08-06 02:32:16,600925,苏能股份,煤炭开采,-0.47,0,"板块均值 2.06%, 个股涨幅 -0.47%",,,否,,
2026-08-06 02:32:16,600929,雪天盐业,化学原料,-0.18,0,"板块均值 0.69%, 个股涨幅 -0.18%",,,否,,
2026-08-06 02:32:16,600935,华塑股份,化学原料,-0.87,0,"板块均值 0.69%, 个股涨幅 -0.87%",,,否,,
2026-08-06 02:32:16,600955,维远股份,化学原料,0.47,0,"板块均值 0.69%, 个股涨幅 0.47%",,,否,,
2026-08-06 02:32:16,600968,海油发展,油服工程,0.52,0,"板块均值 1.20%, 个股涨幅 0.52%",,,否,,
2026-08-06 02:32:16,600971,恒源煤电,煤炭开采,1.14,0,"板块均值 2.06%, 个股涨幅 1.14%",,,否,,
2026-08-06 02:32:16,600988,赤峰黄金,贵金属,3.35,0,"板块均值 3.74%, 个股涨幅 3.35%",,,否,,
2026-08-06 02:32:16,600997,开滦股份,煤炭开采,-1.07,0,"板块均值 2.06%, 个股涨幅 -1.07%",,,否,,
2026-08-06 02:32:16,600961,株冶集团,工业金属,3.75,0,均线未呈多头排列,,,否,,
2026-08-06 02:32:16,601020,华钰矿业,工业金属,0.67,0,"板块均值 0.99%, 个股涨幅 0.67%",,,否,,
2026-08-06 02:32:16,600980,北矿科技,专用设备,1.9,0,均线未向上倾斜,,,否,,
2026-08-06 02:32:16,600985,淮北矿业,煤炭开采,3.6,0,均线未向上倾斜,,,否,,
2026-08-06 02:32:16,601026,道生天合,塑料,-1.76,0,"板块均值 0.60%, 个股涨幅 -1.76%",,,否,,
2026-08-06 02:32:16,600989,宝丰能源,化学原料,1.04,0,均线未呈多头排列,,,否,,
2026-08-06 02:32:16,601038,一拖股份,专用设备,-0.96,0,"板块均值 0.73%, 个股涨幅 -0.96%",,,否,,
2026-08-06 02:32:16,601065,江盐集团,化学原料,-0.43,0,"板块均值 0.69%, 个股涨幅 -0.43%",,,否,,
2026-08-06 02:32:16,601001,晋控煤业,煤炭开采,5.05,0,均线未呈多头排列,,,否,,
2026-08-06 02:32:16,601088,中国神华,煤炭开采,0.35,0,"板块均值 2.06%, 个股涨幅 0.35%",,,否,,
2026-08-06 02:32:16,601106,中国一重,专用设备,-0.93,0,"板块均值 0.73%, 个股涨幅 -0.93%",,,否,,
2026-08-06 02:32:16,601112,振石股份,玻璃玻纤,0.0,0,"板块均值 1.26%, 个股涨幅 0.00%",,,否,,
2026-08-06 02:32:16,601113,华鼎股份,化学纤维,0.0,0,"板块均值 0.27%, 个股涨幅 0.00%",,,否,,
2026-08-06 02:32:16,601137,博威合金,金属新材料,-0.39,0,"板块均值 1.87%, 个股涨幅 -0.39%",,,否,,
2026-08-06 02:32:16,601139,深圳燃气,燃气Ⅱ,-0.47,0,"板块均值 0.46%, 个股涨幅 -0.47%",,,否,,
2026-08-06 02:32:16,601069,西部黄金,贵金属,4.71,0,均线未向上倾斜,,,否,,
2026-08-06 02:32:16,601168,西部矿业,工业金属,-0.24,0,"板块均值 0.99%, 个股涨幅 -0.24%",,,否,,
2026-08-06 02:32:16,601101,昊华能源,煤炭开采,10.04,0,均线未向上倾斜,,,否,,
2026-08-06 02:32:16,601212,白银有色,工业金属,0.37,0,"板块均值 0.99%, 个股涨幅 0.37%",,,否,,
2026-08-06 02:32:16,601216,君正集团,化学原料,-0.43,0,"板块均值 0.69%, 个股涨幅 -0.43%",,,否,,
2026-08-06 02:32:16,601218,吉鑫科技,风电设备,-0.43,0,"板块均值 0.01%, 个股涨幅 -0.43%",,,否,,
2026-08-06 02:32:16,601225,陕西煤业,煤炭开采,2.05,0,"板块均值 2.06%, 个股涨幅 2.05%",,,否,,
2026-08-06 02:32:16,601369,陕鼓动力,专用设备,-0.95,0,"板块均值 0.73%, 个股涨幅 -0.95%",,,否,,
2026-08-06 02:32:16,601388,怡球资源,工业金属,0.31,0,"板块均值 0.99%, 个股涨幅 0.31%",,,否,,
2026-08-06 02:32:16,601208,东材科技,塑料,5.01,0,均线未呈多头排列,,,否,,
2026-08-06 02:32:16,601399,国机重装,专用设备,-0.89,0,"板块均值 0.73%, 个股涨幅 -0.89%",,,否,,
2026-08-06 02:32:16,601568,北元化工,化学原料,0.0,0,"板块均值 0.69%, 个股涨幅 0.00%",,,否,,
2026-08-06 02:32:16,601600,中国铝业,工业金属,0.41,0,"板块均值 0.99%, 个股涨幅 0.41%",,,否,,
2026-08-06 02:32:16,601233,桐昆股份,炼化及贸易,2.13,0,均线未向上倾斜,,,否,,
2026-08-06 02:32:16,601609,金田股份,工业金属,0.0,0,"板块均值 0.99%, 个股涨幅 0.00%",,,否,,
2026-08-06 02:32:16,601636,旗滨集团,玻璃玻纤,-0.5,0,"板块均值 1.26%, 个股涨幅 -0.50%",,,否,,
2026-08-06 02:32:16,601677,明泰铝业,工业金属,-0.58,0,"板块均值 0.99%, 个股涨幅 -0.58%",,,否,,
2026-08-06 02:32:16,601608,中信重工,专用设备,1.64,0,均线未呈多头排列,,,否,,
2026-08-06 02:32:16,601698,中国卫通,航天装备Ⅱ,1.12,0,"板块均值 1.35%, 个股涨幅 1.12%",,,否,,
2026-08-06 02:32:16,601615,明阳智能,风电设备,0.34,0,均线未向上倾斜,,,否,,
2026-08-06 02:32:16,601702,华峰铝业,工业金属,0.0,0,"板块均值 0.99%, 个股涨幅 0.00%",,,否,,
2026-08-06 02:32:16,601666,平煤股份,煤炭开采,3.82,0,均线未向上倾斜,,,否,,
2026-08-06 02:32:16,601717,中创智领,专用设备,0.06,0,"板块均值 0.73%, 个股涨幅 0.06%",,,否,,
2026-08-06 02:32:16,601678,滨化股份,化学原料,9.97,0,均线未呈多头排列,,,否,,
2026-08-06 02:32:16,601798,蓝科高新,专用设备,0.4,0,"板块均值 0.73%, 个股涨幅 0.40%",,,否,,
2026-08-06 02:32:16,601808,中海油服,油服工程,0.66,0,"板块均值 1.20%, 个股涨幅 0.66%",,,否,,
2026-08-06 02:32:16,601699,潞安环能,煤炭开采,4.54,0,均线未呈多头排列,,,否,,
2026-08-06 02:32:16,601857,中国石油,炼化及贸易,0.38,0,"板块均值 1.06%, 个股涨幅 0.38%",,,否,,
2026-08-06 02:32:16,601918,新集能源,煤炭开采,1.91,0,"板块均值 2.06%, 个股涨幅 1.91%",,,否,,
2026-08-06 02:32:16,601958,XD金钼股,小金属,1.59,0,"板块均值 2.42%, 个股涨幅 1.59%",,,否,,
2026-08-06 02:32:16,601992,金隅集团,水泥,0.0,0,"板块均值 1.79%, 个股涨幅 0.00%",,,否,,
2026-08-06 02:32:16,601898,中煤能源,煤炭开采,2.7,0,均线未呈多头排列,,,否,,
2026-08-06 02:32:16,603002,宏昌电子,电子化学品Ⅱ,2.88,0,均线未呈多头排列,,,否,,
2026-08-06 02:32:16,603004,鼎龙科技,化学制品,3.96,0,均线未呈多头排列,,,否,,
2026-08-06 02:32:16,603010,万盛股份,化学制品,0.85,0,均线未呈多头排列,,,否,,
2026-08-06 02:32:16,603018,华设集团,工程咨询服务Ⅱ,-0.56,0,"板块均值 0.37%, 个股涨幅 -0.56%",,,否,,
2026-08-06 02:32:16,603011,合锻智能,专用设备,1.97,0,均线未呈多头排列,,,否,,
2026-08-06 02:32:16,603012,创力集团,专用设备,2.08,0,均线未呈多头排列,,,否,,
2026-08-06 02:32:16,603017,中衡设计,工程咨询服务Ⅱ,0.43,0,均线未呈多头排列,,,否,,
2026-08-06 02:32:16,603020,爱普股份,化学制品,0.69,0,"板块均值 0.80%, 个股涨幅 0.69%",,,否,,
2026-08-06 02:32:16,603029,天鹅股份,专用设备,0.0,0,"板块均值 0.73%, 个股涨幅 0.00%",,,否,,
2026-08-06 02:32:16,601899,紫金矿业,工业金属,2.11,0,周线未呈多头排列,,,否,,
2026-08-06 02:32:16,603045,福达合金,金属新材料,1.16,0,"板块均值 1.87%, 个股涨幅 1.16%",,,否,,
2026-08-06 02:32:16,603053,成都燃气,燃气Ⅱ,-0.34,0,"板块均值 0.46%, 个股涨幅 -0.34%",,,否,,
2026-08-06 02:32:16,603033,三维股份,橡胶,1.52,0,均线未呈多头排列,,,否,,
2026-08-06 02:32:16,603036,如通股份,专用设备,1.49,0,均线未向上倾斜,,,否,,
2026-08-06 02:32:16,603041,美思德,化学制品,1.14,0,均线未呈多头排列,,,否,,
2026-08-06 02:32:16,603051,鹿山新材,化学制品,1.65,0,均线未呈多头排列,,,否,,
2026-08-06 02:32:16,603060,国检集团,专业服务,1.27,0,均线未向上倾斜,,,否,,
2026-08-06 02:32:16,603067,振华股份,化学原料,-0.45,0,"板块均值 0.69%, 个股涨幅 -0.45%",,,否,,
2026-08-06 02:32:16,603072,天和磁材,金属新材料,1.53,0,"板块均值 1.87%, 个股涨幅 1.53%",,,否,,
2026-08-06 02:32:16,603062,麦加芯彩,化学制品,1.39,0,均线未向上倾斜,,,否,,
2026-08-06 02:32:16,603073,彩蝶实业,化学纤维,-1.25,0,"板块均值 0.27%, 个股涨幅 -1.25%",,,否,,
2026-08-06 02:32:16,603063,禾望电气,风电设备,0.12,0,均线未呈多头排列,,,否,,
2026-08-06 02:32:16,603065,宿迁联盛,化学制品,3.03,0,均线未呈多头排列,,,否,,
2026-08-06 02:32:16,603079,圣达生物,化学制品,-0.09,0,"板块均值 0.80%, 个股涨幅 -0.09%",,,否,,
2026-08-06 02:32:16,603092,德力佳,风电设备,-0.36,0,"板块均值 0.01%, 个股涨幅 -0.36%",,,否,,
2026-08-06 02:32:16,603095,越剑智能,专用设备,0.7,0,"板块均值 0.73%, 个股涨幅 0.70%",,,否,,
2026-08-06 02:32:16,603076,乐惠国际,专用设备,1.1,0,均线未呈多头排列,,,否,,
2026-08-06 02:32:16,603078,江化微,电子化学品Ⅱ,7.21,0,均线未呈多头排列,,,否,,
2026-08-06 02:32:16,603113,金能科技,化学原料,0.0,0,"板块均值 0.69%, 个股涨幅 0.00%",,,否,,
2026-08-06 02:32:16,603080,新疆火炬,燃气Ⅱ,0.91,0,均线未呈多头排列,,,否,,
2026-08-06 02:32:16,603081,大丰实业,专用设备,4.75,0,均线未向上倾斜,,,否,,
2026-08-06 02:32:16,603115,海星股份,电子化学品Ⅱ,1.2,0,"板块均值 1.58%, 个股涨幅 1.20%",,,否,,
2026-08-06 02:32:16,603120,肯特催化,化学制品,0.78,0,"板块均值 0.80%, 个股涨幅 0.78%",,,否,,
2026-08-06 02:32:16,603110,东方材料,化学制品,2.7,0,均线未呈多头排列,,,否,,
2026-08-06 02:32:16,603150,万朗磁塑,塑料,-0.06,0,"板块均值 0.60%, 个股涨幅 -0.06%",,,否,,
2026-08-06 02:32:16,603153,上海建科,工程咨询服务Ⅱ,0.0,0,"板块均值 0.37%, 个股涨幅 0.00%",,,否,,
2026-08-06 02:32:16,603124,江南新材,金属新材料,3.2,0,均线未呈多头排列,,,否,,
2026-08-06 02:32:16,603125,常青科技,化学制品,0.93,0,均线未呈多头排列,,,否,,
2026-08-06 02:32:16,603132,金徽股份,工业金属,5.34,0,均线未向上倾斜,,,否,,
2026-08-06 02:32:16,603135,中重科技,专用设备,1.28,0,均线未呈多头排列,,,否,,
2026-08-06 02:32:16,603169,兰石重装,专用设备,0.28,0,"板块均值 0.73%, 个股涨幅 0.28%",,,否,,
2026-08-06 02:32:16,603172,万丰股份,化学制品,0.06,0,"板块均值 0.80%, 个股涨幅 0.06%",,,否,,
2026-08-06 02:32:16,603155,新亚强,化学制品,2.43,0,均线未呈多头排列,,,否,,
2026-08-06 02:32:16,603173,福斯达,专用设备,-0.77,0,"板块均值 0.73%, 个股涨幅 -0.77%",,,否,,
2026-08-06 02:32:16,603159,上海亚虹,专用设备,1.08,0,均线未呈多头排列,,,否,,
2026-08-06 02:32:16,603175,超颖电子,元件,-1.41,0,"板块均值 2.57%, 个股涨幅 -1.41%",,,否,,
2026-08-06 02:32:16,603181,皇马科技,化学制品,0.45,0,"板块均值 0.80%, 个股涨幅 0.45%",,,否,,
2026-08-06 02:32:16,603188,亚邦股份,化学制品,0.75,0,"板块均值 0.80%, 个股涨幅 0.75%",,,否,,
2026-08-06 02:32:16,603192,汇得科技,化学制品,0.04,0,"板块均值 0.80%, 个股涨幅 0.04%",,,否,,
2026-08-06 02:32:16,603213,镇洋发展,化学原料,0.36,0,"板块均值 0.69%, 个股涨幅 0.36%",,,否,,
2026-08-06 02:32:16,603217,元利科技,化学制品,0.8,0,"板块均值 0.80%, 个股涨幅 0.80%",,,否,,
2026-08-06 02:32:16,603218,日月股份,风电设备,-0.1,0,"板块均值 0.01%, 个股涨幅 -0.10%",,,否,,
2026-08-06 02:32:16,603186,华正新材,元件,6.5,0,均线未呈多头排列,,,否,,
2026-08-06 02:32:16,603227,雪峰科技,化学制品,-0.26,0,"板块均值 0.80%, 个股涨幅 -0.26%",,,否,,
2026-08-06 02:32:16,603235,天新药业,化学制品,0.0,0,"板块均值 0.80%, 个股涨幅 0.00%",,,否,,
2026-08-06 02:32:16,603223,恒通股份,炼化及贸易,1.47,0,均线未呈多头排列,,,否,,
2026-08-06 02:32:16,603255,鼎际得,化学制品,0.22,0,"板块均值 0.80%, 个股涨幅 0.22%",,,否,,
2026-08-06 02:32:16,603225,新凤鸣,化学纤维,1.25,0,均线未向上倾斜,,,否,,
2026-08-06 02:32:16,603228,景旺电子,元件,10.0,0,均线未呈多头排列,,,否,,
2026-08-06 02:32:16,603257,中国瑞林,工程咨询服务Ⅱ,-0.49,0,"板块均值 0.37%, 个股涨幅 -0.49%",,,否,,
2026-08-06 02:32:16,603248,锡华科技,风电设备,0.31,0,均线未向上倾斜,,,否,,
2026-08-06 02:32:16,603183,建研院,专业服务,1.13,0,周线未呈多头排列,,,否,,
2026-08-06 02:32:16,603271,永杰新材,工业金属,0.88,0,"板块均值 0.99%, 个股涨幅 0.88%",,,否,,
2026-08-06 02:32:16,603276,恒兴新材,化学制品,-0.2,0,"板块均值 0.80%, 个股涨幅 -0.20%",,,否,,
2026-08-06 02:32:16,603256,宏和科技,玻璃玻纤,5.38,0,均线未呈多头排列,,,否,,
2026-08-06 02:32:16,603289,泰瑞机器,专用设备,0.12,0,"板块均值 0.73%, 个股涨幅 0.12%",,,否,,
2026-08-06 02:32:16,603260,合盛硅业,化学制品,0.82,0,均线未呈多头排列,,,否,,
2026-08-06 02:32:16,603299,苏盐井神,化学原料,-0.76,0,"板块均值 0.69%, 个股涨幅 -0.76%",,,否,,
2026-08-06 02:32:16,603310,巍华新材,化学制品,0.2,0,"板块均值 0.80%, 个股涨幅 0.20%",,,否,,
2026-08-06 02:32:16,603321,梅轮电梯,专用设备,0.16,0,"板块均值 0.73%, 个股涨幅 0.16%",,,否,,
2026-08-06 02:32:16,603281,江瀚新材,化学制品,1.24,0,均线未呈多头排列,,,否,,
2026-08-06 02:32:16,603285,键邦股份,化学制品,10.0,0,均线未呈多头排列,,,否,,
2026-08-06 02:32:16,603325,博隆技术,专用设备,-0.52,0,"板块均值 0.73%, 个股涨幅 -0.52%",,,否,,
2026-08-06 02:32:16,603328,依顿电子,元件,0.0,0,"板块均值 2.57%, 个股涨幅 0.00%",,,否,,
2026-08-06 02:32:16,603318,水发燃气,燃气Ⅱ,1.0,0,均线未呈多头排列,,,否,,
2026-08-06 02:32:16,603334,丰倍生物,化学制品,-0.06,0,"板块均值 0.80%, 个股涨幅 -0.06%",,,否,,
2026-08-06 02:32:16,603337,杰克科技,专用设备,-1.71,0,"板块均值 0.73%, 个股涨幅 -1.71%",,,否,,
2026-08-06 02:32:16,603353,和顺石油,炼化及贸易,0.74,0,"板块均值 1.06%, 个股涨幅 0.74%",,,否,,
2026-08-06 02:32:16,603356,华菱精工,专用设备,-0.82,0,"板块均值 0.73%, 个股涨幅 -0.82%",,,否,,
2026-08-06 02:32:16,603357,设计总院,工程咨询服务Ⅱ,-0.99,0,"板块均值 0.37%, 个股涨幅 -0.99%",,,否,,
2026-08-06 02:32:16,603330,天洋新材,塑料,3.19,0,均线未呈多头排列,,,否,,
2026-08-06 02:32:16,603332,苏州龙杰,化学纤维,1.29,0,均线未向上倾斜,,,否,,
2026-08-06 02:32:16,603373,安邦护卫,专业服务,-1.01,0,"板块均值 1.07%, 个股涨幅 -1.01%",,,否,,
2026-08-06 02:32:16,603382,海阳科技,化学纤维,0.06,0,"板块均值 0.27%, 个股涨幅 0.06%",,,否,,
2026-08-06 02:32:16,603386,骏亚科技,元件,1.94,0,"板块均值 2.57%, 个股涨幅 1.94%",,,否,,
2026-08-06 02:32:16,603391,力聚热能,专用设备,0.33,0,"板块均值 0.73%, 个股涨幅 0.33%",,,否,,
2026-08-06 02:32:16,603406,天富龙,化学纤维,-0.26,0,"板块均值 0.27%, 个股涨幅 -0.26%",,,否,,
2026-08-06 02:32:16,603407,长裕集团,小金属,1.71,0,"板块均值 2.42%, 个股涨幅 1.71%",,,否,,
2026-08-06 02:32:16,603379,三美股份,化学制品,1.41,0,均线未呈多头排列,,,否,,
2026-08-06 02:32:16,603458,勘设股份,工程咨询服务Ⅱ,-0.33,0,"板块均值 0.37%, 个股涨幅 -0.33%",,,否,,
2026-08-06 02:32:16,603488,展鹏科技,专用设备,-0.35,0,"板块均值 0.73%, 个股涨幅 -0.35%",,,否,,
2026-08-06 02:32:16,603435,嘉德利,塑料,1.6,0,上市不足60日,,,否,,
2026-08-06 02:32:16,603566,普莱柯,动物保健Ⅱ,-1.36,0,"板块均值 0.64%, 个股涨幅 -1.36%",,,否,,
2026-08-06 02:32:16,603459,红板科技,元件,3.79,0,均线未呈多头排列,,,否,,
2026-08-06 02:32:16,603580,艾艾精工,塑料,-3.06,0,"板块均值 0.60%, 个股涨幅 -3.06%",,,否,,
2026-08-06 02:32:16,603505,金石资源,化学制品,1.08,0,均线未向上倾斜,,,否,,
2026-08-06 02:32:16,603507,振江股份,风电设备,0.08,0,均线未向上倾斜,,,否,,
2026-08-06 02:32:16,603527,众源新材,工业金属,1.35,0,均线未呈多头排列,,,否,,
2026-08-06 02:32:16,603612,索通发展,非金属材料Ⅱ,-0.35,0,"板块均值 1.28%, 个股涨幅 -0.35%",,,否,,
2026-08-06 02:32:16,603616,韩建河山,水泥,0.39,0,"板块均值 1.79%, 个股涨幅 0.39%",,,否,,
2026-08-06 02:32:16,603393,新天然气,燃气Ⅱ,1.3,0,周线未呈多头排列,,,否,,
2026-08-06 02:32:16,603656,泰禾智能,专用设备,0.62,0,"板块均值 0.73%, 个股涨幅 0.62%",,,否,,
2026-08-06 02:32:16,603601,再升科技,玻璃玻纤,3.17,0,均线未呈多头排列,,,否,,
2026-08-06 02:32:16,603683,晶华新材,化学制品,0.13,0,"板块均值 0.80%, 个股涨幅 0.13%",,,否,,
2026-08-06 02:32:16,603619,中曼石油,油服工程,3.57,0,均线未呈多头排列,,,否,,
2026-08-06 02:32:16,603688,石英股份,非金属材料Ⅱ,0.97,0,"板块均值 1.28%, 个股涨幅 0.97%",,,否,,
2026-08-06 02:32:16,603650,彤程新材,橡胶,2.49,0,均线未呈多头排列,,,否,,
2026-08-06 02:32:16,603689,皖天然气,燃气Ⅱ,0.0,0,"板块均值 0.46%, 个股涨幅 0.00%",,,否,,
2026-08-06 02:32:16,603663,三祥新材,化学原料,3.87,0,均线未呈多头排列,,,否,,
2026-08-06 02:32:16,603789,ST星农,专用设备,1.44,0,ST股,,,否,,
2026-08-06 02:32:16,603681,永冠新材,化学制品,2.39,0,均线未呈多头排列,,,否,,
2026-08-06 02:32:16,603706,东方环宇,燃气Ⅱ,0.27,0,"板块均值 0.46%, 个股涨幅 0.27%",,,否,,
2026-08-06 02:32:16,603722,阿科力,化学制品,-0.03,0,"板块均值 0.80%, 个股涨幅 -0.03%",,,否,,
2026-08-06 02:32:16,603822,ST嘉澳,化学制品,1.14,0,ST股,,,否,,
2026-08-06 02:32:16,603727,博迈科,油服工程,0.22,0,"板块均值 1.20%, 个股涨幅 0.22%",,,否,,
2026-08-06 02:32:16,603739,蔚蓝生物,化学制品,0.17,0,"板块均值 0.80%, 个股涨幅 0.17%",,,否,,
2026-08-06 02:32:16,603698,航天工程,专用设备,1.04,0,均线未呈多头排列,,,否,,
2026-08-06 02:32:16,603790,雅运股份,化学制品,-1.63,0,"板块均值 0.80%, 个股涨幅 -1.63%",,,否,,
2026-08-06 02:32:16,603826,坤彩科技,非金属材料Ⅱ,1.04,0,"板块均值 1.28%, 个股涨幅 1.04%",,,否,,
2026-08-06 02:32:16,603738,泰晶科技,元件,5.19,0,均线未呈多头排列,,,否,,
2026-08-06 02:32:16,603855,华荣股份,专用设备,-1.25,0,"板块均值 0.73%, 个股涨幅 -1.25%",,,否,,
2026-08-06 02:32:16,603798,康普顿,炼化及贸易,2.98,0,均线未向上倾斜,,,否,,
2026-08-06 02:32:16,603800,洪田股份,专用设备,5.15,0,均线未呈多头排列,,,否,,
2026-08-06 02:32:16,603823,百合花,化学制品,9.7,0,均线未呈多头排列,,,否,,
2026-08-06 02:32:16,603876,鼎胜新材,工业金属,-2.24,0,"板块均值 0.99%, 个股涨幅 -2.24%",,,否,,
2026-08-06 02:32:16,603879,永悦科技,塑料,0.59,0,"板块均值 0.60%, 个股涨幅 0.59%",,,否,,
2026-08-06 02:32:16,603895,天永智能,专用设备,-0.69,0,"板块均值 0.73%, 个股涨幅 -0.69%",,,否,,
2026-08-06 02:32:16,603860,中公高科,工程咨询服务Ⅱ,0.39,0,均线未向上倾斜,,,否,,
2026-08-06 02:32:16,603867,新化股份,化学制品,1.98,0,均线未呈多头排列,,,否,,
2026-08-06 02:32:16,603909,建发合诚,工程咨询服务Ⅱ,0.11,0,"板块均值 0.37%, 个股涨幅 0.11%",,,否,,
2026-08-06 02:32:16,603920,世运电路,元件,1.77,0,"板块均值 2.57%, 个股涨幅 1.77%",,,否,,
2026-08-06 02:32:16,603931,格林达,电子化学品Ⅱ,1.07,0,"板块均值 1.58%, 个股涨幅 1.07%",,,否,,
2026-08-06 02:32:16,603900,莱绅通灵,饰品,1.51,0,均线未向上倾斜,,,否,,
2026-08-06 02:32:16,603901,永创智能,专用设备,0.94,0,均线未呈多头排列,,,否,,
2026-08-06 02:32:16,603916,苏博特,化学制品,3.18,0,均线未呈多头排列,,,否,,
2026-08-06 02:32:16,603928,兴业股份,塑料,4.02,0,均线未呈多头排列,,,否,,
2026-08-06 02:32:16,603948,建业股份,化学制品,0.74,0,"板块均值 0.80%, 个股涨幅 0.74%",,,否,,
2026-08-06 02:32:16,603936,博敏电子,元件,3.67,0,均线未呈多头排列,,,否,,
2026-08-06 02:32:16,603966,法兰泰克,专用设备,0.0,0,"板块均值 0.73%, 个股涨幅 0.00%",,,否,,
2026-08-06 02:32:16,603937,丽岛新材,工业金属,1.01,0,均线未向上倾斜,,,否,,
2026-08-06 02:32:16,603968,醋化股份,化学制品,0.6,0,"板块均值 0.80%, 个股涨幅 0.60%",,,否,,
2026-08-06 02:32:16,603938,三孚股份,化学原料,2.14,0,均线未呈多头排列,,,否,,
2026-08-06 02:32:16,603978,深圳新星,金属新材料,1.31,0,"板块均值 1.87%, 个股涨幅 1.31%",,,否,,
2026-08-06 02:32:16,603979,金诚信,工业金属,-0.86,0,"板块均值 0.99%, 个股涨幅 -0.86%",,,否,,
2026-08-06 02:32:16,603980,吉华集团,化学制品,0.45,0,"板块均值 0.80%, 个股涨幅 0.45%",,,否,,
2026-08-06 02:32:16,603989,艾华集团,元件,1.65,0,"板块均值 2.57%, 个股涨幅 1.65%",,,否,,
2026-08-06 02:32:16,603977,国泰集团,化学制品,1.43,0,均线未呈多头排列,,,否,,
2026-08-06 02:32:16,605008,长鸿高科,塑料,-1.22,0,"板块均值 0.60%, 个股涨幅 -1.22%",,,否,,
2026-08-06 02:32:16,605016,百龙创园,化学制品,0.23,0,"板块均值 0.80%, 个股涨幅 0.23%",,,否,,
2026-08-06 02:32:16,603985,恒润股份,风电设备,0.9,0,均线未呈多头排列,,,否,,
2026-08-06 02:32:16,605020,永和股份,化学制品,0.69,0,"板块均值 0.80%, 个股涨幅 0.69%",,,否,,
2026-08-06 02:32:16,603993,洛阳钼业,工业金属,1.61,0,均线未向上倾斜,,,否,,
2026-08-06 02:32:16,605058,澳弘电子,元件,1.57,0,"板块均值 2.57%, 个股涨幅 1.57%",,,否,,
2026-08-06 02:32:16,605006,山东玻纤,玻璃玻纤,3.32,0,均线未呈多头排列,,,否,,
2026-08-06 02:32:16,605077,华康股份,化学制品,-0.27,0,"板块均值 0.80%, 个股涨幅 -0.27%",,,否,,
2026-08-06 02:32:16,603956,威派格,专用设备,1.3,0,超额收益 1.01%,2026-07-23,,否,,
2026-08-06 02:32:16,605086,龙高股份,非金属材料Ⅱ,-0.46,0,"板块均值 1.28%, 个股涨幅 -0.46%",,,否,,
2026-08-06 02:32:16,605122,四方新材,水泥,0.65,0,"板块均值 1.79%, 个股涨幅 0.65%",,,否,,
2026-08-06 02:32:16,605158,华达新材,金属新材料,0.0,0,"板块均值 1.87%, 个股涨幅 0.00%",,,否,,
2026-08-06 02:32:16,605169,洪通燃气,燃气Ⅱ,0.2,0,"板块均值 0.46%, 个股涨幅 0.20%",,,否,,
2026-08-06 02:32:16,605183,确成股份,橡胶,-0.55,0,"板块均值 0.46%, 个股涨幅 -0.55%",,,否,,
2026-08-06 02:32:16,605258,协和电子,元件,1.5,0,"板块均值 2.57%, 个股涨幅 1.50%",,,否,,
2026-08-06 02:32:16,605090,九丰能源,燃气Ⅱ,0.89,0,均线未呈多头排列,,,否,,
2026-08-06 02:32:16,605259,绿田机械,专用设备,0.0,0,"板块均值 0.73%, 个股涨幅 0.00%",,,否,,
2026-08-06 02:32:16,605286,同力天启,专用设备,-0.09,0,"板块均值 0.73%, 个股涨幅 -0.09%",,,否,,
2026-08-06 02:32:16,605166,聚合顺,化学纤维,0.93,0,均线未向上倾斜,,,否,,
2026-08-06 02:32:16,605366,宏柏新材,化学制品,0.13,0,"板块均值 0.80%, 个股涨幅 0.13%",,,否,,
2026-08-06 02:32:16,605368,蓝天燃气,燃气Ⅱ,-0.3,0,"板块均值 0.46%, 个股涨幅 -0.30%",,,否,,
2026-08-06 02:32:16,605208,永茂泰,工业金属,1.69,0,均线未呈多头排列,,,否,,
2026-08-06 02:32:16,000012,南 玻Ａ,玻璃玻纤,-2.02,0,"板块均值 1.26%, 个股涨幅 -2.02%",,,否,,
2026-08-06 02:32:16,000017,深中华A,饰品,-0.65,0,"板块均值 1.48%, 个股涨幅 -0.65%",,,否,,
2026-08-06 02:32:16,000026,飞亚达,饰品,1.23,0,"板块均值 1.48%, 个股涨幅 1.23%",,,否,,
2026-08-06 02:32:16,605399,晨光新材,化学制品,1.54,0,均线未呈多头排列,,,否,,
2026-08-06 02:32:16,605488,福莱新材,塑料,2.36,0,均线未呈多头排列,,,否,,
2026-08-06 02:32:16,605566,福莱蒽特,化学制品,4.19,0,均线未呈多头排列,,,否,,
2026-08-06 02:32:16,605589,圣泉集团,塑料,1.28,0,均线未呈多头排列,,,否,,
2026-08-06 02:32:16,000059,华锦股份,炼化及贸易,0.66,0,"板块均值 1.06%, 个股涨幅 0.66%",,,否,,
2026-08-06 02:32:16,000060,中金岭南,工业金属,0.74,0,"板块均值 0.99%, 个股涨幅 0.74%",,,否,,
2026-08-06 02:32:16,000096,广聚能源,炼化及贸易,0.39,0,"板块均值 1.06%, 个股涨幅 0.39%",,,否,,
2026-08-06 02:32:16,000401,金隅冀东,水泥,-0.28,0,"板块均值 1.79%, 个股涨幅 -0.28%",,,否,,
2026-08-06 02:32:16,000407,胜利股份,燃气Ⅱ,0.25,0,"板块均值 0.46%, 个股涨幅 0.25%",,,否,,
2026-08-06 02:32:16,000420,吉林化纤,化学纤维,-0.26,0,"板块均值 0.27%, 个股涨幅 -0.26%",,,否,,
2026-08-06 02:32:16,000301,东方盛虹,炼化及贸易,1.67,0,均线未向上倾斜,,,否,,
2026-08-06 02:32:16,000545,金浦钛业,化学原料,-0.78,0,"板块均值 0.69%, 个股涨幅 -0.78%",,,否,,
2026-08-06 02:32:16,000552,甘肃能化,煤炭开采,0.39,0,"板块均值 2.06%, 个股涨幅 0.39%",,,否,,
2026-08-06 02:32:16,000554,泰山石油,炼化及贸易,0.47,0,"板块均值 1.06%, 个股涨幅 0.47%",,,否,,
2026-08-06 02:32:16,605599,菜百股份,饰品,4.76,0,周线未呈多头排列,,,否,,
2026-08-06 02:32:16,000426,兴业银锡,工业金属,6.25,0,均线未向上倾斜,,,否,,
2026-08-06 02:32:16,000506,招金黄金,贵金属,5.51,0,均线未向上倾斜,,,否,,
2026-08-06 02:32:16,000510,新金路,化学原料,1.05,0,均线未呈多头排列,,,否,,
2026-08-06 02:32:16,000565,渝三峡Ａ,化学制品,0.17,0,"板块均值 0.80%, 个股涨幅 0.17%",,,否,,
2026-08-06 02:32:16,000612,焦作万方,工业金属,0.96,0,"板块均值 0.99%, 个股涨幅 0.96%",,,否,,
2026-08-06 02:32:16,000630,铜陵有色,工业金属,0.45,0,"板块均值 0.99%, 个股涨幅 0.45%",,,否,,
2026-08-06 02:32:16,000633,合金投资,金属新材料,1.18,0,"板块均值 1.87%, 个股涨幅 1.18%",,,否,,
2026-08-06 02:32:16,000669,ST金鸿,燃气Ⅱ,-0.28,0,ST股,,,否,,
2026-08-06 02:32:16,000635,英 力 特,化学原料,0.62,0,"板块均值 0.69%, 个股涨幅 0.62%",,,否,,
2026-08-06 02:32:16,000677,ST海龙,化学纤维,-1.17,0,ST股,,,否,,
2026-08-06 02:32:16,000636,风华高科,元件,-1.18,0,"板块均值 2.57%, 个股涨幅 -1.18%",,,否,,
2026-08-06 02:32:16,000571,新大洲A,煤炭开采,3.75,0,均线未呈多头排列,,,否,,
2026-08-06 02:32:16,000593,德龙汇能,燃气Ⅱ,1.07,0,均线未呈多头排列,,,否,,
2026-08-06 02:32:16,000698,ST沈化,炼化及贸易,1.2,0,ST股,,,否,,
2026-08-06 02:32:16,000603,盛达资源,工业金属,10.02,0,均线未向上倾斜,,,否,,
2026-08-06 02:32:16,000672,上峰材料,水泥,0.14,0,"板块均值 1.79%, 个股涨幅 0.14%",,,否,,
2026-08-06 02:32:16,000688,国城矿业,小金属,1.49,0,"板块均值 2.42%, 个股涨幅 1.49%",,,否,,
2026-08-06 02:32:16,000691,亚太实业,化学原料,-0.1,0,"板块均值 0.69%, 个股涨幅 -0.10%",,,否,,
2026-08-06 02:32:16,000707,双环科技,化学原料,-0.45,0,"板块均值 0.69%, 个股涨幅 -0.45%",,,否,,
2026-08-06 02:32:16,000637,茂化实华,炼化及贸易,2.95,0,均线未向上倾斜,,,否,,
2026-08-06 02:32:16,000657,中钨高新,小金属,5.82,0,均线未呈多头排列,,,否,,
2026-08-06 02:32:16,000737,北方铜业,工业金属,-0.28,0,"板块均值 0.99%, 个股涨幅 -0.28%",,,否,,
2026-08-06 02:32:16,000683,博源化工,化学原料,1.34,0,均线未呈多头排列,,,否,,
2026-08-06 02:32:16,000758,中色股份,工业金属,0.16,0,"板块均值 0.99%, 个股涨幅 0.16%",,,否,,
2026-08-06 02:32:16,000789,万年青,水泥,0.25,0,"板块均值 1.79%, 个股涨幅 0.25%",,,否,,
2026-08-06 02:32:16,000795,英洛华,金属新材料,1.16,0,"板块均值 1.87%, 个股涨幅 1.16%",,,否,,
2026-08-06 02:32:16,000807,云铝股份,工业金属,0.75,0,"板块均值 0.99%, 个股涨幅 0.75%",,,否,,
2026-08-06 02:32:16,000751,锌业股份,工业金属,4.3,0,均线未呈多头排列,,,否,,
2026-08-06 02:32:16,000809,和展能源,风电设备,-0.3,0,"板块均值 0.01%, 个股涨幅 -0.30%",,,否,,
2026-08-06 02:32:16,000782,恒申新材,化学纤维,0.27,0,均线未呈多头排列,,,否,,
2026-08-06 02:32:16,000818,航锦科技,化学原料,0.15,0,"板块均值 0.69%, 个股涨幅 0.15%",,,否,,
2026-08-06 02:32:16,000819,岳阳兴长,炼化及贸易,0.66,0,"板块均值 1.06%, 个股涨幅 0.66%",,,否,,
2026-08-06 02:32:16,000822,山东海化,化学原料,0.23,0,"板块均值 0.69%, 个股涨幅 0.23%",,,否,,
2026-08-06 02:32:16,000823,超声电子,元件,1.42,0,"板块均值 2.57%, 个股涨幅 1.42%",,,否,,
2026-08-06 02:32:16,000830,鲁西化工,化学原料,-0.15,0,"板块均值 0.69%, 个股涨幅 -0.15%",,,否,,
2026-08-06 02:32:16,000703,恒逸石化,炼化及贸易,3.66,0,乖离率 5.53% 超出范围,,,否,,
2026-08-06 02:32:16,000852,石化机械,专用设备,-0.74,0,"板块均值 0.73%, 个股涨幅 -0.74%",,,否,,
2026-08-06 02:32:16,000856,冀东装备,专用设备,0.26,0,"板块均值 0.73%, 个股涨幅 0.26%",,,否,,
2026-08-06 02:32:16,000859,国风新材,塑料,-1.51,0,"板块均值 0.60%, 个股涨幅 -1.51%",,,否,,
2026-08-06 02:32:16,000877,天山股份,水泥,1.32,0,"板块均值 1.79%, 个股涨幅 1.32%",,,否,,
2026-08-06 02:32:16,000878,云南铜业,工业金属,0.3,0,"板块均值 0.99%, 个股涨幅 0.30%",,,否,,
2026-08-06 02:32:16,000881,中广核技,化学制品,-0.77,0,"板块均值 0.80%, 个股涨幅 -0.77%",,,否,,
2026-08-06 02:32:16,000779,甘咨询,工程咨询服务Ⅱ,7.12,0,乖离率 10.95% 超出范围,,,否,,
2026-08-06 02:32:16,000831,中国稀土,小金属,2.64,0,均线未向上倾斜,,,否,,
2026-08-06 02:32:16,000920,沃顿科技,塑料,-0.35,0,"板块均值 0.60%, 个股涨幅 -0.35%",,,否,,
2026-08-06 02:32:16,000933,神火股份,工业金属,0.65,0,"板块均值 0.99%, 个股涨幅 0.65%",,,否,,
2026-08-06 02:32:16,000936,华西股份,化学纤维,-0.57,0,"板块均值 0.27%, 个股涨幅 -0.57%",,,否,,
2026-08-06 02:32:16,000937,冀中能源,煤炭开采,0.87,0,"板块均值 2.06%, 个股涨幅 0.87%",,,否,,
2026-08-06 02:32:16,000960,锡业股份,小金属,2.38,0,"板块均值 2.42%, 个股涨幅 2.38%",,,否,,
2026-08-06 02:32:16,000969,安泰科技,金属新材料,0.29,0,"板块均值 1.87%, 个股涨幅 0.29%",,,否,,
2026-08-06 02:32:16,000973,佛塑科技,塑料,-0.16,0,"板块均值 0.60%, 个股涨幅 -0.16%",,,否,,
2026-08-06 02:32:16,000983,山西焦煤,煤炭开采,0.93,0,"板块均值 2.06%, 个股涨幅 0.93%",,,否,,
2026-08-06 02:32:16,000949,新乡化纤,化学纤维,0.47,0,均线未向上倾斜,,,否,,
2026-08-06 02:32:16,000962,东方钽业,小金属,4.03,0,均线未呈多头排列,,,否,,
2026-08-06 02:32:16,000990,诚志股份,化学原料,0.46,0,"板块均值 0.69%, 个股涨幅 0.46%",,,否,,
2026-08-06 02:32:16,000970,中科三环,金属新材料,3.56,0,均线未呈多头排列,,,否,,
2026-08-06 02:32:16,001207,联科科技,橡胶,-0.52,0,"板块均值 0.46%, 个股涨幅 -0.52%",,,否,,
2026-08-06 02:32:16,001217,华尔泰,化学原料,0.61,0,"板块均值 0.69%, 个股涨幅 0.61%",,,否,,
2026-08-06 02:32:16,000985,大庆华科,炼化及贸易,1.09,0,均线未向上倾斜,,,否,,
2026-08-06 02:32:16,001225,和泰机电,专用设备,-0.95,0,"板块均值 0.73%, 个股涨幅 -0.95%",,,否,,
2026-08-06 02:32:16,001255,博菲电气,塑料,-0.2,0,"板块均值 0.60%, 个股涨幅 -0.20%",,,否,,
2026-08-06 02:32:16,001257,盛龙股份,小金属,1.05,0,"板块均值 2.42%, 个股涨幅 1.05%",,,否,,
2026-08-06 02:32:16,001218,丽臣实业,化学制品,2.56,0,均线未呈多头排列,,,否,,
2026-08-06 02:32:16,001280,中国铀业,小金属,0.98,0,"板块均值 2.42%, 个股涨幅 0.98%",,,否,,
2026-08-06 02:32:16,001296,长江材料,非金属材料Ⅱ,0.28,0,"板块均值 1.28%, 个股涨幅 0.28%",,,否,,
2026-08-06 02:32:16,001256,炜冈科技,专用设备,2.81,0,均线未呈多头排列,,,否,,
2026-08-06 02:32:16,001299,美能能源,燃气Ⅱ,0.1,0,"板块均值 0.46%, 个股涨幅 0.10%",,,否,,
2026-08-06 02:32:16,000975,山金国际,贵金属,4.67,0,周线未呈多头排列,,,否,,
2026-08-06 02:32:16,001277,速达股份,专用设备,1.23,0,均线未向上倾斜,,,否,,
2026-08-06 02:32:16,001316,润贝航科,炼化及贸易,0.45,0,"板块均值 1.06%, 个股涨幅 0.45%",,,否,,
2026-08-06 02:32:16,001325,元创股份,橡胶,-0.49,0,"板块均值 0.46%, 个股涨幅 -0.49%",,,否,,
2026-08-06 02:32:16,001288,运机集团,专用设备,5.82,0,均线未向上倾斜,,,否,,
2026-08-06 02:32:16,001332,锡装股份,专用设备,-0.7,0,"板块均值 0.73%, 个股涨幅 -0.70%",,,否,,
2026-08-06 02:32:16,001335,信凯科技,化学制品,-0.5,0,"板块均值 0.80%, 个股涨幅 -0.50%",,,否,,
2026-08-06 02:32:16,001358,兴欣新材,化学制品,0.42,0,"板块均值 0.80%, 个股涨幅 0.42%",,,否,,
2026-08-06 02:32:16,001360,南矿集团,专用设备,-1.81,0,"板块均值 0.73%, 个股涨幅 -1.81%",,,否,,
2026-08-06 02:32:16,001331,胜通能源,燃气Ⅱ,3.51,0,均线未呈多头排列,,,否,,
2026-08-06 02:32:16,001369,双欣材料,化学纤维,-0.84,0,"板块均值 0.27%, 个股涨幅 -0.84%",,,否,,
2026-08-06 02:32:16,001333,光华股份,塑料,0.71,0,均线未呈多头排列,,,否,,
2026-08-06 02:32:16,001337,四川黄金,贵金属,4.9,0,均线未向上倾斜,,,否,,
2026-08-06 02:32:16,001389,广合科技,元件,-0.36,0,"板块均值 2.57%, 个股涨幅 -0.36%",,,否,,
2026-08-06 02:32:16,001359,平安电工,塑料,1.02,0,均线未呈多头排列,,,否,,
2026-08-06 02:32:16,001395,亚联机械,专用设备,-0.6,0,"板块均值 0.73%, 个股涨幅 -0.60%",,,否,,
2026-08-06 02:32:16,002006,精工科技,专用设备,-0.22,0,"板块均值 0.73%, 个股涨幅 -0.22%",,,否,,
2026-08-06 02:32:16,001378,德冠新材,塑料,4.88,0,均线未呈多头排列,,,否,,
2026-08-06 02:32:16,002009,天奇股份,专用设备,-0.06,0,"板块均值 0.73%, 个股涨幅 -0.06%",,,否,,
2026-08-06 02:32:16,002021,中捷资源,专用设备,-1.48,0,"板块均值 0.73%, 个股涨幅 -1.48%",,,否,,
2026-08-06 02:32:16,002031,巨轮智能,专用设备,-0.74,0,"板块均值 0.73%, 个股涨幅 -0.74%",,,否,,
2026-08-06 02:32:16,001400,江顺科技,专用设备,1.9,0,均线未呈多头排列,,,否,,
2026-08-06 02:32:16,002054,德美化工,化学制品,0.42,0,"板块均值 0.80%, 个股涨幅 0.42%",,,否,,
2026-08-06 02:32:16,002068,黑猫股份,橡胶,0.12,0,"板块均值 0.46%, 个股涨幅 0.12%",,,否,,
2026-08-06 02:32:16,002073,软控股份,专用设备,-1.05,0,"板块均值 0.73%, 个股涨幅 -1.05%",,,否,,
2026-08-06 02:32:16,002037,保利联合,化学制品,3.67,0,均线未向上倾斜,,,否,,
2026-08-06 02:32:16,002109,ST兴化,化学原料,-0.39,0,ST股,,,否,,
2026-08-06 02:32:16,002057,中钢天源,专业服务,1.78,0,均线未呈多头排列,,,否,,
2026-08-06 02:32:16,002108,沧州明珠,塑料,-0.91,0,"板块均值 0.60%, 个股涨幅 -0.91%",,,否,,
2026-08-06 02:32:16,002080,中材科技,玻璃玻纤,3.83,0,均线未呈多头排列,,,否,,
2026-08-06 02:32:16,002001,新 和 成,化学制品,2.95,0,周线未呈多头排列,,,否,,
2026-08-06 02:32:16,002128,电投能源,煤炭开采,0.81,0,"板块均值 2.06%, 个股涨幅 0.81%",,,否,,
2026-08-06 02:32:16,002134,天津普林,元件,1.86,0,"板块均值 2.57%, 个股涨幅 1.86%",,,否,,
2026-08-06 02:32:16,002114,罗平锌电,工业金属,1.41,0,均线未向上倾斜,,,否,,
2026-08-06 02:32:16,002136,安 纳 达,化学原料,-0.24,0,"板块均值 0.69%, 个股涨幅 -0.24%",,,否,,
2026-08-06 02:32:16,002138,顺络电子,元件,-2.3,0,"板块均值 2.57%, 个股涨幅 -2.30%",,,否,,
2026-08-06 02:32:16,002064,华峰化学,化学纤维,1.91,0,周线未呈多头排列,,,否,,
2026-08-06 02:32:16,002145,钛能化学,化学原料,-1.08,0,"板块均值 0.69%, 个股涨幅 -1.08%",,,否,,
2026-08-06 02:32:16,002149,西部材料,小金属,1.24,0,"板块均值 2.42%, 个股涨幅 1.24%",,,否,,
2026-08-06 02:32:16,002155,湖南黄金,贵金属,2.39,0,"板块均值 3.74%, 个股涨幅 2.39%",,,否,,
2026-08-06 02:32:16,002160,常铝股份,工业金属,0.0,0,"板块均值 0.99%, 个股涨幅 0.00%",,,否,,
2026-08-06 02:32:16,002092,中泰化学,化学原料,1.13,0,周线未呈多头排列,,,否,,
2026-08-06 02:32:16,002141,贤丰控股,元件,2.66,0,均线未呈多头排列,,,否,,
2026-08-06 02:32:16,002165,红 宝 丽,化学制品,-0.9,0,"板块均值 0.80%, 个股涨幅 -0.90%",,,否,,
2026-08-06 02:32:16,002096,易普力,化学制品,0.95,0,周线未呈多头排列,,,否,,
2026-08-06 02:32:16,002166,莱茵生物,化学制品,-0.9,0,"板块均值 0.80%, 个股涨幅 -0.90%",,,否,,
2026-08-06 02:32:16,002167,东方锆业,小金属,1.51,0,"板块均值 2.42%, 个股涨幅 1.51%",,,否,,
2026-08-06 02:32:16,002171,楚江新材,工业金属,0.2,0,"板块均值 0.99%, 个股涨幅 0.20%",,,否,,
2026-08-06 02:32:16,002182,宝武镁业,小金属,-2.13,0,"板块均值 2.42%, 个股涨幅 -2.13%",,,否,,
2026-08-06 02:32:16,002207,*ST准油,油服工程,0.17,0,ST股,,,否,,
2026-08-06 02:32:16,002199,东晶电子,元件,1.53,0,"板块均值 2.57%, 个股涨幅 1.53%",,,否,,
2026-08-06 02:32:16,002211,ST宏达,化学制品,0.0,0,ST股,,,否,,
2026-08-06 02:32:16,002201,九鼎新材,玻璃玻纤,0.36,0,"板块均值 1.26%, 个股涨幅 0.36%",,,否,,
2026-08-06 02:32:16,002203,海亮股份,工业金属,-0.57,0,"板块均值 0.99%, 个股涨幅 -0.57%",,,否,,
2026-08-06 02:32:16,002204,大连重工,专用设备,-0.74,0,"板块均值 0.73%, 个股涨幅 -0.74%",,,否,,
2026-08-06 02:32:16,002205,国统股份,水泥,1.46,0,"板块均值 1.79%, 个股涨幅 1.46%",,,否,,
2026-08-06 02:32:16,002206,海 利 得,化学纤维,-0.19,0,"板块均值 0.27%, 个股涨幅 -0.19%",,,否,,
2026-08-06 02:32:16,002209,达 意 隆,专用设备,0.47,0,"板块均值 0.73%, 个股涨幅 0.47%",,,否,,
2026-08-06 02:32:16,002221,东华能源,炼化及贸易,-0.53,0,"板块均值 1.06%, 个股涨幅 -0.53%",,,否,,
2026-08-06 02:32:16,002224,三 力 士,橡胶,-0.29,0,"板块均值 0.46%, 个股涨幅 -0.29%",,,否,,
2026-08-06 02:32:16,002202,金风科技,风电设备,4.17,0,均线未呈多头排列,,,否,,
2026-08-06 02:32:16,002226,江南化工,化学制品,0.39,0,"板块均值 0.80%, 个股涨幅 0.39%",,,否,,
2026-08-06 02:32:16,002233,塔牌集团,水泥,0.68,0,"板块均值 1.79%, 个股涨幅 0.68%",,,否,,
2026-08-06 02:32:16,002237,恒邦股份,贵金属,1.22,0,"板块均值 3.74%, 个股涨幅 1.22%",,,否,,
2026-08-06 02:32:16,002243,力合科创,专业服务,-0.4,0,"板块均值 1.07%, 个股涨幅 -0.40%",,,否,,
2026-08-06 02:32:16,002246,北化股份,化学制品,-0.54,0,"板块均值 0.80%, 个股涨幅 -0.54%",,,否,,
2026-08-06 02:32:16,002259,升达林业,燃气Ⅱ,-0.77,0,"板块均值 0.46%, 个股涨幅 -0.77%",,,否,,
2026-08-06 02:32:16,002263,大东南,塑料,-0.66,0,"板块均值 0.60%, 个股涨幅 -0.66%",,,否,,
2026-08-06 02:32:16,002267,陕天然气,燃气Ⅱ,-0.83,0,"板块均值 0.46%, 个股涨幅 -0.83%",,,否,,
2026-08-06 02:32:16,002274,华昌化工,化学原料,-0.18,0,"板块均值 0.69%, 个股涨幅 -0.18%",,,否,,
2026-08-06 02:32:16,002278,神开股份,专用设备,-0.25,0,"板块均值 0.73%, 个股涨幅 -0.25%",,,否,,
2026-08-06 02:32:16,002295,精艺股份,工业金属,0.7,0,"板块均值 0.99%, 个股涨幅 0.70%",,,否,,
2026-08-06 02:32:16,002254,泰和新材,化学纤维,0.82,0,均线未呈多头排列,,,否,,
2026-08-06 02:32:16,002360,ST同德,化学制品,-0.19,0,ST股,,,否,,
2026-08-06 02:32:16,002324,普利特,塑料,-0.53,0,"板块均值 0.60%, 个股涨幅 -0.53%",,,否,,
2026-08-06 02:32:16,002326,永太科技,化学制品,0.0,0,"板块均值 0.80%, 个股涨幅 0.00%",,,否,,
2026-08-06 02:32:16,002337,赛象科技,专用设备,0.44,0,"板块均值 0.73%, 个股涨幅 0.44%",,,否,,
2026-08-06 02:32:16,002353,杰瑞股份,专用设备,-1.6,0,"板块均值 0.73%, 个股涨幅 -1.60%",,,否,,
2026-08-06 02:32:16,002302,西部建设,水泥,9.96,0,均线未向上倾斜,,,否,,
2026-08-06 02:32:16,002319,乐通股份,化学制品,3.26,0,均线未呈多头排列,,,否,,
2026-08-06 02:32:16,002367,康力电梯,专用设备,0.0,0,"板块均值 0.73%, 个股涨幅 0.00%",,,否,,
2026-08-06 02:32:16,002377,国创高新,炼化及贸易,-0.39,0,"板块均值 1.06%, 个股涨幅 -0.39%",,,否,,
2026-08-06 02:32:16,002379,宏桥控股,工业金属,0.16,0,"板块均值 0.99%, 个股涨幅 0.16%",,,否,,
2026-08-06 02:32:16,002381,双箭股份,橡胶,-0.19,0,"板块均值 0.46%, 个股涨幅 -0.19%",,,否,,
2026-08-06 02:32:16,002361,神剑股份,塑料,3.07,0,均线未呈多头排列,,,否,,
2026-08-06 02:32:16,002384,东山精密,元件,-0.61,0,"板块均值 2.57%, 个股涨幅 -0.61%",,,否,,
2026-08-06 02:32:16,002395,双象股份,塑料,0.0,0,"板块均值 0.60%, 个股涨幅 0.00%",,,否,,
2026-08-06 02:32:16,002378,章源钨业,小金属,2.58,0,均线未呈多头排列,,,否,,
2026-08-06 02:32:16,002408,齐翔腾达,炼化及贸易,0.0,0,"板块均值 1.06%, 个股涨幅 0.00%",,,否,,
2026-08-06 02:32:16,002427,尤夫股份,化学纤维,-0.23,0,"板块均值 0.27%, 个股涨幅 -0.23%",,,否,,
2026-08-06 02:32:16,002386,天原股份,化学原料,1.54,0,均线未向上倾斜,,,否,,
2026-08-06 02:32:16,002430,杭氧股份,化学制品,-0.25,0,"板块均值 0.80%, 个股涨幅 -0.25%",,,否,,
2026-08-06 02:32:16,002436,兴森科技,元件,2.13,0,"板块均值 2.57%, 个股涨幅 2.13%",,,否,,
2026-08-06 02:32:16,002345,潮宏基,饰品,3.66,0,周线未呈多头排列,,,否,,
2026-08-06 02:32:16,002407,多氟多,化学制品,2.96,0,均线未呈多头排列,,,否,,
2026-08-06 02:32:16,002440,闰土股份,化学制品,0.08,0,"板块均值 0.80%, 个股涨幅 0.08%",,,否,,
2026-08-06 02:32:16,002442,龙星科技,橡胶,-0.4,0,"板块均值 0.46%, 个股涨幅 -0.40%",,,否,,
2026-08-06 02:32:16,002428,云南锗业,小金属,10.0,0,均线未呈多头排列,,,否,,
2026-08-06 02:32:16,002453,华软科技,化学制品,0.0,0,"板块均值 0.80%, 个股涨幅 0.00%",,,否,,
2026-08-06 02:32:16,002455,百川股份,化学制品,0.14,0,"板块均值 0.80%, 个股涨幅 0.14%",,,否,,
2026-08-06 02:32:16,002463,沪电股份,元件,2.08,0,"板块均值 2.57%, 个股涨幅 2.08%",,,否,,
2026-08-06 02:32:16,002501,*ST利源,工业金属,0.75,0,ST股,,,否,,
2026-08-06 02:32:16,002476,新叶股份,炼化及贸易,0.22,0,"板块均值 1.06%, 个股涨幅 0.22%",,,否,,
2026-08-06 02:32:16,002483,润邦股份,专用设备,-1.52,0,"板块均值 0.73%, 个股涨幅 -1.52%",,,否,,
2026-08-06 02:32:16,002484,江海股份,元件,-0.16,0,"板块均值 2.57%, 个股涨幅 -0.16%",,,否,,
2026-08-06 02:32:16,002487,大金重工,风电设备,-1.5,0,"板块均值 0.01%, 个股涨幅 -1.50%",,,否,,
2026-08-06 02:32:16,002497,雅化集团,化学制品,-0.11,0,"板块均值 0.80%, 个股涨幅 -0.11%",,,否,,
2026-08-06 02:32:16,002522,浙江众成,塑料,-0.59,0,"板块均值 0.60%, 个股涨幅 -0.59%",,,否,,
2026-08-06 02:32:16,002523,天桥起重,专用设备,-0.9,0,"板块均值 0.73%, 个股涨幅 -0.90%",,,否,,
2026-08-06 02:32:16,002526,山东矿机,专用设备,-0.37,0,"板块均值 0.73%, 个股涨幅 -0.37%",,,否,,
2026-08-06 02:32:16,002527,新时达,专用设备,0.0,0,"板块均值 0.73%, 个股涨幅 0.00%",,,否,,
2026-08-06 02:32:16,002490,山东墨龙,专用设备,1.47,0,均线未呈多头排列,,,否,,
2026-08-06 02:32:16,002530,金财互联,专用设备,-2.08,0,"板块均值 0.73%, 个股涨幅 -2.08%",,,否,,
2026-08-06 02:32:16,002531,天顺风能,风电设备,-1.59,0,"板块均值 0.01%, 个股涨幅 -1.59%",,,否,,
2026-08-06 02:32:16,002535,林州重机,专用设备,0.41,0,"板块均值 0.73%, 个股涨幅 0.41%",,,否,,
2026-08-06 02:32:16,002540,亚太科技,工业金属,-0.19,0,"板块均值 0.99%, 个股涨幅 -0.19%",,,否,,
2026-08-06 02:32:16,002529,海源复材,专用设备,0.88,0,均线未向上倾斜,,,否,,
2026-08-06 02:32:16,002554,惠博普,油服工程,0.35,0,"板块均值 1.20%, 个股涨幅 0.35%",,,否,,
2026-08-06 02:32:16,002562,兄弟科技,化学制品,-0.66,0,"板块均值 0.80%, 个股涨幅 -0.66%",,,否,,
2026-08-06 02:32:16,002564,天沃科技,专用设备,0.0,0,"板块均值 0.73%, 个股涨幅 0.00%",,,否,,
2026-08-06 02:32:16,002574,明牌珠宝,饰品,-0.22,0,"板块均值 1.48%, 个股涨幅 -0.22%",,,否,,
2026-08-06 02:32:16,002549,凯美特气,化学制品,0.93,0,均线未呈多头排列,,,否,,
2026-08-06 02:32:16,002493,荣盛石化,炼化及贸易,5.65,0,周线未呈多头排列,,,否,,
2026-08-06 02:32:16,002552,宝鼎科技,元件,9.99,0,均线未呈多头排列,,,否,,
2026-08-06 02:32:16,002578,闽发铝业,工业金属,0.95,0,"板块均值 0.99%, 个股涨幅 0.95%",,,否,,
2026-08-06 02:32:16,002584,西陇科学,电子化学品Ⅱ,0.39,0,"板块均值 1.58%, 个股涨幅 0.39%",,,否,,
2026-08-06 02:32:16,002585,双星新材,塑料,-2.02,0,"板块均值 0.60%, 个股涨幅 -2.02%",,,否,,
2026-08-06 02:32:16,002595,豪迈科技,专用设备,-0.07,0,"板块均值 0.73%, 个股涨幅 -0.07%",,,否,,
2026-08-06 02:32:16,002596,海南瑞泽,水泥,-0.93,0,"板块均值 1.79%, 个股涨幅 -0.93%",,,否,,
2026-08-06 02:32:16,002597,金禾实业,化学制品,-1.7,0,"板块均值 0.80%, 个股涨幅 -1.70%",,,否,,
2026-08-06 02:32:16,002532,天山铝业,工业金属,2.23,0,周线未呈多头排列,,,否,,
2026-08-06 02:32:16,002579,中京电子,元件,6.86,0,均线未呈多头排列,,,否,,
2026-08-06 02:32:16,002601,龙佰集团,化学原料,0.0,0,"板块均值 0.69%, 个股涨幅 0.00%",,,否,,
2026-08-06 02:32:16,002611,东方精工,专用设备,-0.61,0,"板块均值 0.73%, 个股涨幅 -0.61%",,,否,,
2026-08-06 02:32:16,002591,恒大高新,化学制品,1.15,0,均线未呈多头排列,,,否,,
2026-08-06 02:32:16,002613,北玻股份,玻璃玻纤,-0.6,0,"板块均值 1.26%, 个股涨幅 -0.60%",,,否,,
2026-08-06 02:32:16,002667,*ST威领,专用设备,5.88,0,ST股,,,否,,
2026-08-06 02:32:16,002629,仁智股份,油服工程,0.0,0,"板块均值 1.20%, 个股涨幅 0.00%",,,否,,
2026-08-06 02:32:16,002632,道明光学,塑料,-0.12,0,"板块均值 0.60%, 个股涨幅 -0.12%",,,否,,
2026-08-06 02:32:16,002643,万润股份,电子化学品Ⅱ,0.07,0,"板块均值 1.58%, 个股涨幅 0.07%",,,否,,
2026-08-06 02:32:16,002666,德联集团,化学制品,-0.48,0,"板块均值 0.80%, 个股涨幅 -0.48%",,,否,,
2026-08-06 02:32:16,002689,ST远智,专用设备,1.13,0,ST股,,,否,,
2026-08-06 02:32:16,002669,康达新材,化学制品,0.08,0,"板块均值 0.80%, 个股涨幅 0.08%",,,否,,
2026-08-06 02:32:16,002691,*ST冀凯,专用设备,-1.42,0,ST股,,,否,,
2026-08-06 02:32:16,002671,龙泉股份,水泥,0.52,0,"板块均值 1.79%, 个股涨幅 0.52%",,,否,,
2026-08-06 02:32:16,002683,广东宏大,化学制品,-0.53,0,"板块均值 0.80%, 个股涨幅 -0.53%",,,否,,
2026-08-06 02:32:16,002636,金安国纪,元件,5.91,0,均线未呈多头排列,,,否,,
2026-08-06 02:32:16,002637,赞宇科技,化学制品,1.13,0,均线未呈多头排列,,,否,,
2026-08-06 02:32:16,002690,美亚光电,专用设备,-1.42,0,"板块均值 0.73%, 个股涨幅 -1.42%",,,否,,
2026-08-06 02:32:16,002731,*ST萃华,饰品,-3.02,0,ST股,,,否,,
2026-08-06 02:32:16,002716,湖南白银,贵金属,0.91,0,"板块均值 3.74%, 个股涨幅 0.91%",,,否,,
2026-08-06 02:32:16,002722,物产金轮,专用设备,-0.55,0,"板块均值 0.73%, 个股涨幅 -0.55%",,,否,,
2026-08-06 02:32:16,002730,电光科技,专用设备,0.64,0,"板块均值 0.73%, 个股涨幅 0.64%",,,否,,
2026-08-06 02:32:16,002700,万憬能源,燃气Ⅱ,0.51,0,均线未向上倾斜,,,否,,
2026-08-06 02:32:16,002753,永东股份,橡胶,-0.16,0,"板块均值 0.46%, 个股涨幅 -0.16%",,,否,,
2026-08-06 02:32:16,002648,卫星化学,化学原料,1.5,0,周线未呈多头排列,,,否,,
2026-08-06 02:32:16,002738,中矿资源,小金属,4.05,0,均线未呈多头排列,,,否,,
2026-08-06 02:32:16,002757,南兴股份,专用设备,-0.23,0,"板块均值 0.73%, 个股涨幅 -0.23%",,,否,,
2026-08-06 02:32:16,002741,光华科技,电子化学品Ⅱ,3.75,0,均线未呈多头排列,,,否,,
2026-08-06 02:32:16,002721,金一文化,饰品,10.11,0,周线未呈多头排列,,,否,,
2026-08-06 02:32:16,002748,世龙实业,化学原料,1.95,0,均线未呈多头排列,,,否,,
2026-08-06 02:32:16,002768,国恩股份,塑料,0.19,0,"板块均值 0.60%, 个股涨幅 0.19%",,,否,,
2026-08-06 02:32:16,002688,金河生物,动物保健Ⅱ,1.18,0,周线未呈多头排列,,,否,,
2026-08-06 02:32:16,002779,中坚科技,专用设备,0.49,0,"板块均值 0.73%, 个股涨幅 0.49%",,,否,,
2026-08-06 02:32:16,002816,*ST和科,专用设备,-0.08,0,ST股,,,否,,
2026-08-06 02:32:16,002783,凯龙股份,化学制品,0.67,0,"板块均值 0.80%, 个股涨幅 0.67%",,,否,,
2026-08-06 02:32:16,002786,银宝山新,专用设备,-0.13,0,"板块均值 0.73%, 个股涨幅 -0.13%",,,否,,
2026-08-06 02:32:16,002802,洪汇新材,化学制品,0.27,0,"板块均值 0.80%, 个股涨幅 0.27%",,,否,,
2026-08-06 02:32:16,002809,红墙股份,化学制品,0.5,0,"板块均值 0.80%, 个股涨幅 0.50%",,,否,,
2026-08-06 02:32:16,002810,山东赫达,化学制品,0.79,0,"板块均值 0.80%, 个股涨幅 0.79%",,,否,,
2026-08-06 02:32:16,002815,崇达技术,元件,1.54,0,"板块均值 2.57%, 个股涨幅 1.54%",,,否,,
2026-08-06 02:32:16,002774,快意电梯,专用设备,2.45,0,均线未呈多头排列,,,否,,
2026-08-06 02:32:16,002828,贝肯能源,油服工程,-0.56,0,"板块均值 1.20%, 个股涨幅 -0.56%",,,否,,
2026-08-06 02:32:16,002829,星网宇达,航天装备Ⅱ,0.24,0,"板块均值 1.35%, 个股涨幅 0.24%",,,否,,
2026-08-06 02:32:16,002833,弘亚数控,专用设备,0.17,0,"板块均值 0.73%, 个股涨幅 0.17%",,,否,,
2026-08-06 02:32:16,002837,英维克,专用设备,0.33,0,"板块均值 0.73%, 个股涨幅 0.33%",,,否,,
2026-08-06 02:32:16,002883,*ST中设,工程咨询服务Ⅱ,-0.47,0,ST股,,,否,,
2026-08-06 02:32:16,002838,道恩股份,塑料,-1.25,0,"板块均值 0.60%, 个股涨幅 -1.25%",,,否,,
2026-08-06 02:32:16,002824,和胜股份,工业金属,2.18,0,均线未呈多头排列,,,否,,
2026-08-06 02:32:16,002825,纳尔股份,塑料,1.78,0,均线未呈多头排列,,,否,,
2026-08-06 02:32:16,002867,周大生,饰品,-0.08,0,"板块均值 1.48%, 个股涨幅 -0.08%",,,否,,
2026-08-06 02:32:16,002911,佛燃能源,燃气Ⅱ,0.0,0,"板块均值 0.46%, 个股涨幅 0.00%",,,否,,
2026-08-06 02:32:16,002827,高争民爆,化学制品,10.01,0,周线未呈多头排列,,,否,,
2026-08-06 02:32:16,002842,翔鹭钨业,小金属,3.33,0,均线未呈多头排列,,,否,,
2026-08-06 02:32:16,002868,绿康生化,动物保健Ⅱ,1.14,0,均线未呈多头排列,,,否,,
2026-08-06 02:32:16,002886,沃特股份,塑料,0.64,0,均线未呈多头排列,,,否,,
2026-08-06 02:32:16,002890,弘宇股份,专用设备,3.72,0,均线未呈多头排列,,,否,,
2026-08-06 02:32:16,002909,集泰股份,化学制品,1.21,0,均线未向上倾斜,,,否,,
2026-08-06 02:32:16,002915,中欣氟材,化学制品,0.77,0,"板块均值 0.80%, 个股涨幅 0.77%",,,否,,
2026-08-06 02:32:16,002916,深南电路,元件,1.38,0,"板块均值 2.57%, 个股涨幅 1.38%",,,否,,
2026-08-06 02:32:16,002913,奥士康,元件,3.4,0,均线未呈多头排列,,,否,,
2026-08-06 02:32:16,002938,鹏鼎控股,元件,0.73,0,"板块均值 2.57%, 个股涨幅 0.73%",,,否,,
2026-08-06 02:32:16,002960,青鸟智控,专用设备,-0.36,0,"板块均值 0.73%, 个股涨幅 -0.36%",,,否,,
2026-08-06 02:32:16,002978,安宁股份,小金属,-0.41,0,"板块均值 2.42%, 个股涨幅 -0.41%",,,否,,
2026-08-06 02:32:16,002917,金奥博,化学制品,0.86,0,均线未向上倾斜,,,否,,
2026-08-06 02:32:16,002988,豪美新材,工业金属,0.19,0,"板块均值 0.99%, 个股涨幅 0.19%",,,否,,
2026-08-06 02:32:16,002949,华阳国际,工程咨询服务Ⅱ,0.97,0,均线未呈多头排列,,,否,,
2026-08-06 02:32:16,002996,顺博合金,工业金属,-0.16,0,"板块均值 0.99%, 个股涨幅 -0.16%",,,否,,
2026-08-06 02:32:16,002967,广电计量,专业服务,1.44,0,均线未呈多头排列,,,否,,
2026-08-06 02:32:16,002971,和远气体,化学制品,4.43,0,均线未呈多头排列,,,否,,
2026-08-06 02:32:16,002998,优彩资源,化学纤维,-0.25,0,"板块均值 0.27%, 个股涨幅 -0.25%",,,否,,
2026-08-06 02:32:16,003002,壶化股份,化学制品,0.48,0,"板块均值 0.80%, 个股涨幅 0.48%",,,否,,
2026-08-06 02:32:16,002986,宇新股份,炼化及贸易,1.39,0,均线未向上倾斜,,,否,,
2026-08-06 02:32:16,003008,开普检测,专业服务,0.27,0,"板块均值 1.07%, 个股涨幅 0.27%",,,否,,
2026-08-06 02:32:16,003009,中天火箭,航天装备Ⅱ,1.06,0,"板块均值 1.35%, 个股涨幅 1.06%",,,否,,
2026-08-06 02:32:16,003013,地铁设计,工程咨询服务Ⅱ,-3.79,0,"板块均值 0.37%, 个股涨幅 -3.79%",,,否,,
2026-08-06 02:32:16,003017,大洋生物,化学原料,-0.14,0,"板块均值 0.69%, 个股涨幅 -0.14%",,,否,,
2026-08-06 02:32:16,003037,三和管桩,水泥,0.53,0,"板块均值 1.79%, 个股涨幅 0.53%",,,否,,
2026-08-06 02:32:16,003038,鑫铂股份,工业金属,-0.09,0,"板块均值 0.99%, 个股涨幅 -0.09%",,,否,,
2026-08-06 02:32:16,003036,泰坦股份,专用设备,5.09,0,均线未呈多头排列,,,否,,
2026-08-07 03:12:06,600017,日照港,航运港口,-1.47,0,"板块均值 -0.68%, 个股涨幅 -1.47%",,,否,,
2026-08-07 03:12:06,600022,山东钢铁,普钢,-1.46,0,"板块均值 -1.26%, 个股涨幅 -1.46%",,,否,,
2026-08-07 03:12:06,600008,首创环保,环境治理,-0.35,0,均线未呈多头排列,,,否,,
2026-08-07 03:12:06,600010,包钢股份,普钢,2.67,0,均线未向上倾斜,,,否,,
2026-08-07 03:12:06,600018,上港集团,航运港口,-0.58,0,均线未呈多头排列,,,否,,
2026-08-07 03:12:06,600019,宝钢股份,普钢,-1.03,0,均线未呈多头排列,,,否,,
2026-08-07 03:12:06,600051,宁波联合,综合Ⅱ,-1.15,0,"板块均值 -1.14%, 个股涨幅 -1.15%",,,否,,
2026-08-07 03:12:06,600026,中远海能,航运港口,0.8,0,均线未向上倾斜,,,否,,
2026-08-07 03:12:06,600028,中国石化,炼化及贸易,0.39,0,均线未呈多头排列,,,否,,
2026-08-07 03:12:06,600055,万东医疗,医疗器械,-0.96,0,"板块均值 -0.21%, 个股涨幅 -0.96%",,,否,,
2026-08-07 03:12:06,600056,中国医药,医药商业,0.65,0,"板块均值 0.89%, 个股涨幅 0.65%",,,否,,
2026-08-07 03:12:06,600079,ST人福,化学制药,0.34,0,ST股,,,否,,
2026-08-07 03:12:06,600080,ST金花,中药Ⅱ,-0.82,0,ST股,,,否,,
2026-08-07 03:12:06,600031,三一重工,工程机械,0.15,0,均线未呈多头排列,,,否,,
2026-08-07 03:12:06,600062,华润双鹤,化学制药,0.5,0,"板块均值 1.36%, 个股涨幅 0.50%",,,否,,
2026-08-07 03:12:06,600071,凤凰光学,光学光电子,-1.27,0,"板块均值 0.20%, 个股涨幅 -1.27%",,,否,,
2026-08-07 03:12:06,600072,中船科技,风电设备,-1.23,0,"板块均值 -0.20%, 个股涨幅 -1.23%",,,否,,
2026-08-07 03:12:06,600075,新疆天业,化学原料,-1.31,0,"板块均值 -0.41%, 个股涨幅 -1.31%",,,否,,
2026-08-07 03:12:06,600085,同仁堂,中药Ⅱ,-0.56,0,"板块均值 0.53%, 个股涨幅 -0.56%",,,否,,
2026-08-07 03:12:06,600099,林海股份,摩托车及其他,-1.28,0,"板块均值 -0.25%, 个股涨幅 -1.28%",,,否,,
2026-08-07 03:12:06,600063,皖维高新,化学纤维,3.87,0,均线未向上倾斜,,,否,,
2026-08-07 03:12:06,600078,澄星股份,农化制品,0.56,0,均线未向上倾斜,,,否,,
2026-08-07 03:12:06,600096,云天化,农化制品,-0.03,0,均线未向上倾斜,,,否,,
2026-08-07 03:12:06,600126,杭钢股份,普钢,-2.58,0,"板块均值 -1.26%, 个股涨幅 -2.58%",,,否,,
2026-08-07 03:12:06,600105,永鼎股份,通信设备,1.2,0,均线未呈多头排列,,,否,,
2026-08-07 03:12:06,600110,诺德股份,电池,3.37,0,均线未呈多头排列,,,否,,
2026-08-07 03:12:06,600111,北方稀土,小金属,6.18,0,均线未向上倾斜,,,否,,
2026-08-07 03:12:06,600129,太极集团,中药Ⅱ,0.13,0,"板块均值 0.53%, 个股涨幅 0.13%",,,否,,
2026-08-07 03:12:06,600114,东睦股份,通用设备,3.22,0,均线未呈多头排列,,,否,,
2026-08-07 03:12:06,600130,波导股份,消费电子,-0.47,0,"板块均值 -0.02%, 个股涨幅 -0.47%",,,否,,
2026-08-07 03:12:06,600118,中国卫星,航天装备Ⅱ,0.67,0,均线未呈多头排列,,,否,,
2026-08-07 03:12:06,600135,乐凯胶片,塑料,-1.35,0,"板块均值 -0.38%, 个股涨幅 -1.35%",,,否,,
2026-08-07 03:12:06,600165,ST宁科,化学制品,-2.02,0,ST股,,,否,,
2026-08-07 03:12:06,600141,兴发集团,农化制品,-3.91,0,"板块均值 -0.74%, 个股涨幅 -3.91%",,,否,,
2026-08-07 03:12:06,600169,ST太重,专用设备,-0.48,0,ST股,,,否,,
2026-08-07 03:12:06,600143,金发科技,塑料,-1.36,0,"板块均值 -0.38%, 个股涨幅 -1.36%",,,否,,
2026-08-07 03:12:06,600152,维科技术,电池,-0.62,0,"板块均值 0.12%, 个股涨幅 -0.62%",,,否,,
2026-08-07 03:12:06,600160,巨化股份,化学制品,-1.82,0,"板块均值 -0.55%, 个股涨幅 -1.82%",,,否,,
2026-08-07 03:12:06,600161,天坛生物,生物制品,-0.57,0,"板块均值 1.25%, 个股涨幅 -0.57%",,,否,,
2026-08-07 03:12:06,600133,东湖高新,环境治理,0.12,0,均线未向上倾斜,,,否,,
2026-08-07 03:12:06,600187,*ST国中,环境治理,-2.13,0,ST股,,,否,,
2026-08-07 03:12:06,600168,武汉控股,环境治理,-0.7,0,"板块均值 -0.50%, 个股涨幅 -0.70%",,,否,,
2026-08-07 03:12:06,600171,上海贝岭,半导体,-0.26,0,"板块均值 1.30%, 个股涨幅 -0.26%",,,否,,
2026-08-07 03:12:06,600150,中国船舶,航海装备Ⅱ,0.8,0,均线未向上倾斜,,,否,,
2026-08-07 03:12:06,600179,安通控股,航运港口,-1.17,0,"板块均值 -0.68%, 个股涨幅 -1.17%",,,否,,
2026-08-07 03:12:06,600195,中牧股份,动物保健Ⅱ,-0.92,0,"板块均值 -0.58%, 个股涨幅 -0.92%",,,否,,
2026-08-07 03:12:06,600196,复星医药,化学制药,0.75,0,"板块均值 1.36%, 个股涨幅 0.75%",,,否,,
2026-08-07 03:12:06,600198,大唐电信,通信设备,-0.82,0,"板块均值 0.31%, 个股涨幅 -0.82%",,,否,,
2026-08-07 03:12:06,600172,黄河旋风,通用设备,3.15,0,均线未呈多头排列,,,否,,
2026-08-07 03:12:06,600176,中国巨石,玻璃玻纤,4.56,0,均线未呈多头排列,,,否,,
2026-08-07 03:12:06,600202,哈空调,通用设备,-1.24,0,"板块均值 -0.15%, 个股涨幅 -1.24%",,,否,,
2026-08-07 03:12:06,600183,生益科技,元件,7.27,0,均线未呈多头排列,,,否,,
2026-08-07 03:12:06,600203,福日电子,消费电子,-0.29,0,"板块均值 -0.02%, 个股涨幅 -0.29%",,,否,,
2026-08-07 03:12:06,600207,安彩高科,光伏设备,0.0,0,"板块均值 0.13%, 个股涨幅 0.00%",,,否,,
2026-08-07 03:12:06,600211,西藏药业,生物制品,0.9,0,"板块均值 1.25%, 个股涨幅 0.90%",,,否,,
2026-08-07 03:12:06,600201,生物股份,动物保健Ⅱ,0.99,0,均线未向上倾斜,,,否,,
2026-08-07 03:12:06,600212,绿能慧充,其他电源设备Ⅱ,-1.85,0,"板块均值 -0.60%, 个股涨幅 -1.85%",,,否,,
2026-08-07 03:12:06,600215,派斯林,自动化设备,-1.12,0,"板块均值 0.68%, 个股涨幅 -1.12%",,,否,,
2026-08-07 03:12:06,600216,浙江医药,化学制药,0.33,0,"板块均值 1.36%, 个股涨幅 0.33%",,,否,,
2026-08-07 03:12:06,600217,中再资环,环境治理,-1.26,0,"板块均值 -0.50%, 个股涨幅 -1.26%",,,否,,
2026-08-07 03:12:06,600206,有研新材,半导体,10.0,0,均线未呈多头排列,,,否,,
2026-08-07 03:12:06,600222,太龙药业,中药Ⅱ,-0.52,0,"板块均值 0.53%, 个股涨幅 -0.52%",,,否,,
2026-08-07 03:12:06,600243,*ST海华,通用设备,-2.16,0,ST股,,,否,,
2026-08-07 03:12:06,600232,金鹰股份,专用设备,-0.98,0,"板块均值 -0.36%, 个股涨幅 -0.98%",,,否,,
2026-08-07 03:12:06,600241,时代万恒,电池,-2.06,0,"板块均值 0.12%, 个股涨幅 -2.06%",,,否,,
2026-08-07 03:12:06,600252,中恒集团,中药Ⅱ,-0.46,0,"板块均值 0.53%, 个股涨幅 -0.46%",,,否,,
2026-08-07 03:12:06,600230,沧州大化,化学制品,2.6,0,均线未向上倾斜,,,否,,
2026-08-07 03:12:06,600231,凌钢股份,普钢,-1.18,0,均线未向上倾斜,,,否,,
2026-08-07 03:12:06,600255,鑫科材料,金属新材料,0.6,0,"板块均值 2.20%, 个股涨幅 0.60%",,,否,,
2026-08-07 03:12:06,600237,铜峰电子,元件,4.36,0,均线未呈多头排列,,,否,,
2026-08-07 03:12:06,600261,阳光照明,照明设备Ⅱ,-0.98,0,"板块均值 -0.43%, 个股涨幅 -0.98%",,,否,,
2026-08-07 03:12:06,600262,北方股份,专用设备,-3.65,0,"板块均值 -0.36%, 个股涨幅 -3.65%",,,否,,
2026-08-07 03:12:06,600256,广汇能源,炼化及贸易,0.89,0,均线未呈多头排列,,,否,,
2026-08-07 03:12:06,600219,南山铝业,工业金属,1.06,0,周线未呈多头排列,,,否,,
2026-08-07 03:12:06,600259,中稀有色,小金属,9.17,0,均线未向上倾斜,,,否,,
2026-08-07 03:12:06,600227,赤天化,农化制品,1.87,0,周线未呈多头排列,,,否,,
2026-08-07 03:12:06,600273,嘉化能源,化学制品,-0.87,0,"板块均值 -0.55%, 个股涨幅 -0.87%",,,否,,
2026-08-07 03:12:06,600276,恒瑞医药,化学制药,1.13,0,"板块均值 1.36%, 个股涨幅 1.13%",,,否,,
2026-08-07 03:12:06,600267,海正药业,化学制药,9.98,0,均线未向上倾斜,,,否,,
2026-08-07 03:12:06,600279,重庆港,航运港口,-0.93,0,"板块均值 -0.68%, 个股涨幅 -0.93%",,,否,,
2026-08-07 03:12:06,600281,华阳新材,小金属,-0.23,0,"板块均值 1.75%, 个股涨幅 -0.23%",,,否,,
2026-08-07 03:12:06,600302,ST标准,专用设备,-3.02,0,ST股,,,否,,
2026-08-07 03:12:06,600283,钱江水利,环境治理,-0.88,0,"板块均值 -0.50%, 个股涨幅 -0.88%",,,否,,
2026-08-07 03:12:06,600285,羚锐制药,中药Ⅱ,-0.59,0,"板块均值 0.53%, 个股涨幅 -0.59%",,,否,,
2026-08-07 03:12:06,600293,三峡新材,玻璃玻纤,-1.43,0,"板块均值 0.85%, 个股涨幅 -1.43%",,,否,,
2026-08-07 03:12:06,600299,安迪苏,化学制品,-1.96,0,"板块均值 -0.55%, 个股涨幅 -1.96%",,,否,,
2026-08-07 03:12:06,600301,华锡有色,小金属,1.0,0,"板块均值 1.75%, 个股涨幅 1.00%",,,否,,
2026-08-07 03:12:06,600319,亚星化学,化学原料,-2.12,0,"板块均值 -0.41%, 个股涨幅 -2.12%",,,否,,
2026-08-07 03:12:06,600320,振华重工,专用设备,-0.95,0,"板块均值 -0.36%, 个股涨幅 -0.95%",,,否,,
2026-08-07 03:12:06,600295,鄂尔多斯,冶钢原料,0.0,0,均线未呈多头排列,,,否,,
2026-08-07 03:12:06,600323,瀚蓝环境,环境治理,-1.19,0,"板块均值 -0.50%, 个股涨幅 -1.19%",,,否,,
2026-08-07 03:12:06,600272,开开实业,医药商业,10.01,0,周线未呈多头排列,,,否,,
2026-08-07 03:12:06,600307,酒钢宏兴,普钢,-0.68,0,均线未向上倾斜,,,否,,
2026-08-07 03:12:06,600309,万华化学,化学制品,1.37,0,均线未向上倾斜,,,否,,
2026-08-07 03:12:06,600329,达仁堂,中药Ⅱ,0.05,0,"板块均值 0.53%, 个股涨幅 0.05%",,,否,,
2026-08-07 03:12:06,600330,天通股份,电子化学品Ⅱ,0.37,0,"板块均值 1.11%, 个股涨幅 0.37%",,,否,,
2026-08-07 03:12:06,600332,白云山,中药Ⅱ,-0.75,0,"板块均值 0.53%, 个股涨幅 -0.75%",,,否,,
2026-08-07 03:12:06,600333,长春燃气,燃气Ⅱ,-1.14,0,"板块均值 -0.59%, 个股涨幅 -1.14%",,,否,,
2026-08-07 03:12:06,600328,中盐化工,化学原料,-0.32,0,均线未向上倾斜,,,否,,
2026-08-07 03:12:06,600352,浙江龙盛,化学制品,-1.37,0,"板块均值 -0.55%, 个股涨幅 -1.37%",,,否,,
2026-08-07 03:12:06,600338,西藏珠峰,工业金属,2.08,0,均线未向上倾斜,,,否,,
2026-08-07 03:12:06,600343,航天动力,通用设备,0.92,0,均线未呈多头排列,,,否,,
2026-08-07 03:12:06,600345,长江通信,通信设备,1.47,0,均线未呈多头排列,,,否,,
2026-08-07 03:12:06,600346,恒力石化,炼化及贸易,1.66,0,均线未向上倾斜,,,否,,
2026-08-07 03:12:06,600360,华微电子,半导体,0.68,0,"板块均值 1.30%, 个股涨幅 0.68%",,,否,,
2026-08-07 03:12:06,600353,旭光电子,其他电子Ⅱ,3.21,0,均线未呈多头排列,,,否,,
2026-08-07 03:12:06,600370,*ST三房,化学纤维,0.0,0,ST股,,,否,,
2026-08-07 03:12:06,600361,创新新材,工业金属,-0.27,0,"板块均值 1.02%, 个股涨幅 -0.27%",,,否,,
2026-08-07 03:12:06,600363,联创光电,消费电子,-1.71,0,"板块均值 -0.02%, 个股涨幅 -1.71%",,,否,,
2026-08-07 03:12:06,600331,宏达股份,农化制品,4.17,0,周线未呈多头排列,,,否,,
2026-08-07 03:12:06,600351,亚宝药业,中药Ⅱ,0.6,0,周线未呈多头排列,,,否,,
2026-08-07 03:12:06,600380,健康元,化学制药,0.3,0,"板块均值 1.36%, 个股涨幅 0.30%",,,否,,
2026-08-07 03:12:06,600362,江西铜业,工业金属,4.0,0,均线未向上倾斜,,,否,,
2026-08-07 03:12:06,600382,广东明珠,冶钢原料,-1.58,0,"板块均值 -0.08%, 个股涨幅 -1.58%",,,否,,
2026-08-07 03:12:06,600366,宁波韵升,金属新材料,3.43,0,均线未呈多头排列,,,否,,
2026-08-07 03:12:06,600389,江山股份,农化制品,-1.92,0,"板块均值 -0.74%, 个股涨幅 -1.92%",,,否,,
2026-08-07 03:12:06,600367,红星发展,化学原料,3.65,0,均线未呈多头排列,,,否,,
2026-08-07 03:12:06,600378,昊华科技,化学制品,0.02,0,均线未呈多头排列,,,否,,
2026-08-07 03:12:06,600423,*ST柳化,化学原料,-1.41,0,ST股,,,否,,
2026-08-07 03:12:06,600405,动力源,其他电源设备Ⅱ,-4.61,0,"板块均值 -0.60%, 个股涨幅 -4.61%",,,否,,
2026-08-07 03:12:06,600420,国药现代,化学制药,0.23,0,"板块均值 1.36%, 个股涨幅 0.23%",,,否,,
2026-08-07 03:12:06,600422,昆药集团,中药Ⅱ,-0.8,0,"板块均值 0.53%, 个股涨幅 -0.80%",,,否,,
2026-08-07 03:12:06,600392,盛和资源,小金属,7.11,0,均线未呈多头排列,,,否,,
2026-08-07 03:12:06,600397,江钨装备,专用设备,5.92,0,均线未呈多头排列,,,否,,
2026-08-07 03:12:06,600428,中远海特,航运港口,-1.42,0,"板块均值 -0.68%, 个股涨幅 -1.42%",,,否,,
2026-08-07 03:12:06,600409,三友化工,化学原料,2.15,0,均线未向上倾斜,,,否,,
2026-08-07 03:12:06,600436,片仔癀,中药Ⅱ,-0.52,0,"板块均值 0.53%, 个股涨幅 -0.52%",,,否,,
2026-08-07 03:12:06,600426,华鲁恒升,农化制品,-0.09,0,均线未呈多头排列,,,否,,
2026-08-07 03:12:06,600444,国机通用,专用设备,-0.45,0,"板块均值 -0.36%, 个股涨幅 -0.45%",,,否,,
2026-08-07 03:12:06,600456,宝钛股份,小金属,0.46,0,"板块均值 1.75%, 个股涨幅 0.46%",,,否,,
2026-08-07 03:12:06,600459,贵研铂业,小金属,-0.14,0,"板块均值 1.75%, 个股涨幅 -0.14%",,,否,,
2026-08-07 03:12:06,600388,龙净环保,环保设备Ⅱ,0.9,0,周线未呈多头排列,,,否,,
2026-08-07 03:12:06,600438,通威股份,光伏设备,5.52,0,均线未向上倾斜,,,否,,
2026-08-07 03:12:06,600470,六国化工,农化制品,-1.4,0,"板块均值 -0.74%, 个股涨幅 -1.40%",,,否,,
2026-08-07 03:12:06,600478,科力远,电池,-0.6,0,"板块均值 0.12%, 个股涨幅 -0.60%",,,否,,
2026-08-07 03:12:06,600458,时代新材,综合Ⅱ,-0.26,0,均线未向上倾斜,,,否,,
2026-08-07 03:12:06,600479,千金药业,中药Ⅱ,0.31,0,"板块均值 0.53%, 个股涨幅 0.31%",,,否,,
2026-08-07 03:12:06,600481,双良节能,光伏设备,-0.23,0,"板块均值 0.13%, 个股涨幅 -0.23%",,,否,,
2026-08-07 03:12:06,600460,士兰微,半导体,2.25,0,均线未呈多头排列,,,否,,
2026-08-07 03:12:06,600461,洪城环境,环境治理,-0.11,0,均线未呈多头排列,,,否,,
2026-08-07 03:12:06,600488,津药药业,化学制药,1.2,0,"板块均值 1.36%, 个股涨幅 1.20%",,,否,,
2026-08-07 03:12:06,600482,中国动力,其他电源设备Ⅱ,1.93,0,均线未呈多头排列,,,否,,
2026-08-07 03:12:06,600486,扬农化工,农化制品,0.35,0,均线未呈多头排列,,,否,,
2026-08-07 03:12:06,600487,亨通光电,通信设备,4.59,0,均线未呈多头排列,,,否,,
2026-08-07 03:12:06,600499,科达制造,专用设备,-0.97,0,"板块均值 -0.36%, 个股涨幅 -0.97%",,,否,,
2026-08-07 03:12:06,600490,鹏欣资源,工业金属,1.43,0,均线未向上倾斜,,,否,,
2026-08-07 03:12:06,600497,驰宏锌锗,工业金属,1.16,0,均线未向上倾斜,,,否,,
2026-08-07 03:12:06,600498,烽火通信,通信设备,2.2,0,均线未呈多头排列,,,否,,
2026-08-07 03:12:06,600501,航天晨光,专用设备,-1.28,0,"板块均值 -0.36%, 个股涨幅 -1.28%",,,否,,
2026-08-07 03:12:06,600506,统一股份,炼化及贸易,-1.78,0,"板块均值 -0.44%, 个股涨幅 -1.78%",,,否,,
2026-08-07 03:12:06,600511,国药股份,医药商业,-0.04,0,"板块均值 0.89%, 个股涨幅 -0.04%",,,否,,
2026-08-07 03:12:06,600489,中金黄金,贵金属,1.11,0,周线未呈多头排列,,,否,,
2026-08-07 03:12:06,600516,方大炭素,冶钢原料,-0.58,0,"板块均值 -0.08%, 个股涨幅 -0.58%",,,否,,
2026-08-07 03:12:06,600500,中化国际,化学制品,0.0,0,均线未呈多头排列,,,否,,
2026-08-07 03:12:06,600518,康美药业,中药Ⅱ,0.0,0,"板块均值 0.53%, 个股涨幅 0.00%",,,否,,
2026-08-07 03:12:06,600526,菲达环保,环保设备Ⅱ,-0.68,0,"板块均值 -0.42%, 个股涨幅 -0.68%",,,否,,
2026-08-07 03:12:06,600537,*ST亿晶,光伏设备,-1.79,0,ST股,,,否,,
2026-08-07 03:12:06,600529,山东药玻,医疗器械,-0.57,0,"板块均值 -0.21%, 个股涨幅 -0.57%",,,否,,
2026-08-07 03:12:06,600535,天士力,中药Ⅱ,-0.19,0,"板块均值 0.53%, 个股涨幅 -0.19%",,,否,,
2026-08-07 03:12:06,600520,三佳科技,专用设备,0.29,0,均线未呈多头排列,,,否,,
2026-08-07 03:12:06,600521,华海药业,化学制药,2.85,0,均线未呈多头排列,,,否,,
2026-08-07 03:12:06,600522,中天科技,通信设备,2.79,0,均线未呈多头排列,,,否,,
2026-08-07 03:12:06,600531,豫光金铅,工业金属,1.54,0,均线未向上倾斜,,,否,,
2026-08-07 03:12:06,600549,厦门钨业,小金属,-1.76,0,"板块均值 1.75%, 个股涨幅 -1.76%",,,否,,
2026-08-07 03:12:06,600538,国发股份,医药商业,2.21,0,均线未向上倾斜,,,否,,
2026-08-07 03:12:06,600513,联环药业,化学制药,1.75,0,周线未呈多头排列,,,否,,
2026-08-07 03:12:06,600545,卓郎智能,专用设备,0.23,0,均线未呈多头排列,,,否,,
2026-08-07 03:12:06,600558,大西洋,通用设备,-1.25,0,"板块均值 -0.15%, 个股涨幅 -1.25%",,,否,,
2026-08-07 03:12:06,600568,ST中珠,医疗服务,-1.33,0,ST股,,,否,,
2026-08-07 03:12:06,600560,金自天正,专用设备,-1.54,0,"板块均值 -0.36%, 个股涨幅 -1.54%",,,否,,
2026-08-07 03:12:06,600552,凯盛科技,光学光电子,2.33,0,均线未呈多头排列,,,否,,
2026-08-07 03:12:06,600557,康缘药业,中药Ⅱ,1.55,0,均线未呈多头排列,,,否,,
2026-08-07 03:12:06,600581,*ST八钢,普钢,-0.87,0,ST股,,,否,,
2026-08-07 03:12:06,600562,国睿科技,军工电子Ⅱ,-3.09,0,"板块均值 -0.31%, 个股涨幅 -3.09%",,,否,,
2026-08-07 03:12:06,600563,法拉电子,元件,-0.9,0,"板块均值 4.24%, 个股涨幅 -0.90%",,,否,,
2026-08-07 03:12:06,600566,济川药业,中药Ⅱ,-3.91,0,"板块均值 0.53%, 个股涨幅 -3.91%",,,否,,
2026-08-07 03:12:06,600572,康恩贝,中药Ⅱ,0.47,0,"板块均值 0.53%, 个股涨幅 0.47%",,,否,,
2026-08-07 03:12:06,600579,中化装备,专用设备,-1.38,0,"板块均值 -0.36%, 个股涨幅 -1.38%",,,否,,
2026-08-07 03:12:06,600582,天地科技,专用设备,-1.03,0,"板块均值 -0.36%, 个股涨幅 -1.03%",,,否,,
2026-08-07 03:12:06,600584,长电科技,半导体,0.17,0,"板块均值 1.30%, 个股涨幅 0.17%",,,否,,
2026-08-07 03:12:06,600586,金晶科技,玻璃玻纤,-0.95,0,"板块均值 0.85%, 个股涨幅 -0.95%",,,否,,
2026-08-07 03:12:06,600587,新华医疗,医疗器械,-0.63,0,"板块均值 -0.21%, 个股涨幅 -0.63%",,,否,,
2026-08-07 03:12:06,600547,山东黄金,贵金属,0.17,0,周线未呈多头排列,,,否,,
2026-08-07 03:12:06,600590,泰豪科技,其他电源设备Ⅱ,-0.82,0,"板块均值 -0.60%, 个股涨幅 -0.82%",,,否,,
2026-08-07 03:12:06,600592,龙溪股份,通用设备,-1.17,0,"板块均值 -0.15%, 个股涨幅 -1.17%",,,否,,
2026-08-07 03:12:06,600595,中孚实业,工业金属,0.61,0,"板块均值 1.02%, 个股涨幅 0.61%",,,否,,
2026-08-07 03:12:06,600610,中毅达,化学原料,-1.14,0,"板块均值 -0.41%, 个股涨幅 -1.14%",,,否,,
2026-08-07 03:12:06,600613,神奇制药,化学制药,-0.6,0,"板块均值 1.36%, 个股涨幅 -0.60%",,,否,,
2026-08-07 03:12:06,600615,鑫源智造,工业金属,-1.42,0,"板块均值 1.02%, 个股涨幅 -1.42%",,,否,,
2026-08-07 03:12:06,600594,益佰制药,中药Ⅱ,3.12,0,均线未呈多头排列,,,否,,
2026-08-07 03:12:06,600617,国新能源,燃气Ⅱ,-2.31,0,"板块均值 -0.59%, 个股涨幅 -2.31%",,,否,,
2026-08-07 03:12:06,600624,ST复华,化学制药,-2.78,0,ST股,,,否,,
2026-08-07 03:12:06,600596,新安股份,农化制品,0.18,0,均线未呈多头排列,,,否,,
2026-08-07 03:12:06,600601,方正科技,元件,8.12,0,均线未呈多头排列,,,否,,
2026-08-07 03:12:06,600569,安阳钢铁,普钢,-1.12,0,周线未呈多头排列,,,否,,
2026-08-07 03:12:06,600618,氯碱化工,化学原料,-1.43,0,"板块均值 -0.41%, 个股涨幅 -1.43%",,,否,,
2026-08-07 03:12:06,600619,海立股份,家电零部件Ⅱ,-1.48,0,"板块均值 0.16%, 个股涨幅 -1.48%",,,否,,
2026-08-07 03:12:06,600620,天宸股份,综合Ⅱ,-1.18,0,"板块均值 -1.14%, 个股涨幅 -1.18%",,,否,,
2026-08-07 03:12:06,600623,XD华谊集,化学原料,-1.52,0,"板块均值 -0.41%, 个股涨幅 -1.52%",,,否,,
2026-08-07 03:12:06,600635,大众公用,燃气Ⅱ,-2.08,0,"板块均值 -0.59%, 个股涨幅 -2.08%",,,否,,
2026-08-07 03:12:06,600671,天目药业,中药Ⅱ,-2.1,0,"板块均值 0.53%, 个股涨幅 -2.10%",,,否,,
2026-08-07 03:12:06,600679,上海凤凰,摩托车及其他,-1.47,0,"板块均值 -0.25%, 个股涨幅 -1.47%",,,否,,
2026-08-07 03:12:06,600681,百川能源,燃气Ⅱ,-0.88,0,"板块均值 -0.59%, 个股涨幅 -0.88%",,,否,,
2026-08-07 03:12:06,600641,先导基电,半导体,2.81,0,均线未呈多头排列,,,否,,
2026-08-07 03:12:06,600673,东阳光,综合Ⅱ,2.77,0,均线未呈多头排列,,,否,,
2026-08-07 03:12:06,600682,南京新百,综合Ⅱ,-0.72,0,均线未向上倾斜,,,否,,
2026-08-07 03:12:06,600691,潞化科技,农化制品,-1.62,0,"板块均值 -0.74%, 个股涨幅 -1.62%",,,否,,
2026-08-07 03:12:06,600685,中船防务,航海装备Ⅱ,-0.15,0,均线未向上倾斜,,,否,,
2026-08-07 03:12:06,600688,上海石化,炼化及贸易,-0.35,0,均线未向上倾斜,,,否,,
2026-08-07 03:12:06,600689,上海三毛,综合Ⅱ,-0.98,0,均线未向上倾斜,,,否,,
2026-08-07 03:12:06,600645,中源协和,医疗器械,0.21,0,周线未呈多头排列,,,否,,
2026-08-07 03:12:06,600664,哈药股份,化学制药,9.97,0,乖离率 9.20% 超出范围,,,否,,
2026-08-07 03:12:06,600713,南京医药,医药商业,0.39,0,"板块均值 0.89%, 个股涨幅 0.39%",,,否,,
2026-08-07 03:12:06,600703,三安光电,光学光电子,3.94,0,均线未呈多头排列,,,否,,
2026-08-07 03:12:06,600714,金瑞矿业,化学原料,-0.98,0,"板块均值 -0.41%, 个股涨幅 -0.98%",,,否,,
2026-08-07 03:12:06,600717,天津港,航运港口,-1.4,0,"板块均值 -0.68%, 个股涨幅 -1.40%",,,否,,
2026-08-07 03:12:06,600734,*ST实达,通信设备,-1.74,0,ST股,,,否,,
2026-08-07 03:12:06,600707,彩虹股份,光学光电子,1.42,0,均线未呈多头排列,,,否,,
2026-08-07 03:12:06,600745,*ST闻泰,半导体,0.18,0,ST股,,,否,,
2026-08-07 03:12:06,600711,盛屯矿业,工业金属,2.19,0,均线未向上倾斜,,,否,,
2026-08-07 03:12:06,600727,鲁北化工,化学原料,-1.96,0,"板块均值 -0.41%, 个股涨幅 -1.96%",,,否,,
2026-08-07 03:12:06,600731,湖南海利,农化制品,-1.04,0,"板块均值 -0.74%, 个股涨幅 -1.04%",,,否,,
2026-08-07 03:12:06,600732,爱旭股份,光伏设备,0.08,0,"板块均值 0.13%, 个股涨幅 0.08%",,,否,,
2026-08-07 03:12:06,600739,辽宁成大,生物制品,-0.19,0,"板块均值 1.25%, 个股涨幅 -0.19%",,,否,,
2026-08-07 03:12:06,600750,华润江中,中药Ⅱ,-0.44,0,"板块均值 0.53%, 个股涨幅 -0.44%",,,否,,
2026-08-07 03:12:06,600751,海航科技,航运港口,-1.88,0,"板块均值 -0.68%, 个股涨幅 -1.88%",,,否,,
2026-08-07 03:12:06,600761,安徽合力,工程机械,-0.57,0,"板块均值 -0.48%, 个股涨幅 -0.57%",,,否,,
2026-08-07 03:12:06,600763,通策医疗,医疗服务,-0.25,0,"板块均值 2.21%, 个股涨幅 -0.25%",,,否,,
2026-08-07 03:12:06,600764,中国海防,航海装备Ⅱ,-1.36,0,"板块均值 -0.27%, 个股涨幅 -1.36%",,,否,,
2026-08-07 03:12:06,600768,宁波富邦,工业金属,-0.75,0,"板块均值 1.02%, 个股涨幅 -0.75%",,,否,,
2026-08-07 03:12:06,600721,百花医药,医疗服务,10.02,0,周线未呈多头排列,,,否,,
2026-08-07 03:12:06,600771,广誉远,中药Ⅱ,-0.85,0,"板块均值 0.53%, 个股涨幅 -0.85%",,,否,,
2026-08-07 03:12:06,600774,汉商集团,化学制药,-1.46,0,"板块均值 1.36%, 个股涨幅 -1.46%",,,否,,
2026-08-07 03:12:06,600746,江苏索普,化学原料,-0.15,0,周线未呈多头排列,,,否,,
2026-08-07 03:12:06,600775,南京熊猫,通信设备,-1.21,0,"板块均值 0.31%, 个股涨幅 -1.21%",,,否,,
2026-08-07 03:12:06,600776,东方通信,通信设备,-1.67,0,"板块均值 0.31%, 个股涨幅 -1.67%",,,否,,
2026-08-07 03:12:06,600722,金牛化工,化学原料,4.74,0,周线未呈多头排列,,,否,,
2026-08-07 03:12:06,600769,祥龙电业,环境治理,-0.07,0,均线未呈多头排列,,,否,,
2026-08-07 03:12:06,600770,综艺股份,综合Ⅱ,-0.95,0,均线未呈多头排列,,,否,,
2026-08-07 03:12:06,600782,新钢股份,普钢,-1.77,0,"板块均值 -1.26%, 个股涨幅 -1.77%",,,否,,
2026-08-07 03:12:06,600783,鲁信创投,通用设备,-0.76,0,"板块均值 -0.15%, 个股涨幅 -0.76%",,,否,,
2026-08-07 03:12:06,600784,鲁银投资,化学原料,-1.56,0,"板块均值 -0.41%, 个股涨幅 -1.56%",,,否,,
2026-08-07 03:12:06,600789,鲁抗医药,化学制药,0.27,0,"板块均值 1.36%, 个股涨幅 0.27%",,,否,,
2026-08-07 03:12:06,600796,钱江生化,环境治理,-0.6,0,"板块均值 -0.50%, 个股涨幅 -0.60%",,,否,,
2026-08-07 03:12:06,600798,宁波海运,航运港口,-0.93,0,"板块均值 -0.68%, 个股涨幅 -0.93%",,,否,,
2026-08-07 03:12:06,600800,渤海化学,炼化及贸易,-2.94,0,"板块均值 -0.44%, 个股涨幅 -2.94%",,,否,,
2026-08-07 03:12:06,600805,悦达投资,综合Ⅱ,-1.59,0,"板块均值 -1.14%, 个股涨幅 -1.59%",,,否,,
2026-08-07 03:12:06,600818,ST中路,摩托车及其他,1.35,0,ST股,,,否,,
2026-08-07 03:12:06,600807,济高发展,综合Ⅱ,-1.97,0,"板块均值 -1.14%, 个股涨幅 -1.97%",,,否,,
2026-08-07 03:12:06,600810,神马股份,化学纤维,-1.4,0,"板块均值 -0.32%, 个股涨幅 -1.40%",,,否,,
2026-08-07 03:12:06,600812,华北制药,化学制药,0.63,0,"板块均值 1.36%, 个股涨幅 0.63%",,,否,,
2026-08-07 03:12:06,600815,厦工股份,工程机械,-1.22,0,"板块均值 -0.48%, 个股涨幅 -1.22%",,,否,,
2026-08-07 03:12:06,600803,新奥股份,燃气Ⅱ,-0.17,0,均线未呈多头排列,,,否,,
2026-08-07 03:12:06,600819,耀皮玻璃,玻璃玻纤,-1.11,0,"板块均值 0.85%, 个股涨幅 -1.11%",,,否,,
2026-08-07 03:12:06,600808,马钢股份,普钢,-0.78,0,均线未向上倾斜,,,否,,
2026-08-07 03:12:06,600833,第一医药,医药商业,-0.6,0,"板块均值 0.89%, 个股涨幅 -0.60%",,,否,,
2026-08-07 03:12:06,600835,上海机电,专用设备,-0.63,0,"板块均值 -0.36%, 个股涨幅 -0.63%",,,否,,
2026-08-07 03:12:06,600843,上工申贝,专用设备,-1.83,0,"板块均值 -0.36%, 个股涨幅 -1.83%",,,否,,
2026-08-07 03:12:06,600844,金煤科技,化学原料,-1.45,0,"板块均值 -0.41%, 个股涨幅 -1.45%",,,否,,
2026-08-07 03:12:06,600847,万里股份,电池,-1.55,0,"板块均值 0.12%, 个股涨幅 -1.55%",,,否,,
2026-08-07 03:12:06,600851,海欣股份,化学制药,1.26,0,"板块均值 1.36%, 个股涨幅 1.26%",,,否,,
2026-08-07 03:12:06,600855,航天长峰,军工电子Ⅱ,-0.55,0,"板块均值 -0.31%, 个股涨幅 -0.55%",,,否,,
2026-08-07 03:12:06,600860,京城股份,通用设备,-1.68,0,"板块均值 -0.15%, 个股涨幅 -1.68%",,,否,,
2026-08-07 03:12:06,600817,宇通重工,环保设备Ⅱ,0.11,0,周线未呈多头排列,,,否,,
2026-08-07 03:12:06,600867,通化东宝,生物制品,0.49,0,"板块均值 1.25%, 个股涨幅 0.49%",,,否,,
2026-08-07 03:12:06,600874,创业环保,环境治理,-0.9,0,"板块均值 -0.50%, 个股涨幅 -0.90%",,,否,,
2026-08-07 03:12:06,600876,凯盛新能,玻璃玻纤,-1.42,0,"板块均值 0.85%, 个股涨幅 -1.42%",,,否,,
2026-08-07 03:12:06,600866,星湖科技,化学制品,-0.23,0,均线未呈多头排列,,,否,,
2026-08-07 03:12:06,600877,电科芯片,半导体,-0.7,0,"板块均值 1.30%, 个股涨幅 -0.70%",,,否,,
2026-08-07 03:12:06,600889,*ST京化,通用设备,1.46,0,ST股,,,否,,
2026-08-07 03:12:06,600873,梅花生物,化学制品,0.76,0,均线未呈多头排列,,,否,,
2026-08-07 03:12:06,600829,人民同泰,医药商业,4.35,0,周线未呈多头排列,,,否,,
2026-08-07 03:12:06,600881,亚泰集团,综合Ⅱ,-2.33,0,"板块均值 -1.14%, 个股涨幅 -2.33%",,,否,,
2026-08-07 03:12:06,600875,东方电气,其他电源设备Ⅱ,-0.48,0,均线未向上倾斜,,,否,,
2026-08-07 03:12:06,600884,杉杉股份,电池,-2.47,0,"板块均值 0.12%, 个股涨幅 -2.47%",,,否,,
2026-08-07 03:12:06,600894,广日股份,专用设备,-0.64,0,"板块均值 -0.36%, 个股涨幅 -0.64%",,,否,,
2026-08-07 03:12:06,600879,航天电子,航天装备Ⅱ,-0.06,0,均线未呈多头排列,,,否,,
2026-08-07 03:12:06,600903,贵州燃气,燃气Ⅱ,-1.26,0,"板块均值 -0.59%, 个股涨幅 -1.26%",,,否,,
2026-08-07 03:12:06,600917,重庆燃气,燃气Ⅱ,-0.62,0,"板块均值 -0.59%, 个股涨幅 -0.62%",,,否,,
2026-08-07 03:12:06,600929,雪天盐业,化学原料,-2.0,0,"板块均值 -0.41%, 个股涨幅 -2.00%",,,否,,
2026-08-07 03:12:06,600935,华塑股份,化学原料,-1.3,0,"板块均值 -0.41%, 个股涨幅 -1.30%",,,否,,
2026-08-07 03:12:06,600955,维远股份,化学原料,-0.86,0,"板块均值 -0.41%, 个股涨幅 -0.86%",,,否,,
2026-08-07 03:12:06,600888,新疆众和,工业金属,1.72,0,均线未呈多头排列,,,否,,
2026-08-07 03:12:06,600984,建设机械,工程机械,-1.2,0,"板块均值 -0.48%, 个股涨幅 -1.20%",,,否,,
2026-08-07 03:12:06,600988,赤峰黄金,贵金属,-1.33,0,"板块均值 0.13%, 个股涨幅 -1.33%",,,否,,
2026-08-07 03:12:06,600990,四创电子,军工电子Ⅱ,-1.44,0,"板块均值 -0.31%, 个股涨幅 -1.44%",,,否,,
2026-08-07 03:12:06,600992,贵绳股份,通用设备,-1.67,0,"板块均值 -0.15%, 个股涨幅 -1.67%",,,否,,
2026-08-07 03:12:06,600961,株冶集团,工业金属,3.3,0,均线未向上倾斜,,,否,,
2026-08-07 03:12:06,600976,健民集团,中药Ⅱ,1.07,0,均线未呈多头排列,,,否,,
2026-08-07 03:12:06,600980,北矿科技,专用设备,1.49,0,均线未向上倾斜,,,否,,
2026-08-07 03:12:06,600993,马应龙,中药Ⅱ,-0.34,0,"板块均值 0.53%, 个股涨幅 -0.34%",,,否,,
2026-08-07 03:12:06,600998,九州通,医药商业,0.2,0,"板块均值 0.89%, 个股涨幅 0.20%",,,否,,
2026-08-07 03:12:06,600989,宝丰能源,化学原料,0.09,0,均线未呈多头排列,,,否,,
2026-08-07 03:12:06,601002,晋亿实业,通用设备,-1.66,0,"板块均值 -0.15%, 个股涨幅 -1.66%",,,否,,
2026-08-07 03:12:06,601003,柳钢股份,普钢,-5.1,0,"板块均值 -1.26%, 个股涨幅 -5.10%",,,否,,
2026-08-07 03:12:06,601008,连云港,航运港口,-1.15,0,"板块均值 -0.68%, 个股涨幅 -1.15%",,,否,,
2026-08-07 03:12:06,601020,华钰矿业,工业金属,1.01,0,"板块均值 1.02%, 个股涨幅 1.01%",,,否,,
2026-08-07 03:12:06,601000,唐山港,航运港口,-0.63,0,均线未向上倾斜,,,否,,
2026-08-07 03:12:06,601022,宁波远洋,航运港口,-0.86,0,"板块均值 -0.68%, 个股涨幅 -0.86%",,,否,,
2026-08-07 03:12:06,601026,道生天合,塑料,-1.26,0,"板块均值 -0.38%, 个股涨幅 -1.26%",,,否,,
2026-08-07 03:12:06,601005,重庆钢铁,普钢,-0.83,0,均线未向上倾斜,,,否,,
2026-08-07 03:12:06,601033,永兴股份,环境治理,-1.04,0,"板块均值 -0.50%, 个股涨幅 -1.04%",,,否,,
2026-08-07 03:12:06,601012,隆基绿能,光伏设备,1.57,0,均线未向上倾斜,,,否,,
2026-08-07 03:12:06,601018,宁波港,航运港口,-0.59,0,均线未呈多头排列,,,否,,
2026-08-07 03:12:06,601038,一拖股份,专用设备,-1.48,0,"板块均值 -0.36%, 个股涨幅 -1.48%",,,否,,
2026-08-07 03:12:06,601065,江盐集团,化学原料,-0.73,0,"板块均值 -0.41%, 个股涨幅 -0.73%",,,否,,
2026-08-07 03:12:06,601069,西部黄金,贵金属,-0.73,0,"板块均值 0.13%, 个股涨幅 -0.73%",,,否,,
2026-08-07 03:12:06,601089,福元医药,化学制药,0.35,0,"板块均值 1.36%, 个股涨幅 0.35%",,,否,,
2026-08-07 03:12:06,601106,中国一重,专用设备,-0.63,0,"板块均值 -0.36%, 个股涨幅 -0.63%",,,否,,
2026-08-07 03:12:06,601112,振石股份,玻璃玻纤,-0.71,0,"板块均值 0.85%, 个股涨幅 -0.71%",,,否,,
2026-08-07 03:12:06,601113,华鼎股份,化学纤维,-1.45,0,"板块均值 -0.32%, 个股涨幅 -1.45%",,,否,,
2026-08-07 03:12:06,601083,锦江航运,航运港口,-0.62,0,均线未向上倾斜,,,否,,
2026-08-07 03:12:06,601100,恒立液压,工程机械,-0.06,0,均线未呈多头排列,,,否,,
2026-08-07 03:12:06,601137,博威合金,金属新材料,2.73,0,均线未呈多头排列,,,否,,
2026-08-07 03:12:06,601177,杭齿前进,通用设备,-0.68,0,"板块均值 -0.15%, 个股涨幅 -0.68%",,,否,,
2026-08-07 03:12:06,601138,工业富联,消费电子,0.7,0,均线未呈多头排列,,,否,,
2026-08-07 03:12:06,601199,江南水务,环境治理,-0.55,0,"板块均值 -0.50%, 个股涨幅 -0.55%",,,否,,
2026-08-07 03:12:06,601139,深圳燃气,燃气Ⅱ,-0.31,0,均线未向上倾斜,,,否,,
2026-08-07 03:12:06,601158,重庆水务,环境治理,-0.48,0,均线未呈多头排列,,,否,,
2026-08-07 03:12:06,601200,上海环境,环境治理,-0.71,0,"板块均值 -0.50%, 个股涨幅 -0.71%",,,否,,
2026-08-07 03:12:06,601212,白银有色,工业金属,-0.73,0,"板块均值 1.02%, 个股涨幅 -0.73%",,,否,,
2026-08-07 03:12:06,601216,君正集团,化学原料,-0.65,0,"板块均值 -0.41%, 个股涨幅 -0.65%",,,否,,
2026-08-07 03:12:06,601218,吉鑫科技,风电设备,-0.66,0,"板块均值 -0.20%, 个股涨幅 -0.66%",,,否,,
2026-08-07 03:12:06,601121,宝地矿业,冶钢原料,0.71,0,周线未呈多头排列,,,否,,
2026-08-07 03:12:06,601208,东材科技,塑料,4.43,0,均线未呈多头排列,,,否,,
2026-08-07 03:12:06,601311,骆驼股份,电池,-0.89,0,"板块均值 0.12%, 个股涨幅 -0.89%",,,否,,
2026-08-07 03:12:06,601228,广州港,航运港口,-0.65,0,均线未向上倾斜,,,否,,
2026-08-07 03:12:06,601168,西部矿业,工业金属,4.46,0,近20日无涨停,,,否,,
2026-08-07 03:12:06,601326,秦港股份,航运港口,-0.87,0,"板块均值 -0.68%, 个股涨幅 -0.87%",,,否,,
2026-08-07 03:12:06,601231,环旭电子,消费电子,0.73,0,均线未呈多头排列,,,否,,
2026-08-07 03:12:06,601330,绿色动力,环境治理,-0.97,0,"板块均值 -0.50%, 个股涨幅 -0.97%",,,否,,
2026-08-07 03:12:06,601233,桐昆股份,炼化及贸易,2.23,0,均线未向上倾斜,,,否,,
2026-08-07 03:12:06,601298,青岛港,航运港口,-0.22,0,均线未向上倾斜,,,否,,
2026-08-07 03:12:06,601368,绿城水务,环境治理,-0.9,0,"板块均值 -0.50%, 个股涨幅 -0.90%",,,否,,
2026-08-07 03:12:06,601369,陕鼓动力,专用设备,-0.52,0,"板块均值 -0.36%, 个股涨幅 -0.52%",,,否,,
2026-08-07 03:12:06,601388,怡球资源,工业金属,0.0,0,"板块均值 1.02%, 个股涨幅 0.00%",,,否,,
2026-08-07 03:12:06,601399,国机重装,专用设备,-0.6,0,"板块均值 -0.36%, 个股涨幅 -0.60%",,,否,,
2026-08-07 03:12:06,601568,北元化工,化学原料,-0.54,0,"板块均值 -0.41%, 个股涨幅 -0.54%",,,否,,
2026-08-07 03:12:06,601607,上海医药,医药商业,-0.06,0,"板块均值 0.89%, 个股涨幅 -0.06%",,,否,,
2026-08-07 03:12:06,601636,旗滨集团,玻璃玻纤,0.83,0,"板块均值 0.85%, 个股涨幅 0.83%",,,否,,
2026-08-07 03:12:06,601677,明泰铝业,工业金属,0.47,0,"板块均值 1.02%, 个股涨幅 0.47%",,,否,,
2026-08-07 03:12:06,601678,滨化股份,化学原料,-1.37,0,"板块均值 -0.41%, 个股涨幅 -1.37%",,,否,,
2026-08-07 03:12:06,601608,中信重工,专用设备,0.21,0,均线未呈多头排列,,,否,,
2026-08-07 03:12:06,601609,金田股份,工业金属,1.17,0,均线未向上倾斜,,,否,,
2026-08-07 03:12:06,601615,明阳智能,风电设备,0.0,0,均线未向上倾斜,,,否,,
2026-08-07 03:12:06,601702,华峰铝业,工业金属,0.45,0,"板块均值 1.02%, 个股涨幅 0.45%",,,否,,
2026-08-07 03:12:06,601717,中创智领,专用设备,-0.75,0,"板块均值 -0.36%, 个股涨幅 -0.75%",,,否,,
2026-08-07 03:12:06,601727,上海电气,其他电源设备Ⅱ,-1.16,0,"板块均值 -0.60%, 个股涨幅 -1.16%",,,否,,
2026-08-07 03:12:06,601777,千里科技,摩托车及其他,-1.04,0,"板块均值 -0.25%, 个股涨幅 -1.04%",,,否,,
2026-08-07 03:12:06,601798,蓝科高新,专用设备,-0.53,0,"板块均值 -0.36%, 个股涨幅 -0.53%",,,否,,
2026-08-07 03:12:06,601698,中国卫通,航天装备Ⅱ,0.07,0,均线未呈多头排列,,,否,,
2026-08-07 03:12:06,601600,中国铝业,工业金属,1.15,0,周线未呈多头排列,,,否,,
2026-08-07 03:12:06,601686,友发集团,普钢,-1.15,0,周线未呈多头排列,,,否,,
2026-08-07 03:12:06,601857,中国石油,炼化及贸易,1.12,0,均线未呈多头排列,,,否,,
2026-08-07 03:12:06,601865,福莱特,光伏设备,10.02,0,均线未向上倾斜,,,否,,
2026-08-07 03:12:06,601866,中远海发,航运港口,-0.41,0,均线未向上倾斜,,,否,,
2026-08-07 03:12:06,601869,长飞光纤,通信设备,3.23,0,均线未呈多头排列,,,否,,
2026-08-07 03:12:06,601872,招商轮船,航运港口,1.12,0,均线未向上倾斜,,,否,,
2026-08-07 03:12:06,601890,亚星锚链,航海装备Ⅱ,-0.35,0,"板块均值 -0.27%, 个股涨幅 -0.35%",,,否,,
2026-08-07 03:12:06,601880,辽港股份,航运港口,0.0,0,均线未向上倾斜,,,否,,
2026-08-07 03:12:06,601882,海天精工,通用设备,0.1,0,均线未向上倾斜,,,否,,
2026-08-07 03:12:06,601899,紫金矿业,工业金属,0.64,0,"板块均值 1.02%, 个股涨幅 0.64%",,,否,,
2026-08-07 03:12:06,601956,东贝集团,家电零部件Ⅱ,-0.61,0,"板块均值 0.16%, 个股涨幅 -0.61%",,,否,,
2026-08-07 03:12:06,601958,金钼股份,小金属,1.4,0,"板块均值 1.75%, 个股涨幅 1.40%",,,否,,
2026-08-07 03:12:06,601827,三峰环境,环境治理,-0.12,0,周线未呈多头排列,,,否,,
2026-08-07 03:12:06,603004,鼎龙科技,化学制品,-1.87,0,"板块均值 -0.55%, 个股涨幅 -1.87%",,,否,,
2026-08-07 03:12:06,601919,中远海控,航运港口,0.26,0,均线未呈多头排列,,,否,,
2026-08-07 03:12:06,603005,晶方科技,半导体,0.09,0,"板块均值 1.30%, 个股涨幅 0.09%",,,否,,
2026-08-07 03:12:06,603011,合锻智能,专用设备,-0.82,0,"板块均值 -0.36%, 个股涨幅 -0.82%",,,否,,
2026-08-07 03:12:06,601975,招商南油,航运港口,0.27,0,均线未向上倾斜,,,否,,
2026-08-07 03:12:06,603002,宏昌电子,电子化学品Ⅱ,2.28,0,均线未呈多头排列,,,否,,
2026-08-07 03:12:06,603015,弘讯科技,自动化设备,-0.28,0,"板块均值 0.68%, 个股涨幅 -0.28%",,,否,,
2026-08-07 03:12:06,603010,万盛股份,化学制品,-0.46,0,均线未呈多头排列,,,否,,
2026-08-07 03:12:06,603020,爱普股份,化学制品,-0.89,0,"板块均值 -0.55%, 个股涨幅 -0.89%",,,否,,
2026-08-07 03:12:06,603025,大豪科技,自动化设备,-0.74,0,"板块均值 0.68%, 个股涨幅 -0.74%",,,否,,
2026-08-07 03:12:06,603026,石大胜华,电池,-0.12,0,"板块均值 0.12%, 个股涨幅 -0.12%",,,否,,
2026-08-07 03:12:06,603012,创力集团,专用设备,1.72,0,均线未向上倾斜,,,否,,
2026-08-07 03:12:06,603014,威高血净,医疗器械,0.24,0,均线未向上倾斜,,,否,,
2026-08-07 03:12:06,603028,赛福天,通用设备,-1.35,0,"板块均值 -0.15%, 个股涨幅 -1.35%",,,否,,
2026-08-07 03:12:06,603029,天鹅股份,专用设备,-0.47,0,"板块均值 -0.36%, 个股涨幅 -0.47%",,,否,,
2026-08-07 03:12:06,601969,海南矿业,冶钢原料,0.22,0,周线未呈多头排列,,,否,,
2026-08-07 03:12:06,603033,三维股份,橡胶,-1.26,0,"板块均值 -0.61%, 个股涨幅 -1.26%",,,否,,
2026-08-07 03:12:06,603036,如通股份,专用设备,-2.08,0,"板块均值 -0.36%, 个股涨幅 -2.08%",,,否,,
2026-08-07 03:12:06,603041,美思德,化学制品,-1.96,0,"板块均值 -0.55%, 个股涨幅 -1.96%",,,否,,
2026-08-07 03:12:06,603042,华脉科技,通信设备,0.23,0,"板块均值 0.31%, 个股涨幅 0.23%",,,否,,
2026-08-07 03:12:06,603045,福达合金,金属新材料,1.97,0,"板块均值 2.20%, 个股涨幅 1.97%",,,否,,
2026-08-07 03:12:06,603031,安孚科技,电池,0.86,0,均线未呈多头排列,,,否,,
2026-08-07 03:12:06,603032,德新科技,电池,0.21,0,均线未呈多头排列,,,否,,
2026-08-07 03:12:06,603053,成都燃气,燃气Ⅱ,-0.67,0,"板块均值 -0.59%, 个股涨幅 -0.67%",,,否,,
2026-08-07 03:12:06,603062,麦加芯彩,化学制品,-1.33,0,"板块均值 -0.55%, 个股涨幅 -1.33%",,,否,,
2026-08-07 03:12:06,603065,宿迁联盛,化学制品,-2.73,0,"板块均值 -0.55%, 个股涨幅 -2.73%",,,否,,
2026-08-07 03:12:06,603051,鹿山新材,化学制品,-0.34,0,均线未呈多头排列,,,否,,
2026-08-07 03:12:06,603052,可川科技,消费电子,1.15,0,均线未呈多头排列,,,否,,
2026-08-07 03:12:06,603068,博通集成,半导体,-2.4,0,"板块均值 1.30%, 个股涨幅 -2.40%",,,否,,
2026-08-07 03:12:06,603061,金海通,半导体,1.38,0,均线未呈多头排列,,,否,,
2026-08-07 03:12:06,603063,禾望电气,风电设备,0.66,0,均线未呈多头排列,,,否,,
2026-08-07 03:12:06,603073,彩蝶实业,化学纤维,-0.94,0,"板块均值 -0.32%, 个股涨幅 -0.94%",,,否,,
2026-08-07 03:12:06,603075,热威股份,家电零部件Ⅱ,-0.68,0,"板块均值 0.16%, 个股涨幅 -0.68%",,,否,,
2026-08-07 03:12:06,603067,振华股份,化学原料,1.48,0,均线未呈多头排列,,,否,,
2026-08-07 03:12:06,603076,乐惠国际,专用设备,-1.04,0,"板块均值 -0.36%, 个股涨幅 -1.04%",,,否,,
2026-08-07 03:12:06,603072,天和磁材,金属新材料,2.28,0,均线未向上倾斜,,,否,,
2026-08-07 03:12:06,603080,新疆火炬,燃气Ⅱ,-0.69,0,"板块均值 -0.59%, 个股涨幅 -0.69%",,,否,,
2026-08-07 03:12:06,603082,北自科技,自动化设备,-0.67,0,"板块均值 0.68%, 个股涨幅 -0.67%",,,否,,
2026-08-07 03:12:06,603078,江化微,电子化学品Ⅱ,3.16,0,均线未呈多头排列,,,否,,
2026-08-07 03:12:06,603086,先达股份,农化制品,-1.62,0,"板块均值 -0.74%, 个股涨幅 -1.62%",,,否,,
2026-08-07 03:12:06,603079,圣达生物,化学制品,-0.09,0,均线未向上倾斜,,,否,,
2026-08-07 03:12:06,603087,甘李药业,生物制品,-0.13,0,"板块均值 1.25%, 个股涨幅 -0.13%",,,否,,
2026-08-07 03:12:06,603081,大丰实业,专用设备,0.63,0,均线未向上倾斜,,,否,,
2026-08-07 03:12:06,603083,剑桥科技,通信设备,3.12,0,均线未呈多头排列,,,否,,
2026-08-07 03:12:06,603092,德力佳,风电设备,-0.69,0,"板块均值 -0.20%, 个股涨幅 -0.69%",,,否,,
2026-08-07 03:12:06,603095,越剑智能,专用设备,-1.07,0,"板块均值 -0.36%, 个股涨幅 -1.07%",,,否,,
2026-08-07 03:12:06,603100,川仪股份,通用设备,-0.6,0,"板块均值 -0.15%, 个股涨幅 -0.60%",,,否,,
2026-08-07 03:12:06,603108,润达医疗,医药商业,-2.29,0,"板块均值 0.89%, 个股涨幅 -2.29%",,,否,,
2026-08-07 03:12:06,603088,宁波精达,通用设备,2.05,0,均线未向上倾斜,,,否,,
2026-08-07 03:12:06,603077,和邦生物,农化制品,-0.42,0,周线未呈多头排列,,,否,,
2026-08-07 03:12:06,603090,宏盛股份,通用设备,0.36,0,均线未呈多头排列,,,否,,
2026-08-07 03:12:06,603112,华翔股份,家电零部件Ⅱ,-0.85,0,"板块均值 0.16%, 个股涨幅 -0.85%",,,否,,
2026-08-07 03:12:06,603113,金能科技,化学原料,-1.54,0,"板块均值 -0.41%, 个股涨幅 -1.54%",,,否,,
2026-08-07 03:12:06,603115,海星股份,电子化学品Ⅱ,0.89,0,"板块均值 1.11%, 个股涨幅 0.89%",,,否,,
2026-08-07 03:12:06,603118,共进股份,通信设备,-0.54,0,"板块均值 0.31%, 个股涨幅 -0.54%",,,否,,
2026-08-07 03:12:06,603120,肯特催化,化学制品,-1.57,0,"板块均值 -0.55%, 个股涨幅 -1.57%",,,否,,
2026-08-07 03:12:06,603110,东方材料,化学制品,0.2,0,均线未向上倾斜,,,否,,
2026-08-07 03:12:06,603126,中材节能,环保设备Ⅱ,-1.33,0,"板块均值 -0.42%, 个股涨幅 -1.33%",,,否,,
2026-08-07 03:12:06,603131,上海沪工,通用设备,-0.71,0,"板块均值 -0.15%, 个股涨幅 -0.71%",,,否,,
2026-08-07 03:12:06,603132,金徽股份,工业金属,-1.09,0,"板块均值 1.02%, 个股涨幅 -1.09%",,,否,,
2026-08-07 03:12:06,603122,合富中国,医药商业,2.99,0,均线未向上倾斜,,,否,,
2026-08-07 03:12:06,603124,江南新材,金属新材料,5.55,0,均线未呈多头排列,,,否,,
2026-08-07 03:12:06,603125,常青科技,化学制品,0.0,0,均线未呈多头排列,,,否,,
2026-08-07 03:12:06,603135,中重科技,专用设备,-1.15,0,"板块均值 -0.36%, 个股涨幅 -1.15%",,,否,,
2026-08-07 03:12:06,603127,昭衍新药,医疗服务,3.33,0,均线未呈多头排列,,,否,,
2026-08-07 03:12:06,603129,春风动力,摩托车及其他,0.63,0,均线未呈多头排列,,,否,,
2026-08-07 03:12:06,603139,康惠股份,中药Ⅱ,-0.77,0,"板块均值 0.53%, 个股涨幅 -0.77%",,,否,,
2026-08-07 03:12:06,603159,上海亚虹,专用设备,-0.78,0,"板块均值 -0.36%, 个股涨幅 -0.78%",,,否,,
2026-08-07 03:12:06,603160,汇顶科技,半导体,-0.46,0,"板块均值 1.30%, 个股涨幅 -0.46%",,,否,,
2026-08-07 03:12:06,603162,海通发展,航运港口,-2.85,0,"板块均值 -0.68%, 个股涨幅 -2.85%",,,否,,
2026-08-07 03:12:06,603168,莎普爱思,化学制药,-1.12,0,"板块均值 1.36%, 个股涨幅 -1.12%",,,否,,
2026-08-07 03:12:06,603169,兰石重装,专用设备,-1.58,0,"板块均值 -0.36%, 个股涨幅 -1.58%",,,否,,
2026-08-07 03:12:06,603150,万朗磁塑,塑料,2.17,0,均线未呈多头排列,,,否,,
2026-08-07 03:12:06,603155,新亚强,化学制品,0.59,0,均线未呈多头排列,,,否,,
2026-08-07 03:12:06,603172,万丰股份,化学制品,-1.3,0,"板块均值 -0.55%, 个股涨幅 -1.30%",,,否,,
2026-08-07 03:12:06,603173,福斯达,专用设备,-0.87,0,"板块均值 -0.36%, 个股涨幅 -0.87%",,,否,,
2026-08-07 03:12:06,603175,超颖电子,元件,1.98,0,"板块均值 4.24%, 个股涨幅 1.98%",,,否,,
2026-08-07 03:12:06,603177,德创环保,环境治理,-1.54,0,"板块均值 -0.50%, 个股涨幅 -1.54%",,,否,,
2026-08-07 03:12:06,603185,弘元绿能,光伏设备,-0.91,0,"板块均值 0.13%, 个股涨幅 -0.91%",,,否,,
2026-08-07 03:12:06,603188,亚邦股份,化学制品,-1.48,0,"板块均值 -0.55%, 个股涨幅 -1.48%",,,否,,
2026-08-07 03:12:06,603192,汇得科技,化学制品,-2.06,0,"板块均值 -0.55%, 个股涨幅 -2.06%",,,否,,
2026-08-07 03:12:06,603181,皇马科技,化学制品,0.0,0,均线未向上倾斜,,,否,,
2026-08-07 03:12:06,603186,华正新材,元件,6.47,0,均线未呈多头排列,,,否,,
2026-08-07 03:12:06,603187,海容冷链,通用设备,1.51,0,均线未呈多头排列,,,否,,
2026-08-07 03:12:06,603205,健尔康,医疗器械,-1.09,0,"板块均值 -0.21%, 个股涨幅 -1.09%",,,否,,
2026-08-07 03:12:06,603167,渤海轮渡,航运港口,-0.23,0,周线未呈多头排列,,,否,,
2026-08-07 03:12:06,603194,中力股份,工程机械,-0.41,0,均线未向上倾斜,,,否,,
2026-08-07 03:12:06,603207,小方制药,化学制药,-0.09,0,"板块均值 1.36%, 个股涨幅 -0.09%",,,否,,
2026-08-07 03:12:06,603200,上海洗霸,环境治理,-0.4,0,均线未向上倾斜,,,否,,
2026-08-07 03:12:06,603212,赛伍技术,光伏设备,0.0,0,"板块均值 0.13%, 个股涨幅 0.00%",,,否,,
2026-08-07 03:12:06,603203,快克智能,自动化设备,1.8,0,均线未呈多头排列,,,否,,
2026-08-07 03:12:06,603213,镇洋发展,化学原料,-1.42,0,"板块均值 -0.41%, 个股涨幅 -1.42%",,,否,,
2026-08-07 03:12:06,603218,日月股份,风电设备,-0.59,0,"板块均值 -0.20%, 个股涨幅 -0.59%",,,否,,
2026-08-07 03:12:06,603222,济民健康,医疗器械,-0.7,0,"板块均值 -0.21%, 个股涨幅 -0.70%",,,否,,
2026-08-07 03:12:06,603223,恒通股份,炼化及贸易,-0.54,0,"板块均值 -0.44%, 个股涨幅 -0.54%",,,否,,
2026-08-07 03:12:06,603215,比依股份,小家电,-0.78,0,均线未向上倾斜,,,否,,
2026-08-07 03:12:06,603217,元利科技,化学制品,5.32,0,均线未向上倾斜,,,否,,
2026-08-07 03:12:06,603219,富佳股份,小家电,1.29,0,均线未向上倾斜,,,否,,
2026-08-07 03:12:06,603229,奥翔药业,化学制药,1.16,0,"板块均值 1.36%, 个股涨幅 1.16%",,,否,,
2026-08-07 03:12:06,603225,新凤鸣,化学纤维,0.05,0,均线未向上倾斜,,,否,,
2026-08-07 03:12:06,603233,大参林,医药商业,-0.5,0,"板块均值 0.89%, 个股涨幅 -0.50%",,,否,,
2026-08-07 03:12:06,603236,移远通信,通信设备,-2.04,0,"板块均值 0.31%, 个股涨幅 -2.04%",,,否,,
2026-08-07 03:12:06,603209,兴通股份,航运港口,0.36,0,周线未呈多头排列,,,否,,
2026-08-07 03:12:06,603248,锡华科技,风电设备,-0.42,0,"板块均值 -0.20%, 个股涨幅 -0.42%",,,否,,
2026-08-07 03:12:06,603235,天新药业,化学制品,-0.55,0,均线未呈多头排列,,,否,,
2026-08-07 03:12:06,603255,鼎际得,化学制品,0.44,0,均线未呈多头排列,,,否,,
2026-08-07 03:12:06,603256,宏和科技,玻璃玻纤,2.86,0,均线未呈多头排列,,,否,,
2026-08-07 03:12:06,603227,雪峰科技,化学制品,2.48,0,周线未呈多头排列,,,否,,
2026-08-07 03:12:06,603260,合盛硅业,化学制品,1.25,0,均线未呈多头排列,,,否,,
2026-08-07 03:12:06,603228,景旺电子,元件,10.0,0,乖离率 21.04% 超出范围,,,否,,
2026-08-07 03:12:06,603267,鸿远电子,军工电子Ⅱ,-0.29,0,均线未向上倾斜,,,否,,
2026-08-07 03:12:06,603271,永杰新材,工业金属,0.07,0,"板块均值 1.02%, 个股涨幅 0.07%",,,否,,
2026-08-07 03:12:06,603273,天元智能,工程机械,-1.42,0,"板块均值 -0.48%, 个股涨幅 -1.42%",,,否,,
2026-08-07 03:12:06,603275,众辰科技,自动化设备,-0.85,0,"板块均值 0.68%, 个股涨幅 -0.85%",,,否,,
2026-08-07 03:12:06,603269,海鸥股份,通用设备,0.73,0,均线未呈多头排列,,,否,,
2026-08-07 03:12:06,603270,金帝股份,通用设备,0.15,0,均线未呈多头排列,,,否,,
2026-08-07 03:12:06,603277,银都股份,通用设备,-1.68,0,"板块均值 -0.15%, 个股涨幅 -1.68%",,,否,,
2026-08-07 03:12:06,603259,药明康德,医疗服务,4.7,0,乖离率 8.50% 超出范围,,,否,,
2026-08-07 03:12:06,603278,大业股份,通用设备,-1.26,0,"板块均值 -0.15%, 个股涨幅 -1.26%",,,否,,
2026-08-07 03:12:06,603279,景津装备,通用设备,-1.0,0,"板块均值 -0.15%, 个股涨幅 -1.00%",,,否,,
2026-08-07 03:12:06,603276,恒兴新材,化学制品,1.71,0,均线未向上倾斜,,,否,,
2026-08-07 03:12:06,603280,南方路机,工程机械,-1.13,0,"板块均值 -0.48%, 个股涨幅 -1.13%",,,否,,
2026-08-07 03:12:06,603268,松发股份,航海装备Ⅱ,3.1,0,乖离率 9.74% 超出范围,,,否,,
2026-08-07 03:12:06,603282,亚光股份,环保设备Ⅱ,-1.58,0,"板块均值 -0.42%, 个股涨幅 -1.58%",,,否,,
2026-08-07 03:12:06,603285,键邦股份,化学制品,-2.76,0,"板块均值 -0.55%, 个股涨幅 -2.76%",,,否,,
2026-08-07 03:12:06,603289,泰瑞机器,专用设备,-0.96,0,"板块均值 -0.36%, 个股涨幅 -0.96%",,,否,,
2026-08-07 03:12:06,603281,江瀚新材,化学制品,-0.05,0,均线未向上倾斜,,,否,,
2026-08-07 03:12:06,603296,华勤技术,消费电子,-0.26,0,"板块均值 -0.02%, 个股涨幅 -0.26%",,,否,,
2026-08-07 03:12:06,603283,赛腾股份,自动化设备,1.89,0,均线未呈多头排列,,,否,,
2026-08-07 03:12:06,603299,苏盐井神,化学原料,-0.66,0,"板块均值 -0.41%, 个股涨幅 -0.66%",,,否,,
2026-08-07 03:12:06,603290,斯达半导,半导体,1.82,0,均线未呈多头排列,,,否,,
2026-08-07 03:12:06,603291,联合水务,环境治理,1.58,0,均线未向上倾斜,,,否,,
2026-08-07 03:12:06,603301,振德医疗,医疗器械,-1.03,0,"板块均值 -0.21%, 个股涨幅 -1.03%",,,否,,
2026-08-07 03:12:06,603297,永新光学,光学光电子,0.39,0,均线未呈多头排列,,,否,,
2026-08-07 03:12:06,603298,杭叉集团,工程机械,0.57,0,均线未呈多头排列,,,否,,
2026-08-07 03:12:06,603309,维力医疗,医疗器械,-0.52,0,"板块均值 -0.21%, 个股涨幅 -0.52%",,,否,,
2026-08-07 03:12:06,603310,巍华新材,化学制品,-0.94,0,"板块均值 -0.55%, 个股涨幅 -0.94%",,,否,,
2026-08-07 03:12:06,603311,金海高科,家电零部件Ⅱ,-0.17,0,"板块均值 0.16%, 个股涨幅 -0.17%",,,否,,
2026-08-07 03:12:06,603315,福鞍股份,环境治理,-1.79,0,"板块均值 -0.50%, 个股涨幅 -1.79%",,,否,,
2026-08-07 03:12:06,603303,得邦照明,照明设备Ⅱ,3.18,0,均线未呈多头排列,,,否,,
2026-08-07 03:12:06,603316,诚邦股份,半导体,1.02,0,"板块均值 1.30%, 个股涨幅 1.02%",,,否,,
2026-08-07 03:12:06,603308,应流股份,通用设备,0.44,0,均线未呈多头排列,,,否,,
2026-08-07 03:12:06,603318,水发燃气,燃气Ⅱ,-2.59,0,"板块均值 -0.59%, 个股涨幅 -2.59%",,,否,,
2026-08-07 03:12:06,603321,梅轮电梯,专用设备,-0.82,0,"板块均值 -0.36%, 个股涨幅 -0.82%",,,否,,
2026-08-07 03:12:06,603327,福蓉科技,消费电子,-1.86,0,"板块均值 -0.02%, 个股涨幅 -1.86%",,,否,,
2026-08-07 03:12:06,603331,百达精工,通用设备,-1.86,0,"板块均值 -0.15%, 个股涨幅 -1.86%",,,否,,
2026-08-07 03:12:06,603332,苏州龙杰,化学纤维,-1.18,0,"板块均值 -0.32%, 个股涨幅 -1.18%",,,否,,
2026-08-07 03:12:06,603334,丰倍生物,化学制品,-1.52,0,"板块均值 -0.55%, 个股涨幅 -1.52%",,,否,,
2026-08-07 03:12:06,603324,盛剑科技,环保设备Ⅱ,0.48,0,均线未呈多头排列,,,否,,
2026-08-07 03:12:06,603325,博隆技术,专用设备,-0.02,0,均线未向上倾斜,,,否,,
2026-08-07 03:12:06,603337,杰克科技,专用设备,-1.45,0,"板块均值 -0.36%, 个股涨幅 -1.45%",,,否,,
2026-08-07 03:12:06,603328,依顿电子,元件,10.04,0,均线未向上倾斜,,,否,,
2026-08-07 03:12:06,603330,天洋新材,塑料,0.13,0,均线未向上倾斜,,,否,,
2026-08-07 03:12:06,603341,龙旗科技,消费电子,-0.22,0,"板块均值 -0.02%, 个股涨幅 -0.22%",,,否,,
2026-08-07 03:12:06,603351,威尔药业,化学制药,0.96,0,"板块均值 1.36%, 个股涨幅 0.96%",,,否,,
2026-08-07 03:12:06,603355,莱克电气,小家电,-1.9,0,"板块均值 -0.96%, 个股涨幅 -1.90%",,,否,,
2026-08-07 03:12:06,603356,华菱精工,专用设备,-1.53,0,"板块均值 -0.36%, 个股涨幅 -1.53%",,,否,,
2026-08-07 03:12:06,603338,浙江鼎力,工程机械,-0.42,0,均线未呈多头排列,,,否,,
2026-08-07 03:12:06,603339,四方科技,通用设备,0.65,0,均线未向上倾斜,,,否,,
2026-08-07 03:12:06,603367,辰欣药业,化学制药,1.09,0,"板块均值 1.36%, 个股涨幅 1.09%",,,否,,
2026-08-07 03:12:06,603368,柳药集团,医药商业,-0.26,0,"板块均值 0.89%, 个股涨幅 -0.26%",,,否,,
2026-08-07 03:12:06,603353,和顺石油,炼化及贸易,-0.2,0,均线未呈多头排列,,,否,,
2026-08-07 03:12:06,603379,三美股份,化学制品,-2.21,0,"板块均值 -0.55%, 个股涨幅 -2.21%",,,否,,
2026-08-07 03:12:06,603360,百傲化学,农化制品,-0.52,0,均线未向上倾斜,,,否,,
2026-08-07 03:12:06,603380,易德龙,消费电子,-0.21,0,"板块均值 -0.02%, 个股涨幅 -0.21%",,,否,,
2026-08-07 03:12:06,603381,永臻股份,光伏设备,-0.81,0,"板块均值 0.13%, 个股涨幅 -0.81%",,,否,,
2026-08-07 03:12:06,603382,海阳科技,化学纤维,-1.48,0,"板块均值 -0.32%, 个股涨幅 -1.48%",,,否,,
2026-08-07 03:12:06,603386,骏亚科技,元件,1.41,0,"板块均值 4.24%, 个股涨幅 1.41%",,,否,,
2026-08-07 03:12:06,603398,*ST沐邦,光伏设备,-0.58,0,ST股,,,否,,
2026-08-07 03:12:06,603375,盛景微,半导体,1.59,0,均线未呈多头排列,,,否,,
2026-08-07 03:12:06,603392,万泰生物,医疗器械,-0.45,0,"板块均值 -0.21%, 个股涨幅 -0.45%",,,否,,
2026-08-07 03:12:06,603399,永杉锂业,能源金属,-1.02,0,"板块均值 1.59%, 个股涨幅 -1.02%",,,否,,
2026-08-07 03:12:06,603400,华之杰,通用设备,-2.56,0,"板块均值 -0.15%, 个股涨幅 -2.56%",,,否,,
2026-08-07 03:12:06,603391,力聚热能,专用设备,0.7,0,均线未向上倾斜,,,否,,
2026-08-07 03:12:06,603406,天富龙,化学纤维,-1.15,0,"板块均值 -0.32%, 个股涨幅 -1.15%",,,否,,
2026-08-07 03:12:06,603393,新天然气,燃气Ⅱ,0.12,0,均线未向上倾斜,,,否,,
2026-08-07 03:12:06,603395,红四方,农化制品,-0.49,0,均线未呈多头排列,,,否,,
2026-08-07 03:12:06,603396,金辰股份,光伏设备,0.25,0,均线未向上倾斜,,,否,,
2026-08-07 03:12:06,603407,长裕集团,小金属,-0.99,0,"板块均值 1.75%, 个股涨幅 -0.99%",,,否,,
2026-08-07 03:12:06,603416,信捷电气,自动化设备,-0.04,0,"板块均值 0.68%, 个股涨幅 -0.04%",,,否,,
2026-08-07 03:12:06,603421,鼎信通讯,通信设备,-5.3,0,"板块均值 0.31%, 个股涨幅 -5.30%",,,否,,
2026-08-07 03:12:06,603439,三力制药,中药Ⅱ,0.45,0,"板块均值 0.53%, 个股涨幅 0.45%",,,否,,
2026-08-07 03:12:06,603456,九洲药业,医疗服务,1.91,0,"板块均值 2.21%, 个股涨幅 1.91%",,,否,,
2026-08-07 03:12:06,603387,基蛋生物,医疗器械,0.22,0,周线未呈多头排列,,,否,,
2026-08-07 03:12:06,603488,展鹏科技,专用设备,-1.75,0,"板块均值 -0.36%, 个股涨幅 -1.75%",,,否,,
2026-08-07 03:12:06,603501,豪威集团,半导体,-0.01,0,"板块均值 1.30%, 个股涨幅 -0.01%",,,否,,
2026-08-07 03:12:06,603435,嘉德利,塑料,1.57,0,上市不足60日,,,否,,
2026-08-07 03:12:06,603505,金石资源,化学制品,-2.0,0,"板块均值 -0.55%, 个股涨幅 -2.00%",,,否,,
2026-08-07 03:12:06,603459,红板科技,元件,10.0,0,均线未向上倾斜,,,否,,
2026-08-07 03:12:06,603486,科沃斯,小家电,-0.38,0,均线未向上倾斜,,,否,,
2026-08-07 03:12:06,603515,欧普照明,照明设备Ⅱ,-1.11,0,"板块均值 -0.43%, 个股涨幅 -1.11%",,,否,,
2026-08-07 03:12:06,603520,司太立,化学制药,0.68,0,"板块均值 1.36%, 个股涨幅 0.68%",,,否,,
2026-08-07 03:12:06,603527,众源新材,工业金属,0.51,0,"板块均值 1.02%, 个股涨幅 0.51%",,,否,,
2026-08-07 03:12:06,603529,爱玛科技,摩托车及其他,-1.76,0,"板块均值 -0.25%, 个股涨幅 -1.76%",,,否,,
2026-08-07 03:12:06,603507,振江股份,风电设备,0.29,0,均线未向上倾斜,,,否,,
2026-08-07 03:12:06,603519,立霸股份,家电零部件Ⅱ,4.87,0,均线未呈多头排列,,,否,,
2026-08-07 03:12:06,603578,三星新材,家电零部件Ⅱ,-0.59,0,"板块均值 0.16%, 个股涨幅 -0.59%",,,否,,
2026-08-07 03:12:06,603580,艾艾精工,塑料,-2.72,0,"板块均值 -0.38%, 个股涨幅 -2.72%",,,否,,
2026-08-07 03:12:06,603538,美诺华,化学制药,3.29,0,均线未呈多头排列,,,否,,
2026-08-07 03:12:06,603565,中谷物流,航运港口,-0.19,0,均线未向上倾斜,,,否,,
2026-08-07 03:12:06,603595,ST东尼,消费电子,4.57,0,ST股,,,否,,
2026-08-07 03:12:06,603566,普莱柯,动物保健Ⅱ,-0.3,0,均线未呈多头排列,,,否,,
2026-08-07 03:12:06,603583,捷昌驱动,自动化设备,0.33,0,"板块均值 0.68%, 个股涨幅 0.33%",,,否,,
2026-08-07 03:12:06,603568,伟明环保,环境治理,-0.07,0,均线未向上倾斜,,,否,,
2026-08-07 03:12:06,603599,广信股份,农化制品,-0.96,0,"板块均值 -0.74%, 个股涨幅 -0.96%",,,否,,
2026-08-07 03:12:06,603601,再升科技,玻璃玻纤,-0.62,0,"板块均值 0.85%, 个股涨幅 -0.62%",,,否,,
2026-08-07 03:12:06,603612,索通发展,非金属材料Ⅱ,0.3,0,"板块均值 1.38%, 个股涨幅 0.30%",,,否,,
2026-08-07 03:12:06,603585,苏利股份,农化制品,-0.69,0,均线未向上倾斜,,,否,,
2026-08-07 03:12:06,603588,高能环境,环境治理,1.0,0,均线未向上倾斜,,,否,,
2026-08-07 03:12:06,603590,康辰药业,生物制品,1.4,0,均线未呈多头排列,,,否,,
2026-08-07 03:12:06,603611,诺力股份,工程机械,-0.47,0,均线未向上倾斜,,,否,,
2026-08-07 03:12:06,603567,珍宝岛,中药Ⅱ,9.94,0,周线未呈多头排列,,,否,,
2026-08-07 03:12:06,603628,清源股份,光伏设备,-1.05,0,"板块均值 0.13%, 个股涨幅 -1.05%",,,否,,
2026-08-07 03:12:06,603633,徕木股份,消费电子,-0.96,0,"板块均值 -0.02%, 个股涨幅 -0.96%",,,否,,
2026-08-07 03:12:06,603617,君禾股份,通用设备,0.43,0,均线未向上倾斜,,,否,,
2026-08-07 03:12:06,603626,科森科技,消费电子,0.38,0,均线未呈多头排列,,,否,,
2026-08-07 03:12:06,603639,海利尔,农化制品,-0.94,0,"板块均值 -0.74%, 个股涨幅 -0.94%",,,否,,
2026-08-07 03:12:06,603656,泰禾智能,专用设备,-0.45,0,"板块均值 -0.36%, 个股涨幅 -0.45%",,,否,,
2026-08-07 03:12:06,603629,利通电子,消费电子,1.9,0,均线未呈多头排列,,,否,,
2026-08-07 03:12:06,603657,春光科技,家电零部件Ⅱ,-2.95,0,"板块均值 0.16%, 个股涨幅 -2.95%",,,否,,
2026-08-07 03:12:06,603638,艾迪精密,工程机械,-0.25,0,均线未呈多头排列,,,否,,
2026-08-07 03:12:06,603658,安图生物,医疗器械,-0.84,0,"板块均值 -0.21%, 个股涨幅 -0.84%",,,否,,
2026-08-07 03:12:06,603662,柯力传感,通用设备,-0.58,0,"板块均值 -0.15%, 个股涨幅 -0.58%",,,否,,
2026-08-07 03:12:06,603650,彤程新材,橡胶,0.95,0,均线未呈多头排列,,,否,,
2026-08-07 03:12:06,603667,五洲新春,通用设备,-0.24,0,"板块均值 -0.15%, 个股涨幅 -0.24%",,,否,,
2026-08-07 03:12:06,603669,灵康药业,化学制药,0.17,0,"板块均值 1.36%, 个股涨幅 0.17%",,,否,,
2026-08-07 03:12:06,603676,卫信康,化学制药,-0.23,0,"板块均值 1.36%, 个股涨幅 -0.23%",,,否,,
2026-08-07 03:12:06,603659,璞泰来,电池,0.29,0,均线未向上倾斜,,,否,,
2026-08-07 03:12:06,603677,奇精机械,家电零部件Ⅱ,-0.98,0,"板块均值 0.16%, 个股涨幅 -0.98%",,,否,,
2026-08-07 03:12:06,603663,三祥新材,化学原料,0.36,0,均线未呈多头排列,,,否,,
2026-08-07 03:12:06,603666,亿嘉和,自动化设备,1.01,0,均线未呈多头排列,,,否,,
2026-08-07 03:12:06,603679,华体科技,光学光电子,-1.1,0,"板块均值 0.20%, 个股涨幅 -1.10%",,,否,,
2026-08-07 03:12:06,603681,永冠新材,化学制品,-1.92,0,"板块均值 -0.55%, 个股涨幅 -1.92%",,,否,,
2026-08-07 03:12:06,603683,晶华新材,化学制品,-1.21,0,"板块均值 -0.55%, 个股涨幅 -1.21%",,,否,,
2026-08-07 03:12:06,603685,晨丰科技,光学光电子,0.04,0,"板块均值 0.20%, 个股涨幅 0.04%",,,否,,
2026-08-07 03:12:06,603686,福龙马,环境治理,-1.12,0,"板块均值 -0.50%, 个股涨幅 -1.12%",,,否,,
2026-08-07 03:12:06,603678,火炬电子,军工电子Ⅱ,0.66,0,均线未呈多头排列,,,否,,
2026-08-07 03:12:06,603688,石英股份,非金属材料Ⅱ,1.32,0,"板块均值 1.38%, 个股涨幅 1.32%",,,否,,
2026-08-07 03:12:06,603690,至纯科技,半导体,0.0,0,"板块均值 1.30%, 个股涨幅 0.00%",,,否,,
2026-08-07 03:12:06,603700,宁水集团,通用设备,-0.89,0,"板块均值 -0.15%, 个股涨幅 -0.89%",,,否,,
2026-08-07 03:12:06,603703,盛洋科技,光学光电子,-0.65,0,"板块均值 0.20%, 个股涨幅 -0.65%",,,否,,
2026-08-07 03:12:06,603718,*ST海利,医疗器械,-0.69,0,ST股,,,否,,
2026-08-07 03:12:06,603707,健友股份,化学制药,0.38,0,"板块均值 1.36%, 个股涨幅 0.38%",,,否,,
2026-08-07 03:12:06,603689,皖天然气,燃气Ⅱ,-0.54,0,均线未向上倾斜,,,否,,
2026-08-07 03:12:06,603712,七一二,军工电子Ⅱ,-1.74,0,"板块均值 -0.31%, 个股涨幅 -1.74%",,,否,,
2026-08-07 03:12:06,603698,航天工程,专用设备,0.0,0,均线未呈多头排列,,,否,,
2026-08-07 03:12:06,603699,纽威股份,通用设备,2.34,0,均线未向上倾斜,,,否,,
2026-08-07 03:12:06,603722,阿科力,化学制品,-1.95,0,"板块均值 -0.55%, 个股涨幅 -1.95%",,,否,,
2026-08-07 03:12:06,603706,东方环宇,燃气Ⅱ,-0.26,0,均线未呈多头排列,,,否,,
2026-08-07 03:12:06,603738,泰晶科技,元件,-1.32,0,"板块均值 4.24%, 个股涨幅 -1.32%",,,否,,
2026-08-07 03:12:06,603759,海天股份,环境治理,-1.79,0,"板块均值 -0.50%, 个股涨幅 -1.79%",,,否,,
2026-08-07 03:12:06,603766,隆鑫通用,摩托车及其他,-0.64,0,"板块均值 -0.25%, 个股涨幅 -0.64%",,,否,,
2026-08-07 03:12:06,603726,朗迪集团,家电零部件Ⅱ,1.14,0,均线未呈多头排列,,,否,,
2026-08-07 03:12:06,603789,ST星农,专用设备,-3.28,0,ST股,,,否,,
2026-08-07 03:12:06,603739,蔚蓝生物,化学制品,-0.26,0,均线未呈多头排列,,,否,,
2026-08-07 03:12:06,603757,大元泵业,通用设备,10.0,0,均线未呈多头排列,,,否,,
2026-08-07 03:12:06,603778,国晟科技,光伏设备,-0.65,0,"板块均值 0.13%, 个股涨幅 -0.65%",,,否,,
2026-08-07 03:12:06,603787,新日股份,摩托车及其他,-1.39,0,"板块均值 -0.25%, 个股涨幅 -1.39%",,,否,,
2026-08-07 03:12:06,603773,沃格光电,光学光电子,9.63,0,均线未呈多头排列,,,否,,
2026-08-07 03:12:06,603776,永安行,摩托车及其他,0.19,0,均线未向上倾斜,,,否,,
2026-08-07 03:12:06,603716,塞力医疗,医药商业,3.08,0,周线未呈多头排列,,,否,,
2026-08-07 03:12:06,603803,瑞斯康达,通信设备,-1.51,0,"板块均值 0.31%, 个股涨幅 -1.51%",,,否,,
2026-08-07 03:12:06,603790,雅运股份,化学制品,-0.09,0,均线未呈多头排列,,,否,,
2026-08-07 03:12:06,603797,联泰环保,环境治理,3.42,0,均线未向上倾斜,,,否,,
2026-08-07 03:12:06,603822,ST嘉澳,化学制品,-0.48,0,ST股,,,否,,
2026-08-07 03:12:06,603798,康普顿,炼化及贸易,0.07,0,均线未向上倾斜,,,否,,
2026-08-07 03:12:06,603799,华友钴业,能源金属,3.41,0,均线未向上倾斜,,,否,,
2026-08-07 03:12:06,603810,丰山集团,农化制品,-0.77,0,"板块均值 -0.74%, 个股涨幅 -0.77%",,,否,,
2026-08-07 03:12:06,603800,洪田股份,专用设备,-0.13,0,均线未呈多头排列,,,否,,
2026-08-07 03:12:06,603811,诚意药业,化学制药,0.69,0,"板块均值 1.36%, 个股涨幅 0.69%",,,否,,
2026-08-07 03:12:06,603817,海峡环保,环境治理,-1.06,0,"板块均值 -0.50%, 个股涨幅 -1.06%",,,否,,
2026-08-07 03:12:06,603806,福斯特,光伏设备,2.53,0,均线未向上倾斜,,,否,,
2026-08-07 03:12:06,603823,百合花,化学制品,-1.95,0,"板块均值 -0.55%, 个股涨幅 -1.95%",,,否,,
2026-08-07 03:12:06,603855,华荣股份,专用设备,-0.72,0,"板块均值 -0.36%, 个股涨幅 -0.72%",,,否,,
2026-08-07 03:12:06,603858,步长制药,中药Ⅱ,0.52,0,"板块均值 0.53%, 个股涨幅 0.52%",,,否,,
2026-08-07 03:12:06,603867,新化股份,化学制品,-0.59,0,"板块均值 -0.55%, 个股涨幅 -0.59%",,,否,,
2026-08-07 03:12:06,603878,武进不锈,普钢,-1.8,0,"板块均值 -1.26%, 个股涨幅 -1.80%",,,否,,
2026-08-07 03:12:06,603826,坤彩科技,非金属材料Ⅱ,1.51,0,均线未向上倾斜,,,否,,
2026-08-07 03:12:06,603882,金域医学,医疗服务,-0.54,0,"板块均值 2.21%, 个股涨幅 -0.54%",,,否,,
2026-08-07 03:12:06,603883,老百姓,医药商业,-0.89,0,"板块均值 0.89%, 个股涨幅 -0.89%",,,否,,
2026-08-07 03:12:06,603868,飞科电器,小家电,-0.71,0,均线未向上倾斜,,,否,,
2026-08-07 03:12:06,603876,鼎胜新材,工业金属,2.52,0,均线未呈多头排列,,,否,,
2026-08-07 03:12:06,603893,瑞芯微,半导体,-1.27,0,"板块均值 1.30%, 个股涨幅 -1.27%",,,否,,
2026-08-07 03:12:06,603880,南卫股份,医疗器械,0.69,0,均线未向上倾斜,,,否,,
2026-08-07 03:12:06,603895,天永智能,专用设备,-0.45,0,"板块均值 -0.36%, 个股涨幅 -0.45%",,,否,,
2026-08-07 03:12:06,603896,寿仙谷,中药Ⅱ,-0.55,0,"板块均值 0.53%, 个股涨幅 -0.55%",,,否,,
2026-08-07 03:12:06,603901,永创智能,专用设备,-0.62,0,"板块均值 -0.36%, 个股涨幅 -0.62%",,,否,,
2026-08-07 03:12:06,603890,春秋电子,消费电子,0.59,0,均线未呈多头排列,,,否,,
2026-08-07 03:12:06,603906,龙蟠科技,电池,-1.12,0,"板块均值 0.12%, 个股涨幅 -1.12%",,,否,,
2026-08-07 03:12:06,603912,佳力图,通用设备,-0.9,0,"板块均值 -0.15%, 个股涨幅 -0.90%",,,否,,
2026-08-07 03:12:06,603916,苏博特,化学制品,-2.4,0,"板块均值 -0.55%, 个股涨幅 -2.40%",,,否,,
2026-08-07 03:12:06,603920,世运电路,元件,2.1,0,"板块均值 4.24%, 个股涨幅 2.10%",,,否,,
2026-08-07 03:12:06,603903,中持股份,环境治理,0.4,0,均线未呈多头排列,,,否,,
2026-08-07 03:12:06,603928,兴业股份,塑料,-0.96,0,"板块均值 -0.38%, 个股涨幅 -0.96%",,,否,,
2026-08-07 03:12:06,603879,永悦科技,塑料,0.99,0,周线未呈多头排列,,,否,,
2026-08-07 03:12:06,603931,格林达,电子化学品Ⅱ,-0.63,0,"板块均值 1.11%, 个股涨幅 -0.63%",,,否,,
2026-08-07 03:12:06,603915,国茂股份,通用设备,0.22,0,均线未向上倾斜,,,否,,
2026-08-07 03:12:06,603937,丽岛新材,工业金属,-1.17,0,"板块均值 1.02%, 个股涨幅 -1.17%",,,否,,
2026-08-07 03:12:06,603939,益丰药房,医药商业,-1.82,0,"板块均值 0.89%, 个股涨幅 -1.82%",,,否,,
2026-08-07 03:12:06,603948,建业股份,化学制品,-0.88,0,"板块均值 -0.55%, 个股涨幅 -0.88%",,,否,,
2026-08-07 03:12:06,603956,威派格,专用设备,-3.0,0,"板块均值 -0.36%, 个股涨幅 -3.00%",,,否,,
2026-08-07 03:12:06,603933,睿能科技,其他电子Ⅱ,1.15,0,均线未呈多头排列,,,否,,
2026-08-07 03:12:06,603936,博敏电子,元件,5.66,0,均线未呈多头排列,,,否,,
2026-08-07 03:12:06,603968,醋化股份,化学制品,-1.09,0,"板块均值 -0.55%, 个股涨幅 -1.09%",,,否,,
2026-08-07 03:12:06,603938,三孚股份,化学原料,2.03,0,均线未呈多头排列,,,否,,
2026-08-07 03:12:06,603969,银龙股份,通用设备,-0.53,0,"板块均值 -0.15%, 个股涨幅 -0.53%",,,否,,
2026-08-07 03:12:06,603970,中农立华,农化制品,-0.97,0,"板块均值 -0.74%, 个股涨幅 -0.97%",,,否,,
2026-08-07 03:12:06,603976,正川股份,医疗器械,-2.69,0,"板块均值 -0.21%, 个股涨幅 -2.69%",,,否,,
2026-08-07 03:12:06,603977,国泰集团,化学制品,-0.91,0,"板块均值 -0.55%, 个股涨幅 -0.91%",,,否,,
2026-08-07 03:12:06,603966,法兰泰克,专用设备,-0.13,0,均线未向上倾斜,,,否,,
2026-08-07 03:12:06,603978,深圳新星,金属新材料,-0.71,0,"板块均值 2.20%, 个股涨幅 -0.71%",,,否,,
2026-08-07 03:12:06,603979,金诚信,工业金属,-0.01,0,"板块均值 1.02%, 个股涨幅 -0.01%",,,否,,
2026-08-07 03:12:06,603980,吉华集团,化学制品,-0.59,0,"板块均值 -0.55%, 个股涨幅 -0.59%",,,否,,
2026-08-07 03:12:06,603987,康德莱,医疗器械,-0.27,0,"板块均值 -0.21%, 个股涨幅 -0.27%",,,否,,
2026-08-07 03:12:06,603989,艾华集团,元件,0.36,0,"板块均值 4.24%, 个股涨幅 0.36%",,,否,,
2026-08-07 03:12:06,603991,领先股份,半导体,0.71,0,"板块均值 1.30%, 个股涨幅 0.71%",,,否,,
2026-08-07 03:12:06,603985,恒润股份,风电设备,0.18,0,均线未呈多头排列,,,否,,
2026-08-07 03:12:06,603986,兆易创新,半导体,6.7,0,均线未呈多头排列,,,否,,
2026-08-07 03:12:06,605020,永和股份,化学制品,-0.91,0,"板块均值 -0.55%, 个股涨幅 -0.91%",,,否,,
2026-08-07 03:12:06,603998,方盛制药,中药Ⅱ,1.38,0,均线未呈多头排列,,,否,,
2026-08-07 03:12:06,605006,山东玻纤,玻璃玻纤,2.7,0,均线未呈多头排列,,,否,,
2026-08-07 03:12:06,605033,美邦股份,农化制品,-1.93,0,"板块均值 -0.74%, 个股涨幅 -1.93%",,,否,,
2026-08-07 03:12:06,605008,长鸿高科,塑料,0.26,0,均线未呈多头排列,,,否,,
2026-08-07 03:12:06,605016,百龙创园,化学制品,0.18,0,均线未呈多头排列,,,否,,
2026-08-07 03:12:06,605058,澳弘电子,元件,1.97,0,"板块均值 4.24%, 个股涨幅 1.97%",,,否,,
2026-08-07 03:12:06,605069,正和生态,环境治理,-1.66,0,"板块均值 -0.50%, 个股涨幅 -1.66%",,,否,,
2026-08-07 03:12:06,605056,咸亨国际,通用设备,0.27,0,均线未向上倾斜,,,否,,
2026-08-07 03:12:06,605086,龙高股份,非金属材料Ⅱ,-0.97,0,"板块均值 1.38%, 个股涨幅 -0.97%",,,否,,
2026-08-07 03:12:06,603993,洛阳钼业,工业金属,1.42,0,近20日无涨停,,,否,,
2026-08-07 03:12:06,605060,联德股份,通用设备,1.82,0,均线未呈多头排列,,,否,,
2026-08-07 03:12:06,605111,新洁能,半导体,0.4,0,"板块均值 1.30%, 个股涨幅 0.40%",,,否,,
2026-08-07 03:12:06,605077,华康股份,化学制品,0.0,0,均线未向上倾斜,,,否,,
2026-08-07 03:12:06,605116,奥锐特,化学制药,0.66,0,"板块均值 1.36%, 个股涨幅 0.66%",,,否,,
2026-08-07 03:12:06,605090,九丰能源,燃气Ⅱ,-0.03,0,均线未呈多头排列,,,否,,
2026-08-07 03:12:06,605100,华丰股份,通用设备,0.24,0,均线未向上倾斜,,,否,,
2026-08-07 03:12:06,605199,ST葫芦娃,中药Ⅱ,1.33,0,ST股,,,否,,
2026-08-07 03:12:06,605158,华达新材,金属新材料,-0.59,0,"板块均值 2.20%, 个股涨幅 -0.59%",,,否,,
2026-08-07 03:12:06,605166,聚合顺,化学纤维,-0.46,0,"板块均值 -0.32%, 个股涨幅 -0.46%",,,否,,
2026-08-07 03:12:06,605169,洪通燃气,燃气Ⅱ,-0.89,0,"板块均值 -0.59%, 个股涨幅 -0.89%",,,否,,
2026-08-07 03:12:06,605177,东亚药业,化学制药,-1.2,0,"板块均值 1.36%, 个股涨幅 -1.20%",,,否,,
2026-08-07 03:12:06,605183,确成股份,橡胶,-1.03,0,"板块均值 -0.61%, 个股涨幅 -1.03%",,,否,,
2026-08-07 03:12:06,605117,德业股份,光伏设备,0.31,0,均线未呈多头排列,,,否,,
2026-08-07 03:12:06,605208,永茂泰,工业金属,-1.04,0,"板块均值 1.02%, 个股涨幅 -1.04%",,,否,,
2026-08-07 03:12:06,605218,伟时电子,光学光电子,-1.46,0,"板块均值 0.20%, 个股涨幅 -1.46%",,,否,,
2026-08-07 03:12:06,605258,协和电子,元件,1.08,0,"板块均值 4.24%, 个股涨幅 1.08%",,,否,,
2026-08-07 03:12:06,605259,绿田机械,专用设备,-0.71,0,"板块均值 -0.36%, 个股涨幅 -0.71%",,,否,,
2026-08-07 03:12:06,605266,健之佳,医药商业,-0.37,0,"板块均值 0.89%, 个股涨幅 -0.37%",,,否,,
2026-08-07 03:12:06,605277,新亚电子,消费电子,-0.59,0,"板块均值 -0.02%, 个股涨幅 -0.59%",,,否,,
2026-08-07 03:12:06,605286,同力天启,专用设备,-1.61,0,"板块均值 -0.36%, 个股涨幅 -1.61%",,,否,,
2026-08-07 03:12:06,605186,健麾信息,自动化设备,0.7,0,均线未呈多头排列,,,否,,
2026-08-07 03:12:06,605288,凯迪股份,自动化设备,-4.68,0,"板块均值 0.68%, 个股涨幅 -4.68%",,,否,,
2026-08-07 03:12:06,605358,立昂微,半导体,0.99,0,"板块均值 1.30%, 个股涨幅 0.99%",,,否,,
2026-08-07 03:12:06,605365,立达信,照明设备Ⅱ,-1.6,0,"板块均值 -0.43%, 个股涨幅 -1.60%",,,否,,
2026-08-07 03:12:06,605368,蓝天燃气,燃气Ⅱ,-1.19,0,"板块均值 -0.59%, 个股涨幅 -1.19%",,,否,,
2026-08-07 03:12:06,605369,拱东医疗,医疗器械,-0.29,0,"板块均值 -0.21%, 个股涨幅 -0.29%",,,否,,
2026-08-07 03:12:06,605376,博迁新材,能源金属,-1.62,0,"板块均值 1.59%, 个股涨幅 -1.62%",,,否,,
2026-08-07 03:12:06,605378,野马电池,电池,-0.93,0,"板块均值 0.12%, 个股涨幅 -0.93%",,,否,,
2026-08-07 03:12:06,605305,中际联合,工程机械,0.2,0,均线未向上倾斜,,,否,,
2026-08-07 03:12:06,605399,晨光新材,化学制品,-1.75,0,"板块均值 -0.55%, 个股涨幅 -1.75%",,,否,,
2026-08-07 03:12:06,605366,宏柏新材,化学制品,-0.47,0,均线未呈多头排列,,,否,,
2026-08-07 03:12:06,605488,福莱新材,塑料,-1.21,0,"板块均值 -0.38%, 个股涨幅 -1.21%",,,否,,
2026-08-07 03:12:06,605507,国邦医药,化学制药,0.91,0,"板块均值 1.36%, 个股涨幅 0.91%",,,否,,
2026-08-07 03:12:06,605555,德昌股份,小家电,-1.08,0,"板块均值 -0.96%, 个股涨幅 -1.08%",,,否,,
2026-08-07 03:12:06,605566,福莱蒽特,化学制品,-1.36,0,"板块均值 -0.55%, 个股涨幅 -1.36%",,,否,,
2026-08-07 03:12:06,605588,冠石科技,光学光电子,-0.11,0,"板块均值 0.20%, 个股涨幅 -0.11%",,,否,,
2026-08-07 03:12:06,605389,长龄液压,工程机械,0.42,0,均线未呈多头排列,,,否,,
2026-08-07 03:12:06,000012,南 玻Ａ,玻璃玻纤,-1.03,0,"板块均值 0.85%, 个股涨幅 -1.03%",,,否,,
2026-08-07 03:12:06,000020,深华发Ａ,光学光电子,-1.72,0,"板块均值 0.20%, 个股涨幅 -1.72%",,,否,,
2026-08-07 03:12:06,000028,国药一致,医药商业,-0.49,0,"板块均值 0.89%, 个股涨幅 -0.49%",,,否,,
2026-08-07 03:12:06,000035,中国天楹,环境治理,-1.41,0,"板块均值 -0.50%, 个股涨幅 -1.41%",,,否,,
2026-08-07 03:12:06,605589,圣泉集团,塑料,2.78,0,均线未呈多头排列,,,否,,
2026-08-07 03:12:06,000045,深纺织Ａ,光学光电子,-1.78,0,"板块均值 0.20%, 个股涨幅 -1.78%",,,否,,
2026-08-07 03:12:06,000021,深科技,消费电子,1.48,0,均线未呈多头排列,,,否,,
2026-08-07 03:12:06,000049,德赛电池,电池,-0.77,0,"板块均值 0.12%, 个股涨幅 -0.77%",,,否,,
2026-08-07 03:12:06,000050,深天马Ａ,光学光电子,-0.89,0,"板块均值 0.20%, 个股涨幅 -0.89%",,,否,,
2026-08-07 03:12:06,000039,中集集团,通用设备,0.59,0,均线未向上倾斜,,,否,,
2026-08-07 03:12:06,000062,深圳华强,其他电子Ⅱ,0.39,0,"板块均值 0.45%, 个股涨幅 0.39%",,,否,,
2026-08-07 03:12:06,000078,ST海王,医药商业,5.42,0,ST股,,,否,,
2026-08-07 03:12:06,000068,华控赛格,环境治理,-1.72,0,"板块均值 -0.50%, 个股涨幅 -1.72%",,,否,,
2026-08-07 03:12:06,000059,华锦股份,炼化及贸易,-0.44,0,均线未呈多头排列,,,否,,
2026-08-07 03:12:06,000009,中国宝安,电池,5.6,0,周线未呈多头排列,,,否,,
2026-08-07 03:12:06,000060,中金岭南,工业金属,1.82,0,均线未向上倾斜,,,否,,
2026-08-07 03:12:06,000025,特 力Ａ,综合Ⅱ,-1.12,0,周线未呈多头排列,,,否,,
2026-08-07 03:12:06,000063,中兴通讯,通信设备,0.6,0,均线未呈多头排列,,,否,,
2026-08-07 03:12:06,000096,广聚能源,炼化及贸易,-1.42,0,"板块均值 -0.44%, 个股涨幅 -1.42%",,,否,,
2026-08-07 03:12:06,000100,TCL科技,光学光电子,0.0,0,"板块均值 0.20%, 个股涨幅 0.00%",,,否,,
2026-08-07 03:12:06,000153,丰原药业,化学制药,-0.18,0,"板块均值 1.36%, 个股涨幅 -0.18%",,,否,,
2026-08-07 03:12:06,000070,特发信息,通信设备,0.35,0,均线未呈多头排列,,,否,,
2026-08-07 03:12:06,000159,国际实业,光伏设备,-2.6,0,"板块均值 0.13%, 个股涨幅 -2.60%",,,否,,
2026-08-07 03:12:06,000403,派林生物,生物制品,0.0,0,"板块均值 1.25%, 个股涨幅 0.00%",,,否,,
2026-08-07 03:12:06,000404,长虹华意,家电零部件Ⅱ,-0.91,0,"板块均值 0.16%, 个股涨幅 -0.91%",,,否,,
2026-08-07 03:12:06,000407,胜利股份,燃气Ⅱ,-0.74,0,"板块均值 -0.59%, 个股涨幅 -0.74%",,,否,,
2026-08-07 03:12:06,000157,中联重科,工程机械,-0.28,0,均线未呈多头排列,,,否,,
2026-08-07 03:12:06,000410,沈阳机床,通用设备,-0.61,0,"板块均值 -0.15%, 个股涨幅 -0.61%",,,否,,
2026-08-07 03:12:06,000301,东方盛虹,炼化及贸易,1.16,0,均线未向上倾斜,,,否,,
2026-08-07 03:12:06,000411,英特集团,医药商业,-0.42,0,"板块均值 0.89%, 个股涨幅 -0.42%",,,否,,
2026-08-07 03:12:06,000420,吉林化纤,化学纤维,-1.06,0,"板块均值 -0.32%, 个股涨幅 -1.06%",,,否,,
2026-08-07 03:12:06,000088,盐 田 港,航运港口,-0.67,0,周线未呈多头排列,,,否,,
2026-08-07 03:12:06,000423,东阿阿胶,中药Ⅱ,-0.98,0,"板块均值 0.53%, 个股涨幅 -0.98%",,,否,,
2026-08-07 03:12:06,000425,徐工机械,工程机械,-1.07,0,"板块均值 -0.48%, 个股涨幅 -1.07%",,,否,,
2026-08-07 03:12:06,000504,南华生物,医疗服务,0.49,0,"板块均值 2.21%, 个股涨幅 0.49%",,,否,,
2026-08-07 03:12:06,000422,湖北宜化,农化制品,-0.23,0,均线未向上倾斜,,,否,,
2026-08-07 03:12:06,000509,华塑控股,光学光电子,-1.85,0,"板块均值 0.20%, 个股涨幅 -1.85%",,,否,,
2026-08-07 03:12:06,000426,兴业银锡,工业金属,2.21,0,均线未向上倾斜,,,否,,
2026-08-07 03:12:06,000513,丽珠集团,化学制药,0.53,0,"板块均值 1.36%, 个股涨幅 0.53%",,,否,,
2026-08-07 03:12:06,000408,藏格矿业,农化制品,2.77,0,周线未呈多头排列,,,否,,
2026-08-07 03:12:06,000516,国际医学,医疗服务,-0.48,0,"板块均值 2.21%, 个股涨幅 -0.48%",,,否,,
2026-08-07 03:12:06,000518,四环生物,生物制品,0.51,0,"板块均值 1.25%, 个股涨幅 0.51%",,,否,,
2026-08-07 03:12:06,000510,新金路,化学原料,3.41,0,均线未呈多头排列,,,否,,
2026-08-07 03:12:06,000421,南京公用,综合Ⅱ,-1.11,0,周线未呈多头排列,,,否,,
2026-08-07 03:12:06,000525,红太阳,农化制品,-2.19,0,"板块均值 -0.74%, 个股涨幅 -2.19%",,,否,,
2026-08-07 03:12:06,000530,冰山冷热,通用设备,-1.39,0,"板块均值 -0.15%, 个股涨幅 -1.39%",,,否,,
2026-08-07 03:12:06,000534,万泽股份,生物制品,0.46,0,"板块均值 1.25%, 个股涨幅 0.46%",,,否,,
2026-08-07 03:12:06,000520,凤凰航运,航运港口,0.0,0,均线未向上倾斜,,,否,,
2026-08-07 03:12:06,000536,华映科技,光学光电子,-1.21,0,"板块均值 0.20%, 个股涨幅 -1.21%",,,否,,
2026-08-07 03:12:06,000538,云南白药,中药Ⅱ,-0.49,0,"板块均值 0.53%, 个股涨幅 -0.49%",,,否,,
2026-08-07 03:12:06,000528,柳 工,工程机械,-0.24,0,均线未呈多头排列,,,否,,
2026-08-07 03:12:06,000506,招金黄金,贵金属,4.13,0,周线未呈多头排列,,,否,,
2026-08-07 03:12:06,000541,佛山照明,照明设备Ⅱ,-0.81,0,"板块均值 -0.43%, 个股涨幅 -0.81%",,,否,,
2026-08-07 03:12:06,000544,中原环保,环境治理,-0.68,0,"板块均值 -0.50%, 个股涨幅 -0.68%",,,否,,
2026-08-07 03:12:06,000545,金浦钛业,化学原料,-1.18,0,"板块均值 -0.41%, 个股涨幅 -1.18%",,,否,,
2026-08-07 03:12:06,000523,红棉股份,综合Ⅱ,-0.35,0,周线未呈多头排列,,,否,,
2026-08-07 03:12:06,000551,创元科技,环保设备Ⅱ,-0.81,0,"板块均值 -0.42%, 个股涨幅 -0.81%",,,否,,
2026-08-07 03:12:06,000553,安道麦A,农化制品,-1.27,0,"板块均值 -0.74%, 个股涨幅 -1.27%",,,否,,
2026-08-07 03:12:06,000554,泰山石油,炼化及贸易,-0.47,0,"板块均值 -0.44%, 个股涨幅 -0.47%",,,否,,
2026-08-07 03:12:06,000565,渝三峡Ａ,化学制品,-1.7,0,"板块均值 -0.55%, 个股涨幅 -1.70%",,,否,,
2026-08-07 03:12:06,000582,北部湾港,航运港口,-0.96,0,"板块均值 -0.68%, 个股涨幅 -0.96%",,,否,,
2026-08-07 03:12:06,000546,金圆股份,环境治理,-0.21,0,均线未向上倾斜,,,否,,
2026-08-07 03:12:06,000547,航天发展,军工电子Ⅱ,0.26,0,均线未向上倾斜,,,否,,
2026-08-07 03:12:06,000586,汇源通信,通信设备,-1.01,0,"板块均值 0.31%, 个股涨幅 -1.01%",,,否,,
2026-08-07 03:12:06,000590,古汉医药,中药Ⅱ,-0.46,0,"板块均值 0.53%, 个股涨幅 -0.46%",,,否,,
2026-08-07 03:12:06,000597,东北制药,化学制药,1.31,0,"板块均值 1.36%, 个股涨幅 1.31%",,,否,,
2026-08-07 03:12:06,000603,盛达资源,工业金属,0.16,0,"板块均值 1.02%, 个股涨幅 0.16%",,,否,,
2026-08-07 03:12:06,000605,渤海股份,环境治理,-1.03,0,"板块均值 -0.50%, 个股涨幅 -1.03%",,,否,,
2026-08-07 03:12:06,000632,ST三木,综合Ⅱ,-2.33,0,ST股,,,否,,
2026-08-07 03:12:06,000612,焦作万方,工业金属,0.88,0,"板块均值 1.02%, 个股涨幅 0.88%",,,否,,
2026-08-07 03:12:06,000623,吉林敖东,中药Ⅱ,-0.28,0,"板块均值 0.53%, 个股涨幅 -0.28%",,,否,,
2026-08-07 03:12:06,000593,德龙汇能,燃气Ⅱ,2.64,0,均线未呈多头排列,,,否,,
2026-08-07 03:12:06,000566,海南海药,化学制药,1.54,0,周线未呈多头排列,,,否,,
2026-08-07 03:12:06,000598,兴蓉环境,环境治理,-0.14,0,均线未呈多头排列,,,否,,
2026-08-07 03:12:06,000633,合金投资,金属新材料,-1.54,0,"板块均值 2.20%, 个股涨幅 -1.54%",,,否,,
2026-08-07 03:12:06,000635,英 力 特,化学原料,-1.08,0,"板块均值 -0.41%, 个股涨幅 -1.08%",,,否,,
2026-08-07 03:12:06,000636,风华高科,元件,-1.56,0,"板块均值 4.24%, 个股涨幅 -1.56%",,,否,,
2026-08-07 03:12:06,000637,茂化实华,炼化及贸易,-2.6,0,"板块均值 -0.44%, 个股涨幅 -2.60%",,,否,,
2026-08-07 03:12:06,000669,ST金鸿,燃气Ⅱ,-0.85,0,ST股,,,否,,
2026-08-07 03:12:06,000629,钒钛股份,冶钢原料,0.32,0,均线未向上倾斜,,,否,,
2026-08-07 03:12:06,000677,ST海龙,化学纤维,0.0,0,ST股,,,否,,
2026-08-07 03:12:06,000650,仁和药业,中药Ⅱ,0.19,0,"板块均值 0.53%, 个股涨幅 0.19%",,,否,,
2026-08-07 03:12:06,000652,泰达股份,综合Ⅱ,-1.71,0,"板块均值 -1.14%, 个股涨幅 -1.71%",,,否,,
2026-08-07 03:12:06,000630,铜陵有色,工业金属,1.98,0,均线未向上倾斜,,,否,,
2026-08-07 03:12:06,000670,盈方微,其他电子Ⅱ,-1.3,0,"板块均值 0.45%, 个股涨幅 -1.30%",,,否,,
2026-08-07 03:12:06,000683,博源化工,化学原料,-1.47,0,"板块均值 -0.41%, 个股涨幅 -1.47%",,,否,,
2026-08-07 03:12:06,000688,国城矿业,小金属,-0.84,0,"板块均值 1.75%, 个股涨幅 -0.84%",,,否,,
2026-08-07 03:12:06,000698,ST沈化,炼化及贸易,-0.59,0,ST股,,,否,,
2026-08-07 03:12:06,000657,中钨高新,小金属,3.41,0,均线未呈多头排列,,,否,,
2026-08-07 03:12:06,000661,长春高新,生物制品,2.4,0,均线未呈多头排列,,,否,,
2026-08-07 03:12:06,000695,滨海能源,电池,-1.41,0,"板块均值 0.12%, 个股涨幅 -1.41%",,,否,,
2026-08-07 03:12:06,000705,浙江震元,医药商业,0.0,0,"板块均值 0.89%, 个股涨幅 0.00%",,,否,,
2026-08-07 03:12:06,000707,双环科技,化学原料,-1.55,0,"板块均值 -0.41%, 个股涨幅 -1.55%",,,否,,
2026-08-07 03:12:06,000711,ST京蓝,环境治理,8.25,0,ST股,,,否,,
2026-08-07 03:12:06,000691,亚太实业,化学原料,-0.1,0,均线未呈多头排列,,,否,,
2026-08-07 03:12:06,000655,金岭矿业,冶钢原料,0.0,0,周线未呈多头排列,,,否,,
2026-08-07 03:12:06,000710,贝瑞基因,医疗服务,-2.02,0,"板块均值 2.21%, 个股涨幅 -2.02%",,,否,,
2026-08-07 03:12:06,000717,中南股份,普钢,-1.32,0,"板块均值 -1.26%, 个股涨幅 -1.32%",,,否,,
2026-08-07 03:12:06,000725,京东方Ａ,光学光电子,0.17,0,"板块均值 0.20%, 个股涨幅 0.17%",,,否,,
2026-08-07 03:12:06,000680,山推股份,工程机械,0.27,0,周线未呈多头排列,,,否,,
2026-08-07 03:12:06,000685,中山公用,环境治理,-0.27,0,周线未呈多头排列,,,否,,
2026-08-07 03:12:06,000727,冠捷科技,光学光电子,-1.77,0,"板块均值 0.20%, 个股涨幅 -1.77%",,,否,,
2026-08-07 03:12:06,000731,四川美丰,农化制品,-1.38,0,"板块均值 -0.74%, 个股涨幅 -1.38%",,,否,,
2026-08-07 03:12:06,000733,振华科技,军工电子Ⅱ,-0.98,0,"板块均值 -0.31%, 个股涨幅 -0.98%",,,否,,
2026-08-07 03:12:06,000751,锌业股份,工业金属,-0.39,0,"板块均值 1.02%, 个股涨幅 -0.39%",,,否,,
2026-08-07 03:12:06,000753,漳州发展,综合Ⅱ,-1.67,0,"板块均值 -1.14%, 个股涨幅 -1.67%",,,否,,
2026-08-07 03:12:06,000756,新华制药,化学制药,-1.33,0,"板块均值 1.36%, 个股涨幅 -1.33%",,,否,,
2026-08-07 03:12:06,000737,北方铜业,工业金属,2.05,0,均线未向上倾斜,,,否,,
2026-08-07 03:12:06,000709,河钢股份,普钢,-0.94,0,周线未呈多头排列,,,否,,
2026-08-07 03:12:06,000761,本钢板材,普钢,-2.56,0,"板块均值 -1.26%, 个股涨幅 -2.56%",,,否,,
2026-08-07 03:12:06,000703,恒逸石化,炼化及贸易,2.21,0,通过,2026-07-14,83.1,是,否,早盘量比 0.00 (阈值 0.35); 股价 17.60 < 均价 1747.70; 放量回踩: 回踩均量 7949 >= 上涨均量 7314 * 0.8; 9:45-10:00最低价 17.41 < 9:45均价的0.98 1708.74
2026-08-07 03:12:06,000762,西藏矿业,能源金属,-0.04,0,"板块均值 1.59%, 个股涨幅 -0.04%",,,否,,
2026-08-07 03:12:06,000766,通化金马,化学制药,-0.12,0,"板块均值 1.36%, 个股涨幅 -0.12%",,,否,,
2026-08-07 03:12:06,000758,中色股份,工业金属,1.31,0,均线未向上倾斜,,,否,,
2026-08-07 03:12:06,000777,中核科技,通用设备,-1.67,0,"板块均值 -0.15%, 个股涨幅 -1.67%",,,否,,
2026-08-07 03:12:06,000788,北大医药,化学制药,0.76,0,"板块均值 1.36%, 个股涨幅 0.76%",,,否,,
2026-08-07 03:12:06,000803,山高环能,环境治理,-1.53,0,"板块均值 -0.50%, 个股涨幅 -1.53%",,,否,,
2026-08-07 03:12:06,000778,新兴铸管,普钢,-0.79,0,均线未向上倾斜,,,否,,
2026-08-07 03:12:06,000782,恒申新材,化学纤维,0.66,0,均线未向上倾斜,,,否,,
2026-08-07 03:12:06,000792,盐湖股份,农化制品,0.56,0,均线未向上倾斜,,,否,,
2026-08-07 03:12:06,000795,英洛华,金属新材料,2.2,0,均线未向上倾斜,,,否,,
2026-08-07 03:12:06,000809,和展能源,风电设备,-0.9,0,"板块均值 -0.20%, 个股涨幅 -0.90%",,,否,,
2026-08-07 03:12:06,000739,普洛药业,化学制药,4.61,0,通过,2026-08-04,149.1,是,否,无法获取分时数据
2026-08-07 03:12:06,000821,ST京机,光伏设备,-0.95,0,ST股,,,否,,
2026-08-07 03:12:06,000813,德展健康,化学制药,0.61,0,"板块均值 1.36%, 个股涨幅 0.61%",,,否,,
2026-08-07 03:12:06,000818,航锦科技,化学原料,-1.33,0,"板块均值 -0.41%, 个股涨幅 -1.33%",,,否,,
2026-08-07 03:12:06,000826,*ST启环,环境治理,2.34,0,ST股,,,否,,
2026-08-07 03:12:06,000819,岳阳兴长,炼化及贸易,-1.08,0,"板块均值 -0.44%, 个股涨幅 -1.08%",,,否,,
2026-08-07 03:12:06,000822,山东海化,化学原料,-1.16,0,"板块均值 -0.41%, 个股涨幅 -1.16%",,,否,,
2026-08-07 03:12:06,000811,冰轮环境,通用设备,1.12,0,均线未呈多头排列,,,否,,
2026-08-07 03:12:06,000790,华神科技,中药Ⅱ,0.79,0,周线未呈多头排列,,,否,,
2026-08-07 03:12:06,000830,鲁西化工,化学原料,-0.47,0,"板块均值 -0.41%, 个股涨幅 -0.47%",,,否,,
2026-08-07 03:12:06,000837,秦川机床,通用设备,-1.1,0,"板块均值 -0.15%, 个股涨幅 -1.10%",,,否,,
2026-08-07 03:12:06,000823,超声电子,元件,4.54,0,均线未呈多头排列,,,否,,
2026-08-07 03:12:06,000807,云铝股份,工业金属,1.65,0,周线未呈多头排列,,,否,,
2026-08-07 03:12:06,000852,石化机械,专用设备,-0.94,0,"板块均值 -0.36%, 个股涨幅 -0.94%",,,否,,
2026-08-07 03:12:06,000856,冀东装备,专用设备,-1.14,0,"板块均值 -0.36%, 个股涨幅 -1.14%",,,否,,
2026-08-07 03:12:06,000831,中国稀土,小金属,10.0,0,均线未向上倾斜,,,否,,
2026-08-07 03:12:06,000833,粤桂股份,综合Ⅱ,-0.69,0,均线未呈多头排列,,,否,,
2026-08-07 03:12:06,000859,国风新材,塑料,-2.69,0,"板块均值 -0.38%, 个股涨幅 -2.69%",,,否,,
2026-08-07 03:12:06,000881,中广核技,化学制品,-0.77,0,"板块均值 -0.55%, 个股涨幅 -0.77%",,,否,,
2026-08-07 03:12:06,000890,法尔胜,环保设备Ⅱ,-2.14,0,"板块均值 -0.42%, 个股涨幅 -2.14%",,,否,,
2026-08-07 03:12:06,000820,神雾节能,环保设备Ⅱ,0.53,0,周线未呈多头排列,,,否,,
2026-08-07 03:12:06,000878,云南铜业,工业金属,2.17,0,均线未向上倾斜,,,否,,
2026-08-07 03:12:06,000880,潍柴重机,通用设备,-0.13,0,均线未向上倾斜,,,否,,
2026-08-07 03:12:06,000905,厦门港务,航运港口,-1.39,0,"板块均值 -0.68%, 个股涨幅 -1.39%",,,否,,
2026-08-07 03:12:06,000893,亚钾国际,农化制品,-0.12,0,均线未呈多头排列,,,否,,
2026-08-07 03:12:06,000912,泸天化,农化制品,-1.1,0,"板块均值 -0.74%, 个股涨幅 -1.10%",,,否,,
2026-08-07 03:12:06,000913,钱江摩托,摩托车及其他,-1.62,0,"板块均值 -0.25%, 个股涨幅 -1.62%",,,否,,
2026-08-07 03:12:06,000902,新洋丰,农化制品,0.07,0,均线未呈多头排列,,,否,,
2026-08-07 03:12:06,000915,华特达因,化学制药,0.12,0,"板块均值 1.36%, 个股涨幅 0.12%",,,否,,
2026-08-07 03:12:06,000908,石药景峰,化学制药,2.05,0,均线未呈多头排列,,,否,,
2026-08-07 03:12:06,000919,金陵药业,化学制药,-0.32,0,"板块均值 1.36%, 个股涨幅 -0.32%",,,否,,
2026-08-07 03:12:06,000920,沃顿科技,塑料,-1.04,0,"板块均值 -0.38%, 个股涨幅 -1.04%",,,否,,
2026-08-07 03:12:06,000931,中 关 村,化学制药,0.0,0,"板块均值 1.36%, 个股涨幅 0.00%",,,否,,
2026-08-07 03:12:06,000885,城发环境,环境治理,-0.31,0,周线未呈多头排列,,,否,,
2026-08-07 03:12:06,000936,华西股份,化学纤维,-0.76,0,"板块均值 -0.32%, 个股涨幅 -0.76%",,,否,,
2026-08-07 03:12:06,000898,鞍钢股份,普钢,-0.98,0,周线未呈多头排列,,,否,,
2026-08-07 03:12:06,000923,河钢资源,冶钢原料,0.48,0,均线未呈多头排列,,,否,,
2026-08-07 03:12:06,000950,重药控股,医药商业,0.19,0,"板块均值 0.89%, 个股涨幅 0.19%",,,否,,
2026-08-07 03:12:06,000952,广济药业,化学制药,0.17,0,"板块均值 1.36%, 个股涨幅 0.17%",,,否,,
2026-08-07 03:12:06,000932,华菱钢铁,普钢,-0.53,0,均线未呈多头排列,,,否,,
2026-08-07 03:12:06,000953,中哲精化,化学制药,0.0,0,"板块均值 1.36%, 个股涨幅 0.00%",,,否,,
2026-08-07 03:12:06,000949,新乡化纤,化学纤维,2.16,0,均线未向上倾斜,,,否,,
2026-08-07 03:12:06,000960,锡业股份,小金属,0.51,0,"板块均值 1.75%, 个股涨幅 0.51%",,,否,,
2026-08-07 03:12:06,000962,东方钽业,小金属,1.15,0,"板块均值 1.75%, 个股涨幅 1.15%",,,否,,
2026-08-07 03:12:06,000963,华东医药,化学制药,0.47,0,"板块均值 1.36%, 个股涨幅 0.47%",,,否,,
2026-08-07 03:12:06,000967,盈峰环境,环保设备Ⅱ,-1.92,0,"板块均值 -0.42%, 个股涨幅 -1.92%",,,否,,
2026-08-07 03:12:06,000969,安泰科技,金属新材料,0.99,0,"板块均值 2.20%, 个股涨幅 0.99%",,,否,,
2026-08-07 03:12:06,000959,首钢股份,普钢,-1.06,0,均线未呈多头排列,,,否,,
2026-08-07 03:12:06,000973,佛塑科技,塑料,-0.56,0,"板块均值 -0.38%, 个股涨幅 -0.56%",,,否,,
2026-08-07 03:12:06,000985,大庆华科,炼化及贸易,-1.33,0,"板块均值 -0.44%, 个股涨幅 -1.33%",,,否,,
2026-08-07 03:12:06,000933,神火股份,工业金属,1.94,0,周线未呈多头排列,,,否,,
2026-08-07 03:12:06,000970,中科三环,金属新材料,2.45,0,均线未呈多头排列,,,否,,
2026-08-07 03:12:06,000999,华润三九,中药Ⅱ,-0.24,0,"板块均值 0.53%, 个股涨幅 -0.24%",,,否,,
2026-08-07 03:12:06,001203,大中矿业,冶钢原料,-0.33,0,"板块均值 -0.08%, 个股涨幅 -0.33%",,,否,,
2026-08-07 03:12:06,000988,华工科技,自动化设备,2.69,0,均线未呈多头排列,,,否,,
2026-08-07 03:12:06,001205,盛航股份,航运港口,-1.18,0,"板块均值 -0.68%, 个股涨幅 -1.18%",,,否,,
2026-08-07 03:12:06,000989,九芝堂,中药Ⅱ,1.55,0,均线未呈多头排列,,,否,,
2026-08-07 03:12:06,000990,诚志股份,化学原料,1.22,0,均线未呈多头排列,,,否,,
2026-08-07 03:12:06,001217,华尔泰,化学原料,-0.82,0,"板块均值 -0.41%, 个股涨幅 -0.82%",,,否,,
2026-08-07 03:12:06,000975,山金国际,贵金属,2.08,0,周线未呈多头排列,,,否,,
2026-08-07 03:12:06,001225,和泰机电,专用设备,-1.88,0,"板块均值 -0.36%, 个股涨幅 -1.88%",,,否,,
2026-08-07 03:12:06,001226,拓山重工,工程机械,-1.18,0,"板块均值 -0.48%, 个股涨幅 -1.18%",,,否,,
2026-08-07 03:12:06,001207,联科科技,橡胶,-0.26,0,均线未向上倾斜,,,否,,
2026-08-07 03:12:06,001237,惠康科技,通用设备,-1.06,0,"板块均值 -0.15%, 个股涨幅 -1.06%",,,否,,
2026-08-07 03:12:06,001218,丽臣实业,化学制品,0.47,0,均线未向上倾斜,,,否,,
2026-08-07 03:12:06,001223,欧克科技,自动化设备,9.99,0,均线未向上倾斜,,,否,,
2026-08-07 03:12:06,001239,永达股份,工程机械,-1.45,0,"板块均值 -0.48%, 个股涨幅 -1.45%",,,否,,
2026-08-07 03:12:06,001255,博菲电气,塑料,-1.53,0,"板块均值 -0.38%, 个股涨幅 -1.53%",,,否,,
2026-08-07 03:12:06,001231,农心科技,农化制品,-0.36,0,均线未向上倾斜,,,否,,
2026-08-07 03:12:06,001257,盛龙股份,小金属,0.12,0,"板块均值 1.75%, 个股涨幅 0.12%",,,否,,
2026-08-07 03:12:06,001259,利仁科技,小家电,-1.01,0,"板块均值 -0.96%, 个股涨幅 -1.01%",,,否,,
2026-08-07 03:12:06,001266,宏英智能,自动化设备,-0.47,0,"板块均值 0.68%, 个股涨幅 -0.47%",,,否,,
2026-08-07 03:12:06,001268,联合精密,家电零部件Ⅱ,-1.74,0,"板块均值 0.16%, 个股涨幅 -1.74%",,,否,,
2026-08-07 03:12:06,001230,劲旅环境,环境治理,-0.47,0,周线未呈多头排列,,,否,,
2026-08-07 03:12:06,001256,炜冈科技,专用设备,1.21,0,均线未向上倾斜,,,否,,
2026-08-07 03:12:06,001269,欧晶科技,光伏设备,-0.1,0,"板块均值 0.13%, 个股涨幅 -0.10%",,,否,,
2026-08-07 03:12:06,001277,速达股份,专用设备,-0.39,0,"板块均值 -0.36%, 个股涨幅 -0.39%",,,否,,
2026-08-07 03:12:06,001267,汇绿生态,通信设备,4.56,0,均线未呈多头排列,,,否,,
2026-08-07 03:12:06,001287,中电港,其他电子Ⅱ,0.18,0,"板块均值 0.45%, 个股涨幅 0.18%",,,否,,
2026-08-07 03:12:06,001296,长江材料,非金属材料Ⅱ,-0.55,0,"板块均值 1.38%, 个股涨幅 -0.55%",,,否,,
2026-08-07 03:12:06,001270,铖昌科技,军工电子Ⅱ,1.26,0,均线未呈多头排列,,,否,,
2026-08-07 03:12:06,001298,好上好,其他电子Ⅱ,0.41,0,"板块均值 0.45%, 个股涨幅 0.41%",,,否,,
2026-08-07 03:12:06,001280,中国铀业,小金属,2.18,0,均线未向上倾斜,,,否,,
2026-08-07 03:12:06,001299,美能能源,燃气Ⅱ,-1.71,0,"板块均值 -0.59%, 个股涨幅 -1.71%",,,否,,
2026-08-07 03:12:06,001283,豪鹏科技,电池,0.24,0,均线未呈多头排列,,,否,,
2026-08-07 03:12:06,001301,尚太科技,电池,-0.51,0,"板块均值 0.12%, 个股涨幅 -0.51%",,,否,,
2026-08-07 03:12:06,001288,运机集团,专用设备,0.39,0,均线未向上倾斜,,,否,,
2026-08-07 03:12:06,001306,夏厦精密,通用设备,-1.08,0,"板块均值 -0.15%, 个股涨幅 -1.08%",,,否,,
2026-08-07 03:12:06,001308,康冠科技,光学光电子,-0.72,0,"板块均值 0.20%, 个股涨幅 -0.72%",,,否,,
2026-08-07 03:12:06,001314,亿道信息,消费电子,-0.66,0,"板块均值 -0.02%, 个股涨幅 -0.66%",,,否,,
2026-08-07 03:12:06,001316,润贝航科,炼化及贸易,-0.45,0,"板块均值 -0.44%, 个股涨幅 -0.45%",,,否,,
2026-08-07 03:12:06,001333,光华股份,塑料,-1.59,0,"板块均值 -0.38%, 个股涨幅 -1.59%",,,否,,
2026-08-07 03:12:06,001309,德明利,半导体,3.29,0,均线未呈多头排列,,,否,,
2026-08-07 03:12:06,001335,信凯科技,化学制品,-1.97,0,"板块均值 -0.55%, 个股涨幅 -1.97%",,,否,,
2026-08-07 03:12:06,001336,楚环科技,环保设备Ⅱ,-1.31,0,"板块均值 -0.42%, 个股涨幅 -1.31%",,,否,,
2026-08-07 03:12:06,001325,元创股份,橡胶,-0.42,0,均线未向上倾斜,,,否,,
2026-08-07 03:12:06,001326,联域股份,照明设备Ⅱ,0.9,0,均线未向上倾斜,,,否,,
2026-08-07 03:12:06,001331,胜通能源,燃气Ⅱ,2.69,0,均线未呈多头排列,,,否,,
2026-08-07 03:12:06,001332,锡装股份,专用设备,0.35,0,均线未向上倾斜,,,否,,
2026-08-07 03:12:06,001337,四川黄金,贵金属,-0.73,0,"板块均值 0.13%, 个股涨幅 -0.73%",,,否,,
2026-08-07 03:12:06,001358,兴欣新材,化学制品,-0.82,0,"板块均值 -0.55%, 个股涨幅 -0.82%",,,否,,
2026-08-07 03:12:06,001367,海森药业,化学制药,0.33,0,"板块均值 1.36%, 个股涨幅 0.33%",,,否,,
2026-08-07 03:12:06,001369,双欣材料,化学纤维,-0.55,0,"板块均值 -0.32%, 个股涨幅 -0.55%",,,否,,
2026-08-07 03:12:06,001373,翔腾新材,光学光电子,-0.04,0,"板块均值 0.20%, 个股涨幅 -0.04%",,,否,,
2026-08-07 03:12:06,001378,德冠新材,塑料,-3.06,0,"板块均值 -0.38%, 个股涨幅 -3.06%",,,否,,
2026-08-07 03:12:06,001379,腾达科技,通用设备,-0.45,0,"板块均值 -0.15%, 个股涨幅 -0.45%",,,否,,
2026-08-07 03:12:06,001389,广合科技,元件,3.19,0,"板块均值 4.24%, 个股涨幅 3.19%",,,否,,
2026-08-07 03:12:06,001359,平安电工,塑料,2.02,0,均线未呈多头排列,,,否,,
2026-08-07 03:12:06,001360,南矿集团,专用设备,4.23,0,均线未向上倾斜,,,否,,
2026-08-07 03:12:06,001395,亚联机械,专用设备,-0.51,0,"板块均值 -0.36%, 个股涨幅 -0.51%",,,否,,
2026-08-07 03:12:06,001399,惠科股份,光学光电子,-0.5,0,"板块均值 0.20%, 个股涨幅 -0.50%",,,否,,
2026-08-07 03:12:06,001400,江顺科技,专用设备,-0.95,0,"板块均值 -0.36%, 个股涨幅 -0.95%",,,否,,
2026-08-07 03:12:06,001696,宗申动力,通用设备,-0.59,0,"板块均值 -0.15%, 个股涨幅 -0.59%",,,否,,
2026-08-07 03:12:06,001872,招商港口,航运港口,-0.77,0,"板块均值 -0.68%, 个股涨幅 -0.77%",,,否,,
2026-08-07 03:12:06,002004,华邦健康,化学制药,0.0,0,"板块均值 1.36%, 个股涨幅 0.00%",,,否,,
2026-08-07 03:12:06,002005,德豪润达,小家电,-2.17,0,"板块均值 -0.96%, 个股涨幅 -2.17%",,,否,,
2026-08-07 03:12:06,002006,精工科技,专用设备,-0.94,0,"板块均值 -0.36%, 个股涨幅 -0.94%",,,否,,
2026-08-07 03:12:06,002007,华兰生物,生物制品,-0.15,0,"板块均值 1.25%, 个股涨幅 -0.15%",,,否,,
2026-08-07 03:12:06,002009,天奇股份,专用设备,-0.68,0,"板块均值 -0.36%, 个股涨幅 -0.68%",,,否,,
2026-08-07 03:12:06,002011,盾安环境,家电零部件Ⅱ,-1.06,0,"板块均值 0.16%, 个股涨幅 -1.06%",,,否,,
2026-08-07 03:12:06,002017,东信和平,通信设备,-4.62,0,"板块均值 0.31%, 个股涨幅 -4.62%",,,否,,
2026-08-07 03:12:06,002019,亿帆医药,化学制药,0.8,0,"板块均值 1.36%, 个股涨幅 0.80%",,,否,,
2026-08-07 03:12:06,002021,中捷资源,专用设备,-1.11,0,"板块均值 -0.36%, 个股涨幅 -1.11%",,,否,,
2026-08-07 03:12:06,002008,大族激光,自动化设备,2.07,0,均线未呈多头排列,,,否,,
2026-08-07 03:12:06,002022,科华生物,医疗器械,-0.77,0,"板块均值 -0.21%, 个股涨幅 -0.77%",,,否,,
2026-08-07 03:12:06,002025,航天电器,军工电子Ⅱ,-0.34,0,"板块均值 -0.31%, 个股涨幅 -0.34%",,,否,,
2026-08-07 03:12:06,002026,山东威达,通用设备,-0.48,0,"板块均值 -0.15%, 个股涨幅 -0.48%",,,否,,
2026-08-07 03:12:06,002030,达安基因,医疗器械,-1.62,0,"板块均值 -0.21%, 个股涨幅 -1.62%",,,否,,
2026-08-07 03:12:06,002020,京新药业,化学制药,1.47,0,均线未呈多头排列,,,否,,
2026-08-07 03:12:06,002031,巨轮智能,专用设备,-1.13,0,"板块均值 -0.36%, 个股涨幅 -1.13%",,,否,,
2026-08-07 03:12:06,002034,旺能环境,环境治理,-0.78,0,"板块均值 -0.50%, 个股涨幅 -0.78%",,,否,,
2026-08-07 03:12:06,002036,联创电子,光学光电子,-2.28,0,"板块均值 0.20%, 个股涨幅 -2.28%",,,否,,
2026-08-07 03:12:06,002001,新 和 成,化学制品,0.72,0,周线未呈多头排列,,,否,,
2026-08-07 03:12:06,002038,双鹭药业,化学制药,0.88,0,"板块均值 1.36%, 个股涨幅 0.88%",,,否,,
2026-08-07 03:12:06,002040,南 京 港,航运港口,-0.74,0,"板块均值 -0.68%, 个股涨幅 -0.74%",,,否,,
2026-08-07 03:12:06,002044,美年健康,医疗服务,-1.46,0,"板块均值 2.21%, 个股涨幅 -1.46%",,,否,,
2026-08-07 03:12:06,002032,苏 泊 尔,小家电,-0.63,0,均线未呈多头排列,,,否,,
2026-08-07 03:12:06,002055,ST得润,消费电子,-1.42,0,ST股,,,否,,
2026-08-07 03:12:06,002049,紫光国微,半导体,-0.32,0,"板块均值 1.30%, 个股涨幅 -0.32%",,,否,,
2026-08-07 03:12:06,002037,保利联合,化学制品,10.01,0,均线未向上倾斜,,,否,,
2026-08-07 03:12:06,002050,三花智控,家电零部件Ⅱ,-0.05,0,"板块均值 0.16%, 个股涨幅 -0.05%",,,否,,
2026-08-07 03:12:06,002052,同洲电子,其他电源设备Ⅱ,-2.87,0,"板块均值 -0.60%, 个股涨幅 -2.87%",,,否,,
2026-08-07 03:12:06,002054,德美化工,化学制品,-1.25,0,"板块均值 -0.55%, 个股涨幅 -1.25%",,,否,,
2026-08-07 03:12:06,002045,国光电器,消费电子,2.79,0,均线未向上倾斜,,,否,,
2026-08-07 03:12:06,002046,国机精工,通用设备,0.8,0,均线未呈多头排列,,,否,,
2026-08-07 03:12:06,002068,黑猫股份,橡胶,-0.61,0,"板块均值 -0.61%, 个股涨幅 -0.61%",,,否,,
2026-08-07 03:12:06,002073,软控股份,专用设备,-1.06,0,"板块均值 -0.36%, 个股涨幅 -1.06%",,,否,,
2026-08-07 03:12:06,002074,国轩高科,电池,-0.83,0,"板块均值 0.12%, 个股涨幅 -0.83%",,,否,,
2026-08-07 03:12:06,002082,ST万邦,中药Ⅱ,1.67,0,ST股,,,否,,
2026-08-07 03:12:06,002056,横店东磁,光伏设备,2.08,0,均线未呈多头排列,,,否,,
2026-08-07 03:12:06,002076,星光股份,照明设备Ⅱ,-3.33,0,"板块均值 -0.43%, 个股涨幅 -3.33%",,,否,,
2026-08-07 03:12:06,002077,大港股份,半导体,0.0,0,"板块均值 1.30%, 个股涨幅 0.00%",,,否,,
2026-08-07 03:12:06,002058,威尔泰,电池,0.48,0,均线未向上倾斜,,,否,,
2026-08-07 03:12:06,002102,ST能特,化学制药,-0.44,0,ST股,,,否,,
2026-08-07 03:12:06,002097,山河智能,工程机械,-1.5,0,"板块均值 -0.48%, 个股涨幅 -1.50%",,,否,,
2026-08-07 03:12:06,002099,海翔药业,化学制药,0.38,0,"板块均值 1.36%, 个股涨幅 0.38%",,,否,,
2026-08-07 03:12:06,002104,恒宝股份,通信设备,-6.97,0,"板块均值 0.31%, 个股涨幅 -6.97%",,,否,,
2026-08-07 03:12:06,002079,苏州固锝,光伏设备,0.21,0,均线未呈多头排列,,,否,,
2026-08-07 03:12:06,002080,中材科技,玻璃玻纤,5.14,0,均线未呈多头排列,,,否,,
2026-08-07 03:12:06,002109,ST兴化,化学原料,-1.56,0,ST股,,,否,,
2026-08-07 03:12:06,002105,信隆健康,摩托车及其他,-1.63,0,"板块均值 -0.25%, 个股涨幅 -1.63%",,,否,,
2026-08-07 03:12:06,002064,华峰化学,化学纤维,2.2,0,周线未呈多头排列,,,否,,
2026-08-07 03:12:06,002108,沧州明珠,塑料,-0.69,0,"板块均值 -0.38%, 个股涨幅 -0.69%",,,否,,
2026-08-07 03:12:06,002122,ST汇洲,通用设备,0.8,0,ST股,,,否,,
2026-08-07 03:12:06,002110,三钢闽光,普钢,-1.89,0,"板块均值 -1.26%, 个股涨幅 -1.89%",,,否,,
2026-08-07 03:12:06,002096,易普力,化学制品,1.57,0,周线未呈多头排列,,,否,,
2026-08-07 03:12:06,002114,罗平锌电,工业金属,0.84,0,"板块均值 1.02%, 个股涨幅 0.84%",,,否,,
2026-08-07 03:12:06,002106,莱宝高科,光学光电子,0.57,0,均线未呈多头排列,,,否,,
2026-08-07 03:12:06,002107,沃华医药,中药Ⅱ,1.48,0,均线未呈多头排列,,,否,,
2026-08-07 03:12:06,002125,湘潭电化,电池,-0.16,0,"板块均值 0.12%, 个股涨幅 -0.16%",,,否,,
2026-08-07 03:12:06,002092,中泰化学,化学原料,0.22,0,周线未呈多头排列,,,否,,
2026-08-07 03:12:06,002130,沃尔核材,其他电子Ⅱ,0.35,0,"板块均值 0.45%, 个股涨幅 0.35%",,,否,,
2026-08-07 03:12:06,002131,利欧股份,通用设备,-4.38,0,"板块均值 -0.15%, 个股涨幅 -4.38%",,,否,,
2026-08-07 03:12:06,002132,恒星科技,通用设备,-0.24,0,"板块均值 -0.15%, 个股涨幅 -0.24%",,,否,,
2026-08-07 03:12:06,002134,天津普林,元件,3.09,0,"板块均值 4.24%, 个股涨幅 3.09%",,,否,,
2026-08-07 03:12:06,002119,康强电子,半导体,1.86,0,均线未呈多头排列,,,否,,
2026-08-07 03:12:06,002136,安 纳 达,化学原料,-0.49,0,"板块均值 -0.41%, 个股涨幅 -0.49%",,,否,,
2026-08-07 03:12:06,002129,TCL中环,光伏设备,0.56,0,均线未呈多头排列,,,否,,
2026-08-07 03:12:06,002138,顺络电子,元件,0.7,0,"板块均值 4.24%, 个股涨幅 0.70%",,,否,,
2026-08-07 03:12:06,002139,拓邦股份,消费电子,-0.2,0,"板块均值 -0.02%, 个股涨幅 -0.20%",,,否,,
2026-08-07 03:12:06,002141,贤丰控股,元件,1.4,0,"板块均值 4.24%, 个股涨幅 1.40%",,,否,,
2026-08-07 03:12:06,002145,钛能化学,化学原料,-0.88,0,"板块均值 -0.41%, 个股涨幅 -0.88%",,,否,,
2026-08-07 03:12:06,002149,西部材料,小金属,0.36,0,"板块均值 1.75%, 个股涨幅 0.36%",,,否,,
2026-08-07 03:12:06,002151,北斗星通,军工电子Ⅱ,-0.88,0,"板块均值 -0.31%, 个股涨幅 -0.88%",,,否,,
2026-08-07 03:12:06,002137,实益达,光学光电子,1.27,0,均线未呈多头排列,,,否,,
2026-08-07 03:12:06,002155,湖南黄金,贵金属,-0.68,0,"板块均值 0.13%, 个股涨幅 -0.68%",,,否,,
2026-08-07 03:12:06,002156,通富微电,半导体,0.29,0,"板块均值 1.30%, 个股涨幅 0.29%",,,否,,
2026-08-07 03:12:06,002158,汉钟精机,通用设备,-1.48,0,"板块均值 -0.15%, 个股涨幅 -1.48%",,,否,,
2026-08-07 03:12:06,002160,常铝股份,工业金属,0.26,0,"板块均值 1.02%, 个股涨幅 0.26%",,,否,,
2026-08-07 03:12:06,002150,正泰电源,光伏设备,1.08,0,均线未呈多头排列,,,否,,
2026-08-07 03:12:06,002164,宁波东力,通用设备,-0.7,0,"板块均值 -0.15%, 个股涨幅 -0.70%",,,否,,
2026-08-07 03:12:06,002165,红 宝 丽,化学制品,-1.19,0,"板块均值 -0.55%, 个股涨幅 -1.19%",,,否,,
2026-08-07 03:12:06,002175,*ST东智,通用设备,-1.63,0,ST股,,,否,,
2026-08-07 03:12:06,002166,莱茵生物,化学制品,-0.6,0,"板块均值 -0.55%, 个股涨幅 -0.60%",,,否,,
2026-08-07 03:12:06,002167,东方锆业,小金属,-0.12,0,"板块均值 1.75%, 个股涨幅 -0.12%",,,否,,
2026-08-07 03:12:06,002171,楚江新材,工业金属,0.71,0,"板块均值 1.02%, 个股涨幅 0.71%",,,否,,
2026-08-07 03:12:06,002161,远 望 谷,其他电子Ⅱ,3.28,0,均线未向上倾斜,,,否,,
2026-08-07 03:12:06,002172,澳洋健康,医疗服务,-0.31,0,"板块均值 2.21%, 个股涨幅 -0.31%",,,否,,
2026-08-07 03:12:06,002182,宝武镁业,小金属,-0.7,0,"板块均值 1.75%, 个股涨幅 -0.70%",,,否,,
2026-08-07 03:12:06,002184,海得控制,自动化设备,-0.91,0,"板块均值 0.68%, 个股涨幅 -0.91%",,,否,,
2026-08-07 03:12:06,002198,ST嘉应,中药Ⅱ,-0.59,0,ST股,,,否,,
2026-08-07 03:12:06,002170,芭田股份,农化制品,-0.17,0,均线未向上倾斜,,,否,,
2026-08-07 03:12:06,002189,中光学,军工电子Ⅱ,-1.54,0,"板块均值 -0.31%, 个股涨幅 -1.54%",,,否,,
2026-08-07 03:12:06,002192,融捷股份,能源金属,0.75,0,"板块均值 1.59%, 个股涨幅 0.75%",,,否,,
2026-08-07 03:12:06,002179,中航光电,军工电子Ⅱ,2.05,0,均线未向上倾斜,,,否,,
2026-08-07 03:12:06,002199,东晶电子,元件,-1.15,0,"板块均值 4.24%, 个股涨幅 -1.15%",,,否,,
2026-08-07 03:12:06,002201,九鼎新材,玻璃玻纤,0.48,0,"板块均值 0.85%, 个股涨幅 0.48%",,,否,,
2026-08-07 03:12:06,002185,华天科技,半导体,2.2,0,均线未呈多头排列,,,否,,
2026-08-07 03:12:06,002204,大连重工,专用设备,-0.75,0,"板块均值 -0.36%, 个股涨幅 -0.75%",,,否,,
2026-08-07 03:12:06,002211,ST宏达,化学制品,-3.28,0,ST股,,,否,,
2026-08-07 03:12:06,002194,武汉凡谷,通信设备,10.01,0,均线未向上倾斜,,,否,,
2026-08-07 03:12:06,002206,海 利 得,化学纤维,-0.92,0,"板块均值 -0.32%, 个股涨幅 -0.92%",,,否,,
2026-08-07 03:12:06,002217,ST合力泰,光学光电子,-1.32,0,ST股,,,否,,
2026-08-07 03:12:06,002210,飞马国际,环境治理,-1.76,0,"板块均值 -0.50%, 个股涨幅 -1.76%",,,否,,
2026-08-07 03:12:06,002202,金风科技,风电设备,4.33,0,均线未向上倾斜,,,否,,
2026-08-07 03:12:06,002203,海亮股份,工业金属,2.86,0,均线未向上倾斜,,,否,,
2026-08-07 03:12:06,002173,创新医疗,医疗服务,3.36,0,周线未呈多头排列,,,否,,
2026-08-07 03:12:06,002213,大为股份,半导体,0.61,0,"板块均值 1.30%, 个股涨幅 0.61%",,,否,,
2026-08-07 03:12:06,002214,大立科技,军工电子Ⅱ,-3.61,0,"板块均值 -0.31%, 个股涨幅 -3.61%",,,否,,
2026-08-07 03:12:06,002227,*ST特迅,其他电源设备Ⅱ,-1.12,0,ST股,,,否,,
2026-08-07 03:12:06,002219,新里程,医疗服务,-0.95,0,"板块均值 2.21%, 个股涨幅 -0.95%",,,否,,
2026-08-07 03:12:06,002209,达 意 隆,专用设备,0.83,0,均线未向上倾斜,,,否,,
2026-08-07 03:12:06,002221,东华能源,炼化及贸易,-2.48,0,"板块均值 -0.44%, 个股涨幅 -2.48%",,,否,,
2026-08-07 03:12:06,002223,鱼跃医疗,医疗器械,-0.89,0,"板块均值 -0.21%, 个股涨幅 -0.89%",,,否,,
2026-08-07 03:12:06,002224,三 力 士,橡胶,-1.42,0,"板块均值 -0.61%, 个股涨幅 -1.42%",,,否,,
2026-08-07 03:12:06,002237,恒邦股份,贵金属,-0.14,0,"板块均值 0.13%, 个股涨幅 -0.14%",,,否,,
2026-08-07 03:12:06,002240,盛新锂能,能源金属,0.68,0,"板块均值 1.59%, 个股涨幅 0.68%",,,否,,
2026-08-07 03:12:06,002242,九阳股份,小家电,-2.33,0,"板块均值 -0.96%, 个股涨幅 -2.33%",,,否,,
2026-08-07 03:12:06,002222,福晶科技,光学光电子,2.33,0,均线未呈多头排列,,,否,,
2026-08-07 03:12:06,002248,华东数控,通用设备,-0.77,0,"板块均值 -0.15%, 个股涨幅 -0.77%",,,否,,
2026-08-07 03:12:06,002252,上海莱士,生物制品,-0.61,0,"板块均值 1.25%, 个股涨幅 -0.61%",,,否,,
2026-08-07 03:12:06,002254,泰和新材,化学纤维,-0.57,0,"板块均值 -0.32%, 个股涨幅 -0.57%",,,否,,
2026-08-07 03:12:06,002245,蔚蓝锂芯,电池,2.29,0,均线未呈多头排列,,,否,,
2026-08-07 03:12:06,002226,江南化工,化学制品,2.19,0,周线未呈多头排列,,,否,,
2026-08-07 03:12:06,002255,海陆重工,其他电源设备Ⅱ,-1.4,0,"板块均值 -0.60%, 个股涨幅 -1.40%",,,否,,
2026-08-07 03:12:06,002250,联化科技,农化制品,0.06,0,均线未呈多头排列,,,否,,
2026-08-07 03:12:06,002258,利尔化学,农化制品,-1.47,0,"板块均值 -0.74%, 个股涨幅 -1.47%",,,否,,
2026-08-07 03:12:06,002262,恩华药业,化学制药,0.37,0,"板块均值 1.36%, 个股涨幅 0.37%",,,否,,
2026-08-07 03:12:06,002263,大东南,塑料,-0.98,0,"板块均值 -0.38%, 个股涨幅 -0.98%",,,否,,
2026-08-07 03:12:06,002267,陕天然气,燃气Ⅱ,-0.84,0,"板块均值 -0.59%, 个股涨幅 -0.84%",,,否,,
2026-08-07 03:12:06,002241,歌尔股份,消费电子,0.34,0,周线未呈多头排列,,,否,,
2026-08-07 03:12:06,002272,川润股份,通用设备,-0.2,0,"板块均值 -0.15%, 个股涨幅 -0.20%",,,否,,
2026-08-07 03:12:06,002259,升达林业,燃气Ⅱ,0.25,0,均线未向上倾斜,,,否,,
2026-08-07 03:12:06,002273,水晶光电,光学光电子,0.11,0,"板块均值 0.20%, 个股涨幅 0.11%",,,否,,
2026-08-07 03:12:06,002246,北化股份,化学制品,-0.35,0,周线未呈多头排列,,,否,,
2026-08-07 03:12:06,002274,华昌化工,化学原料,-0.71,0,"板块均值 -0.41%, 个股涨幅 -0.71%",,,否,,
2026-08-07 03:12:06,002266,浙富控股,环境治理,1.4,0,均线未向上倾斜,,,否,,
2026-08-07 03:12:06,002275,桂林三金,中药Ⅱ,-0.15,0,"板块均值 0.53%, 个股涨幅 -0.15%",,,否,,
2026-08-07 03:12:06,002278,神开股份,专用设备,-1.51,0,"板块均值 -0.36%, 个股涨幅 -1.51%",,,否,,
2026-08-07 03:12:06,002282,博深股份,通用设备,-0.68,0,"板块均值 -0.15%, 个股涨幅 -0.68%",,,否,,
2026-08-07 03:12:06,002295,精艺股份,工业金属,-0.12,0,"板块均值 1.02%, 个股涨幅 -0.12%",,,否,,
2026-08-07 03:12:06,002296,辉煌科技,通信设备,-1.43,0,"板块均值 0.31%, 个股涨幅 -1.43%",,,否,,
2026-08-07 03:12:06,002281,光迅科技,通信设备,8.89,0,均线未呈多头排列,,,否,,
2026-08-07 03:12:06,002312,川发龙蟒,农化制品,-1.18,0,"板块均值 -0.74%, 个股涨幅 -1.18%",,,否,,
2026-08-07 03:12:06,002287,奇正藏药,中药Ⅱ,0.64,0,均线未呈多头排列,,,否,,
2026-08-07 03:12:06,002289,宇顺电子,光学光电子,1.22,0,均线未呈多头排列,,,否,,
2026-08-07 03:12:06,002290,禾盛新材,家电零部件Ⅱ,1.85,0,均线未呈多头排列,,,否,,
2026-08-07 03:12:06,002294,信立泰,化学制药,2.69,0,均线未呈多头排列,,,否,,
2026-08-07 03:12:06,002313,日海智能,通信设备,-2.38,0,"板块均值 0.31%, 个股涨幅 -2.38%",,,否,,
2026-08-07 03:12:06,002316,亚联发展,综合Ⅱ,-2.88,0,"板块均值 -1.14%, 个股涨幅 -2.88%",,,否,,
2026-08-07 03:12:06,002319,乐通股份,化学制品,-5.55,0,"板块均值 -0.55%, 个股涨幅 -5.55%",,,否,,
2026-08-07 03:12:06,002320,海峡股份,航运港口,-1.18,0,"板块均值 -0.68%, 个股涨幅 -1.18%",,,否,,
2026-08-07 03:12:06,002324,普利特,塑料,-0.64,0,"板块均值 -0.38%, 个股涨幅 -0.64%",,,否,,
2026-08-07 03:12:06,002332,仙琚制药,化学制药,-0.24,0,"板块均值 1.36%, 个股涨幅 -0.24%",,,否,,
2026-08-07 03:12:06,002334,英威腾,自动化设备,-1.04,0,"板块均值 0.68%, 个股涨幅 -1.04%",,,否,,
2026-08-07 03:12:06,002317,众生药业,中药Ⅱ,1.13,0,均线未呈多头排列,,,否,,
2026-08-07 03:12:06,002337,赛象科技,专用设备,-1.3,0,"板块均值 -0.36%, 个股涨幅 -1.30%",,,否,,
2026-08-07 03:12:06,002338,奥普光电,军工电子Ⅱ,-0.85,0,"板块均值 -0.31%, 个股涨幅 -0.85%",,,否,,
2026-08-07 03:12:06,002326,永太科技,化学制品,-0.05,0,均线未向上倾斜,,,否,,
2026-08-07 03:12:06,002360,ST同德,化学制品,-0.58,0,ST股,,,否,,
2026-08-07 03:12:06,002342,巨力索具,通用设备,-1.22,0,"板块均值 -0.15%, 个股涨幅 -1.22%",,,否,,
2026-08-07 03:12:06,002347,泰尔股份,通用设备,-0.84,0,"板块均值 -0.15%, 个股涨幅 -0.84%",,,否,,
2026-08-07 03:12:06,002335,科华数据,其他电源设备Ⅱ,0.07,0,均线未呈多头排列,,,否,,
2026-08-07 03:12:06,002351,漫步者,消费电子,-0.39,0,"板块均值 -0.02%, 个股涨幅 -0.39%",,,否,,
2026-08-07 03:12:06,002340,格林美,电池,1.63,0,均线未向上倾斜,,,否,,
2026-08-07 03:12:06,002366,融发核电,其他电源设备Ⅱ,-3.75,0,"板块均值 -0.60%, 个股涨幅 -3.75%",,,否,,
2026-08-07 03:12:06,002349,精华制药,中药Ⅱ,1.2,0,均线未呈多头排列,,,否,,
2026-08-07 03:12:06,002367,康力电梯,专用设备,-1.11,0,"板块均值 -0.36%, 个股涨幅 -1.11%",,,否,,
2026-08-07 03:12:06,002353,杰瑞股份,专用设备,1.47,0,均线未向上倾斜,,,否,,
2026-08-07 03:12:06,002369,卓翼科技,消费电子,-5.58,0,"板块均值 -0.02%, 个股涨幅 -5.58%",,,否,,
2026-08-07 03:12:06,002361,神剑股份,塑料,0.17,0,均线未向上倾斜,,,否,,
2026-08-07 03:12:06,002364,中恒电气,其他电源设备Ⅱ,0.99,0,均线未呈多头排列,,,否,,
2026-08-07 03:12:06,002370,亚太药业,化学制药,0.78,0,"板块均值 1.36%, 个股涨幅 0.78%",,,否,,
2026-08-07 03:12:06,002377,国创高新,炼化及贸易,-1.52,0,"板块均值 -0.44%, 个股涨幅 -1.52%",,,否,,
2026-08-07 03:12:06,002378,章源钨业,小金属,-0.65,0,"板块均值 1.75%, 个股涨幅 -0.65%",,,否,,
2026-08-07 03:12:06,002381,双箭股份,橡胶,-1.49,0,"板块均值 -0.61%, 个股涨幅 -1.49%",,,否,,
2026-08-07 03:12:06,002383,合众思壮,军工电子Ⅱ,-1.84,0,"板块均值 -0.31%, 个股涨幅 -1.84%",,,否,,
2026-08-07 03:12:06,002371,北方华创,半导体,1.89,0,均线未呈多头排列,,,否,,
2026-08-07 03:12:06,002379,宏桥控股,工业金属,2.44,0,均线未呈多头排列,,,否,,
2026-08-07 03:12:06,002387,维信诺,光学光电子,-0.7,0,"板块均值 0.20%, 个股涨幅 -0.70%",,,否,,
2026-08-07 03:12:06,002365,永安药业,化学制药,6.35,0,周线未呈多头排列,,,否,,
2026-08-07 03:12:06,002388,新亚制程,其他电子Ⅱ,-0.2,0,"板块均值 0.45%, 个股涨幅 -0.20%",,,否,,
2026-08-07 03:12:06,002384,东山精密,元件,4.73,0,均线未呈多头排列,,,否,,
2026-08-07 03:12:06,002386,天原股份,化学原料,0.84,0,均线未向上倾斜,,,否,,
2026-08-07 03:12:06,002391,长青股份,农化制品,-0.95,0,"板块均值 -0.74%, 个股涨幅 -0.95%",,,否,,
2026-08-07 03:12:06,002393,力生制药,化学制药,0.21,0,"板块均值 1.36%, 个股涨幅 0.21%",,,否,,
2026-08-07 03:12:06,002395,双象股份,塑料,-1.3,0,"板块均值 -0.38%, 个股涨幅 -1.30%",,,否,,
2026-08-07 03:12:06,002396,星网锐捷,通信设备,-0.31,0,"板块均值 0.31%, 个股涨幅 -0.31%",,,否,,
2026-08-07 03:12:06,002390,信邦制药,中药Ⅱ,0.68,0,均线未呈多头排列,,,否,,
2026-08-07 03:12:06,002399,海普瑞,化学制药,0.0,0,"板块均值 1.36%, 个股涨幅 0.00%",,,否,,
2026-08-07 03:12:06,002402,和而泰,消费电子,-0.61,0,"板块均值 -0.02%, 个股涨幅 -0.61%",,,否,,
2026-08-07 03:12:06,002403,爱仕达,小家电,-1.78,0,"板块均值 -0.96%, 个股涨幅 -1.78%",,,否,,
2026-08-07 03:12:06,002382,蓝帆医疗,医疗器械,0.17,0,周线未呈多头排列,,,否,,
2026-08-07 03:12:06,002413,雷科防务,军工电子Ⅱ,-0.69,0,"板块均值 -0.31%, 个股涨幅 -0.69%",,,否,,
2026-08-07 03:12:06,002418,康盛股份,家电零部件Ⅱ,-1.87,0,"板块均值 0.16%, 个股涨幅 -1.87%",,,否,,
2026-08-07 03:12:06,002424,ST百灵,中药Ⅱ,1.1,0,ST股,,,否,,
2026-08-07 03:12:06,002407,多氟多,化学制品,1.02,0,均线未向上倾斜,,,否,,
2026-08-07 03:12:06,002409,雅克科技,半导体,2.05,0,均线未呈多头排列,,,否,,
2026-08-07 03:12:06,002414,高德红外,军工电子Ⅱ,0.59,0,均线未呈多头排列,,,否,,
2026-08-07 03:12:06,002426,胜利精密,消费电子,-1.8,0,"板块均值 -0.02%, 个股涨幅 -1.80%",,,否,,
2026-08-07 03:12:06,002427,尤夫股份,化学纤维,-0.92,0,"板块均值 -0.32%, 个股涨幅 -0.92%",,,否,,
2026-08-07 03:12:06,002420,毅昌科技,综合Ⅱ,-0.35,0,均线未向上倾斜,,,否,,
2026-08-07 03:12:06,002422,科伦药业,化学制药,4.56,0,均线未呈多头排列,,,否,,
2026-08-07 03:12:06,002430,杭氧股份,化学制品,-1.36,0,"板块均值 -0.55%, 个股涨幅 -1.36%",,,否,,
2026-08-07 03:12:06,002436,兴森科技,元件,4.09,0,"板块均值 4.24%, 个股涨幅 4.09%",,,否,,
2026-08-07 03:12:06,002408,齐翔腾达,炼化及贸易,0.59,0,周线未呈多头排列,,,否,,
2026-08-07 03:12:06,002428,云南锗业,小金属,9.59,0,均线未呈多头排列,,,否,,
2026-08-07 03:12:06,002412,汉森制药,中药Ⅱ,1.29,0,周线未呈多头排列,,,否,,
2026-08-07 03:12:06,002438,江苏神通,通用设备,-3.32,0,"板块均值 -0.15%, 个股涨幅 -3.32%",,,否,,
2026-08-07 03:12:06,002432,九安医疗,医疗器械,1.85,0,均线未呈多头排列,,,否,,
2026-08-07 03:12:06,002442,龙星科技,橡胶,-0.8,0,"板块均值 -0.61%, 个股涨幅 -0.80%",,,否,,
2026-08-07 03:12:06,002437,誉衡药业,化学制药,9.86,0,均线未呈多头排列,,,否,,
2026-08-07 03:12:06,002445,中南文化,通用设备,-2.68,0,"板块均值 -0.15%, 个股涨幅 -2.68%",,,否,,
2026-08-07 03:12:06,002449,国星光电,光学光电子,-0.94,0,"板块均值 0.20%, 个股涨幅 -0.94%",,,否,,
2026-08-07 03:12:06,002440,闰土股份,化学制品,-0.23,0,均线未呈多头排列,,,否,,
2026-08-07 03:12:06,002453,华软科技,化学制品,-3.18,0,"板块均值 -0.55%, 个股涨幅 -3.18%",,,否,,
2026-08-07 03:12:06,002455,百川股份,化学制品,-0.85,0,"板块均值 -0.55%, 个股涨幅 -0.85%",,,否,,
2026-08-07 03:12:06,002456,欧菲光,光学光电子,-4.38,0,"板块均值 0.20%, 个股涨幅 -4.38%",,,否,,
2026-08-07 03:12:06,002444,巨星科技,通用设备,0.17,0,均线未向上倾斜,,,否,,
2026-08-07 03:12:06,002446,盛路通信,军工电子Ⅱ,2.71,0,均线未呈多头排列,,,否,,
2026-08-07 03:12:06,002460,赣锋锂业,能源金属,0.79,0,"板块均值 1.59%, 个股涨幅 0.79%",,,否,,
2026-08-07 03:12:06,002462,嘉事堂,医药商业,-0.08,0,"板块均值 0.89%, 个股涨幅 -0.08%",,,否,,
2026-08-07 03:12:06,002466,天齐锂业,能源金属,0.61,0,"板块均值 1.59%, 个股涨幅 0.61%",,,否,,
2026-08-07 03:12:06,002470,金正大,农化制品,-1.03,0,"板块均值 -0.74%, 个股涨幅 -1.03%",,,否,,
2026-08-07 03:12:06,002459,晶澳科技,光伏设备,0.92,0,均线未向上倾斜,,,否,,
2026-08-07 03:12:06,002476,新叶股份,炼化及贸易,-1.32,0,"板块均值 -0.44%, 个股涨幅 -1.32%",,,否,,
2026-08-07 03:12:06,002483,润邦股份,专用设备,-0.39,0,"板块均值 -0.36%, 个股涨幅 -0.39%",,,否,,
2026-08-07 03:12:06,002463,沪电股份,元件,4.65,0,均线未呈多头排列,,,否,,
2026-08-07 03:12:06,002465,海格通信,军工电子Ⅱ,-0.19,0,均线未呈多头排列,,,否,,
2026-08-07 03:12:06,002484,江海股份,元件,1.72,0,"板块均值 4.24%, 个股涨幅 1.72%",,,否,,
2026-08-07 03:12:06,002501,*ST利源,工业金属,-0.76,0,ST股,,,否,,
2026-08-07 03:12:06,002490,山东墨龙,专用设备,-0.52,0,"板块均值 -0.36%, 个股涨幅 -0.52%",,,否,,
2026-08-07 03:12:06,002475,立讯精密,消费电子,3.11,0,均线未呈多头排列,,,否,,
2026-08-07 03:12:06,002514,*ST宝馨,通用设备,-3.45,0,ST股,,,否,,
2026-08-07 03:12:06,002496,辉丰股份,农化制品,-2.45,0,"板块均值 -0.74%, 个股涨幅 -2.45%",,,否,,
2026-08-07 03:12:06,002506,协鑫集成,光伏设备,-0.74,0,"板块均值 0.13%, 个股涨幅 -0.74%",,,否,,
2026-08-07 03:12:06,002487,大金重工,风电设备,0.05,0,均线未向上倾斜,,,否,,
2026-08-07 03:12:06,002513,蓝丰生化,农化制品,-1.96,0,"板块均值 -0.74%, 个股涨幅 -1.96%",,,否,,
2026-08-07 03:12:06,002491,通鼎互联,通信设备,2.48,0,均线未呈多头排列,,,否,,
2026-08-07 03:12:06,002520,日发精机,通用设备,-1.22,0,"板块均值 -0.15%, 个股涨幅 -1.22%",,,否,,
2026-08-07 03:12:06,002497,雅化集团,化学制品,0.82,0,均线未向上倾斜,,,否,,
2026-08-07 03:12:06,002522,浙江众成,塑料,-0.8,0,"板块均值 -0.38%, 个股涨幅 -0.80%",,,否,,
2026-08-07 03:12:06,002523,天桥起重,专用设备,-0.91,0,"板块均值 -0.36%, 个股涨幅 -0.91%",,,否,,
2026-08-07 03:12:06,002524,光正眼科,医疗服务,-1.31,0,"板块均值 2.21%, 个股涨幅 -1.31%",,,否,,
2026-08-07 03:12:06,002518,科士达,其他电源设备Ⅱ,1.01,0,均线未呈多头排列,,,否,,
2026-08-07 03:12:06,002526,山东矿机,专用设备,-1.49,0,"板块均值 -0.36%, 个股涨幅 -1.49%",,,否,,
2026-08-07 03:12:06,002527,新时达,专用设备,-0.6,0,"板块均值 -0.36%, 个股涨幅 -0.60%",,,否,,
2026-08-07 03:12:06,002538,ST司特,农化制品,0.43,0,ST股,,,否,,
2026-08-07 03:12:06,002529,海源复材,专用设备,-0.72,0,"板块均值 -0.36%, 个股涨幅 -0.72%",,,否,,
2026-08-07 03:12:06,002530,金财互联,专用设备,-3.33,0,"板块均值 -0.36%, 个股涨幅 -3.33%",,,否,,
2026-08-07 03:12:06,002531,天顺风能,风电设备,-1.5,0,"板块均值 -0.20%, 个股涨幅 -1.50%",,,否,,
2026-08-07 03:12:06,002535,林州重机,专用设备,-1.64,0,"板块均值 -0.36%, 个股涨幅 -1.64%",,,否,,
2026-08-07 03:12:06,002493,荣盛石化,炼化及贸易,2.06,0,周线未呈多头排列,,,否,,
2026-08-07 03:12:06,002540,亚太科技,工业金属,-0.39,0,"板块均值 1.02%, 个股涨幅 -0.39%",,,否,,
2026-08-07 03:12:06,002545,东方铁塔,农化制品,-1.72,0,"板块均值 -0.74%, 个股涨幅 -1.72%",,,否,,
2026-08-07 03:12:06,002549,凯美特气,化学制品,-1.73,0,"板块均值 -0.55%, 个股涨幅 -1.73%",,,否,,
2026-08-07 03:12:06,002534,西子洁能,其他电源设备Ⅱ,1.69,0,均线未呈多头排列,,,否,,
2026-08-07 03:12:06,002550,千红制药,化学制药,0.87,0,"板块均值 1.36%, 个股涨幅 0.87%",,,否,,
2026-08-07 03:12:06,002551,尚荣医疗,医疗器械,-0.99,0,"板块均值 -0.21%, 个股涨幅 -0.99%",,,否,,
2026-08-07 03:12:06,002539,云图控股,农化制品,1.5,0,均线未向上倾斜,,,否,,
2026-08-07 03:12:06,002564,天沃科技,专用设备,-2.01,0,"板块均值 -0.36%, 个股涨幅 -2.01%",,,否,,
2026-08-07 03:12:06,002566,益盛药业,中药Ⅱ,-0.15,0,"板块均值 0.53%, 个股涨幅 -0.15%",,,否,,
2026-08-07 03:12:06,002573,清新环境,环境治理,-1.24,0,"板块均值 -0.50%, 个股涨幅 -1.24%",,,否,,
2026-08-07 03:12:06,002575,群兴玩具,综合Ⅱ,-2.27,0,"板块均值 -1.14%, 个股涨幅 -2.27%",,,否,,
2026-08-07 03:12:06,002581,*ST未名,生物制品,-1.17,0,ST股,,,否,,
2026-08-07 03:12:06,002552,宝鼎科技,元件,10.01,0,均线未呈多头排列,,,否,,
2026-08-07 03:12:06,002559,亚威股份,通用设备,0.53,0,均线未呈多头排列,,,否,,
2026-08-07 03:12:06,002562,兄弟科技,化学制品,-0.22,0,均线未向上倾斜,,,否,,
2026-08-07 03:12:06,002532,天山铝业,工业金属,1.72,0,周线未呈多头排列,,,否,,
2026-08-07 03:12:06,002579,中京电子,元件,2.8,0,"板块均值 4.24%, 个股涨幅 2.80%",,,否,,
2026-08-07 03:12:06,002580,圣阳股份,电池,-0.63,0,"板块均值 0.12%, 个股涨幅 -0.63%",,,否,,
2026-08-07 03:12:06,002583,海能达,通信设备,-2.23,0,"板块均值 0.31%, 个股涨幅 -2.23%",,,否,,
2026-08-07 03:12:06,002584,西陇科学,电子化学品Ⅱ,-0.88,0,"板块均值 1.11%, 个股涨幅 -0.88%",,,否,,
2026-08-07 03:12:06,002585,双星新材,塑料,-0.43,0,"板块均值 -0.38%, 个股涨幅 -0.43%",,,否,,
2026-08-07 03:12:06,002598,ST章鼓,通用设备,-1.2,0,ST股,,,否,,
2026-08-07 03:12:06,002587,奥拓电子,光学光电子,-1.07,0,"板块均值 0.20%, 个股涨幅 -1.07%",,,否,,
2026-08-07 03:12:06,002578,闽发铝业,工业金属,2.18,0,均线未向上倾斜,,,否,,
2026-08-07 03:12:06,002591,恒大高新,化学制品,-1.77,0,"板块均值 -0.55%, 个股涨幅 -1.77%",,,否,,
2026-08-07 03:12:06,002595,豪迈科技,专用设备,-0.44,0,"板块均值 -0.36%, 个股涨幅 -0.44%",,,否,,
2026-08-07 03:12:06,002600,领益智造,消费电子,-0.23,0,"板块均值 -0.02%, 个股涨幅 -0.23%",,,否,,
2026-08-07 03:12:06,002601,龙佰集团,化学原料,-0.96,0,"板块均值 -0.41%, 个股涨幅 -0.96%",,,否,,
2026-08-07 03:12:06,002588,史丹利,农化制品,-0.34,0,均线未呈多头排列,,,否,,
2026-08-07 03:12:06,002630,*ST华西,其他电源设备Ⅱ,-0.6,0,ST股,,,否,,
2026-08-07 03:12:06,002613,北玻股份,玻璃玻纤,-1.2,0,"板块均值 0.85%, 个股涨幅 -1.20%",,,否,,
2026-08-07 03:12:06,002597,金禾实业,化学制品,0.34,0,均线未向上倾斜,,,否,,
2026-08-07 03:12:06,002622,皓宸医疗,医疗服务,-0.86,0,"板块均值 2.21%, 个股涨幅 -0.86%",,,否,,
2026-08-07 03:12:06,002623,亚玛顿,光伏设备,-0.88,0,"板块均值 0.13%, 个股涨幅 -0.88%",,,否,,
2026-08-07 03:12:06,002632,道明光学,塑料,-0.84,0,"板块均值 -0.38%, 个股涨幅 -0.84%",,,否,,
2026-08-07 03:12:06,002603,以岭药业,中药Ⅱ,1.78,0,均线未呈多头排列,,,否,,
2026-08-07 03:12:06,002611,东方精工,专用设备,0.06,0,均线未向上倾斜,,,否,,
2026-08-07 03:12:06,002633,申科股份,通用设备,-1.49,0,"板块均值 -0.15%, 个股涨幅 -1.49%",,,否,,
2026-08-07 03:12:06,002638,勤上股份,照明设备Ⅱ,-1.59,0,"板块均值 -0.43%, 个股涨幅 -1.59%",,,否,,
2026-08-07 03:12:06,002639,雪人集团,通用设备,-1.27,0,"板块均值 -0.15%, 个股涨幅 -1.27%",,,否,,
2026-08-07 03:12:06,002589,瑞康医药,医药商业,10.14,0,周线未呈多头排列,,,否,,
2026-08-07 03:12:06,002643,万润股份,电子化学品Ⅱ,0.65,0,"板块均值 1.11%, 个股涨幅 0.65%",,,否,,
2026-08-07 03:12:06,002635,安洁科技,消费电子,0.81,0,均线未呈多头排列,,,否,,
2026-08-07 03:12:06,002636,金安国纪,元件,5.15,0,均线未呈多头排列,,,否,,
2026-08-07 03:12:06,002637,赞宇科技,化学制品,0.37,0,均线未向上倾斜,,,否,,
2026-08-07 03:12:06,002660,茂硕电源,消费电子,-1.29,0,"板块均值 -0.02%, 个股涨幅 -1.29%",,,否,,
2026-08-07 03:12:06,002645,华宏科技,环保设备Ⅱ,4.69,0,均线未呈多头排列,,,否,,
2026-08-07 03:12:06,002667,*ST威领,专用设备,4.67,0,ST股,,,否,,
2026-08-07 03:12:06,002653,海思科,化学制药,2.85,0,均线未呈多头排列,,,否,,
2026-08-07 03:12:06,002654,万润科技,光学光电子,4.91,0,均线未呈多头排列,,,否,,
2026-08-07 03:12:06,002655,共达电声,消费电子,3.16,0,均线未呈多头排列,,,否,,
2026-08-07 03:12:06,002658,雪迪龙,环保设备Ⅱ,-0.41,0,均线未向上倾斜,,,否,,
2026-08-07 03:12:06,002666,德联集团,化学制品,-1.21,0,"板块均值 -0.55%, 个股涨幅 -1.21%",,,否,,
2026-08-07 03:12:06,002669,康达新材,化学制品,-0.74,0,"板块均值 -0.55%, 个股涨幅 -0.74%",,,否,,
2026-08-07 03:12:06,002648,卫星化学,化学原料,1.22,0,周线未呈多头排列,,,否,,
2026-08-07 03:12:06,002672,东江环保,环境治理,-1.4,0,"板块均值 -0.50%, 个股涨幅 -1.40%",,,否,,
2026-08-07 03:12:06,002675,东诚药业,化学制药,1.09,0,"板块均值 1.36%, 个股涨幅 1.09%",,,否,,
2026-08-07 03:12:06,002689,ST远智,专用设备,-0.74,0,ST股,,,否,,
2026-08-07 03:12:06,002644,佛慈制药,中药Ⅱ,0.64,0,周线未呈多头排列,,,否,,
2026-08-07 03:12:06,002691,*ST冀凯,专用设备,-2.59,0,ST股,,,否,,
2026-08-07 03:12:06,002676,顺威股份,家电零部件Ⅱ,-0.6,0,"板块均值 0.16%, 个股涨幅 -0.60%",,,否,,
2026-08-07 03:12:06,002681,奋达科技,消费电子,-1.92,0,"板块均值 -0.02%, 个股涨幅 -1.92%",,,否,,
2026-08-07 03:12:06,002685,华东重机,工程机械,-1.12,0,"板块均值 -0.48%, 个股涨幅 -1.12%",,,否,,
2026-08-07 03:12:06,002686,亿利达,通用设备,-1.98,0,"板块均值 -0.15%, 个股涨幅 -1.98%",,,否,,
2026-08-07 03:12:06,002688,金河生物,动物保健Ⅱ,-1.16,0,"板块均值 -0.58%, 个股涨幅 -1.16%",,,否,,
2026-08-07 03:12:06,002690,美亚光电,专用设备,-0.53,0,"板块均值 -0.36%, 个股涨幅 -0.53%",,,否,,
2026-08-07 03:12:06,002693,双成药业,化学制药,-0.21,0,"板块均值 1.36%, 个股涨幅 -0.21%",,,否,,
2026-08-07 03:12:06,002700,万憬能源,燃气Ⅱ,-1.49,0,"板块均值 -0.59%, 个股涨幅 -1.49%",,,否,,
2026-08-07 03:12:06,002683,广东宏大,化学制品,1.54,0,均线未向上倾斜,,,否,,
2026-08-07 03:12:06,002705,新宝股份,小家电,-3.09,0,"板块均值 -0.96%, 个股涨幅 -3.09%",,,否,,
2026-08-07 03:12:06,002709,天赐材料,电池,-0.64,0,"板块均值 0.12%, 个股涨幅 -0.64%",,,否,,
2026-08-07 03:12:06,002716,湖南白银,贵金属,-0.93,0,"板块均值 0.13%, 个股涨幅 -0.93%",,,否,,
2026-08-07 03:12:06,002723,小崧股份,照明设备Ⅱ,-0.7,0,"板块均值 -0.43%, 个股涨幅 -0.70%",,,否,,
2026-08-07 03:12:06,002724,海洋王,照明设备Ⅱ,-1.12,0,"板块均值 -0.43%, 个股涨幅 -1.12%",,,否,,
2026-08-07 03:12:06,002727,一心堂,医药商业,-0.44,0,"板块均值 0.89%, 个股涨幅 -0.44%",,,否,,
2026-08-07 03:12:06,002728,特一药业,中药Ⅱ,-0.21,0,"板块均值 0.53%, 个股涨幅 -0.21%",,,否,,
2026-08-07 03:12:06,002729,好利科技,其他电子Ⅱ,-1.6,0,"板块均值 0.45%, 个股涨幅 -1.60%",,,否,,
2026-08-07 03:12:06,002733,雄韬股份,电池,-0.31,0,"板块均值 0.12%, 个股涨幅 -0.31%",,,否,,
2026-08-07 03:12:06,002734,利民股份,农化制品,-0.93,0,"板块均值 -0.74%, 个股涨幅 -0.93%",,,否,,
2026-08-07 03:12:06,002738,中矿资源,小金属,0.28,0,"板块均值 1.75%, 个股涨幅 0.28%",,,否,,
2026-08-07 03:12:06,002730,电光科技,专用设备,0.09,0,均线未呈多头排列,,,否,,
2026-08-07 03:12:06,002698,博实股份,自动化设备,7.97,0,周线未呈多头排列,,,否,,
2026-08-07 03:12:06,002737,葵花药业,中药Ⅱ,1.84,0,均线未呈多头排列,,,否,,
2026-08-07 03:12:06,002747,埃斯顿,自动化设备,-0.52,0,"板块均值 0.68%, 个股涨幅 -0.52%",,,否,,
2026-08-07 03:12:06,002741,光华科技,电子化学品Ⅱ,3.93,0,均线未呈多头排列,,,否,,
2026-08-07 03:12:06,002722,物产金轮,专用设备,-0.32,0,周线未呈多头排列,,,否,,
2026-08-07 03:12:06,002742,冀衡医药,化学制药,10.13,0,均线未向上倾斜,,,否,,
2026-08-07 03:12:06,002745,木林森,光学光电子,1.55,0,均线未呈多头排列,,,否,,
2026-08-07 03:12:06,002759,ST天际,电池,-2.1,0,ST股,,,否,,
2026-08-07 03:12:06,002753,永东股份,橡胶,-1.45,0,"板块均值 -0.61%, 个股涨幅 -1.45%",,,否,,
2026-08-07 03:12:06,002755,奥赛康,化学制药,1.06,0,"板块均值 1.36%, 个股涨幅 1.06%",,,否,,
2026-08-07 03:12:06,002756,永兴材料,能源金属,-0.04,0,"板块均值 1.59%, 个股涨幅 -0.04%",,,否,,
2026-08-07 03:12:06,002748,世龙实业,化学原料,0.27,0,均线未向上倾斜,,,否,,
2026-08-07 03:12:06,002749,国光股份,农化制品,-0.7,0,均线未呈多头排列,,,否,,
2026-08-07 03:12:06,002760,凤形股份,通用设备,-0.93,0,"板块均值 -0.15%, 个股涨幅 -0.93%",,,否,,
2026-08-07 03:12:06,002767,先锋电子,通用设备,-0.68,0,"板块均值 -0.15%, 个股涨幅 -0.68%",,,否,,
2026-08-07 03:12:06,002773,康弘药业,生物制品,1.19,0,"板块均值 1.25%, 个股涨幅 1.19%",,,否,,
2026-08-07 03:12:06,002774,快意电梯,专用设备,-0.87,0,"板块均值 -0.36%, 个股涨幅 -0.87%",,,否,,
2026-08-07 03:12:06,002757,南兴股份,专用设备,1.56,0,均线未向上倾斜,,,否,,
2026-08-07 03:12:06,002778,中晟高科,环境治理,-1.12,0,"板块均值 -0.50%, 个股涨幅 -1.12%",,,否,,
2026-08-07 03:12:06,002779,中坚科技,专用设备,-0.63,0,"板块均值 -0.36%, 个股涨幅 -0.63%",,,否,,
2026-08-07 03:12:06,002782,可立克,其他电子Ⅱ,0.33,0,"板块均值 0.45%, 个股涨幅 0.33%",,,否,,
2026-08-07 03:12:06,002768,国恩股份,塑料,0.88,0,均线未向上倾斜,,,否,,
2026-08-07 03:12:06,002786,银宝山新,专用设备,-1.42,0,"板块均值 -0.36%, 个股涨幅 -1.42%",,,否,,
2026-08-07 03:12:06,002788,鹭燕医药,医药商业,0.65,0,"板块均值 0.89%, 个股涨幅 0.65%",,,否,,
2026-08-07 03:12:06,002795,永和智控,通用设备,-0.45,0,"板块均值 -0.15%, 个股涨幅 -0.45%",,,否,,
2026-08-07 03:12:06,002783,凯龙股份,化学制品,0.0,0,均线未向上倾斜,,,否,,
2026-08-07 03:12:06,002802,洪汇新材,化学制品,-1.33,0,"板块均值 -0.55%, 个股涨幅 -1.33%",,,否,,
2026-08-07 03:12:06,002805,丰元股份,电池,-1.29,0,"板块均值 0.12%, 个股涨幅 -1.29%",,,否,,
2026-08-07 03:12:06,002758,浙农股份,农化制品,-0.38,0,周线未呈多头排列,,,否,,
2026-08-07 03:12:06,002816,*ST和科,专用设备,-1.11,0,ST股,,,否,,
2026-08-07 03:12:06,002792,通宇通讯,通信设备,10.0,0,均线未向上倾斜,,,否,,
2026-08-07 03:12:06,002809,红墙股份,化学制品,-1.98,0,"板块均值 -0.55%, 个股涨幅 -1.98%",,,否,,
2026-08-07 03:12:06,002796,世嘉科技,通信设备,2.26,0,均线未呈多头排列,,,否,,
2026-08-07 03:12:06,002810,山东赫达,化学制品,-0.59,0,"板块均值 -0.55%, 个股涨幅 -0.59%",,,否,,
2026-08-07 03:12:06,002812,恩捷股份,电池,-0.56,0,"板块均值 0.12%, 个股涨幅 -0.56%",,,否,,
2026-08-07 03:12:06,002815,崇达技术,元件,2.25,0,"板块均值 4.24%, 个股涨幅 2.25%",,,否,,
2026-08-07 03:12:06,002817,黄山胶囊,化学制药,-0.16,0,"板块均值 1.36%, 个股涨幅 -0.16%",,,否,,
2026-08-07 03:12:06,002819,东方中科,通用设备,-2.43,0,"板块均值 -0.15%, 个股涨幅 -2.43%",,,否,,
2026-08-07 03:12:06,002824,和胜股份,工业金属,-0.61,0,"板块均值 1.02%, 个股涨幅 -0.61%",,,否,,
2026-08-07 03:12:06,002825,纳尔股份,塑料,-0.94,0,"板块均值 -0.38%, 个股涨幅 -0.94%",,,否,,
2026-08-07 03:12:06,002826,易明医药,化学制药,-3.64,0,"板块均值 1.36%, 个股涨幅 -3.64%",,,否,,
2026-08-07 03:12:06,002829,星网宇达,航天装备Ⅱ,-1.54,0,"板块均值 -0.16%, 个股涨幅 -1.54%",,,否,,
2026-08-07 03:12:06,002793,罗欣药业,化学制药,3.37,0,周线未呈多头排列,,,否,,
2026-08-07 03:12:06,002821,凯莱英,医疗服务,6.55,0,均线未呈多头排列,,,否,,
2026-08-07 03:12:06,002841,视源股份,消费电子,-1.96,0,"板块均值 -0.02%, 个股涨幅 -1.96%",,,否,,
2026-08-07 03:12:06,002842,翔鹭钨业,小金属,0.76,0,"板块均值 1.75%, 个股涨幅 0.76%",,,否,,
2026-08-07 03:12:06,002833,弘亚数控,专用设备,-0.17,0,均线未向上倾斜,,,否,,
2026-08-07 03:12:06,002843,泰嘉股份,通用设备,-0.73,0,"板块均值 -0.15%, 个股涨幅 -0.73%",,,否,,
2026-08-07 03:12:06,002837,英维克,专用设备,3.31,0,均线未呈多头排列,,,否,,
2026-08-07 03:12:06,002838,道恩股份,塑料,0.89,0,均线未呈多头排列,,,否,,
2026-08-07 03:12:06,002855,捷荣技术,消费电子,-2.42,0,"板块均值 -0.02%, 个股涨幅 -2.42%",,,否,,
2026-08-07 03:12:06,002845,同兴达,光学光电子,0.55,0,均线未呈多头排列,,,否,,
2026-08-07 03:12:06,002860,星帅尔,家电零部件Ⅱ,0.12,0,"板块均值 0.16%, 个股涨幅 0.12%",,,否,,
2026-08-07 03:12:06,002849,威星智能,通用设备,0.56,0,均线未向上倾斜,,,否,,
2026-08-07 03:12:06,002827,高争民爆,化学制品,9.65,0,周线未呈多头排列,,,否,,
2026-08-07 03:12:06,002850,科达利,电池,0.57,0,均线未呈多头排列,,,否,,
2026-08-07 03:12:06,002851,麦格米特,其他电源设备Ⅱ,2.23,0,均线未呈多头排列,,,否,,
2026-08-07 03:12:06,002872,ST天圣,化学制药,-0.77,0,ST股,,,否,,
2026-08-07 03:12:06,002861,瀛通通讯,消费电子,-1.33,0,"板块均值 -0.02%, 个股涨幅 -1.33%",,,否,,
2026-08-07 03:12:06,002864,盘龙药业,中药Ⅱ,-0.05,0,"板块均值 0.53%, 个股涨幅 -0.05%",,,否,,
2026-08-07 03:12:06,002859,洁美科技,其他电子Ⅱ,2.33,0,均线未呈多头排列,,,否,,
2026-08-07 03:12:06,002866,传艺科技,消费电子,-0.58,0,"板块均值 -0.02%, 个股涨幅 -0.58%",,,否,,
2026-08-07 03:12:06,002868,绿康生化,动物保健Ⅱ,-1.13,0,"板块均值 -0.58%, 个股涨幅 -1.13%",,,否,,
2026-08-07 03:12:06,002871,伟隆股份,通用设备,-0.3,0,"板块均值 -0.15%, 个股涨幅 -0.30%",,,否,,
2026-08-07 03:12:06,002873,新天药业,中药Ⅱ,-0.13,0,"板块均值 0.53%, 个股涨幅 -0.13%",,,否,,
2026-08-07 03:12:06,002877,智能自控,通用设备,-1.25,0,"板块均值 -0.15%, 个股涨幅 -1.25%",,,否,,
2026-08-07 03:12:06,002880,卫光生物,生物制品,-1.44,0,"板块均值 1.25%, 个股涨幅 -1.44%",,,否,,
2026-08-07 03:12:06,002865,钧达股份,光伏设备,1.08,0,均线未呈多头排列,,,否,,
2026-08-07 03:12:06,002881,美格智能,通信设备,-1.34,0,"板块均值 0.31%, 个股涨幅 -1.34%",,,否,,
2026-08-07 03:12:06,002885,京泉华,其他电子Ⅱ,0.45,0,"板块均值 0.45%, 个股涨幅 0.45%",,,否,,
2026-08-07 03:12:06,002876,三利谱,光学光电子,0.51,0,均线未向上倾斜,,,否,,
2026-08-07 03:12:06,002887,绿茵生态,环境治理,-2.23,0,"板块均值 -0.50%, 个股涨幅 -2.23%",,,否,,
2026-08-07 03:12:06,002888,惠威科技,消费电子,-1.13,0,"板块均值 -0.02%, 个股涨幅 -1.13%",,,否,,
2026-08-07 03:12:06,002884,凌霄泵业,通用设备,-0.12,0,均线未呈多头排列,,,否,,
2026-08-07 03:12:06,002896,中大力德,通用设备,-2.44,0,"板块均值 -0.15%, 个股涨幅 -2.44%",,,否,,
2026-08-07 03:12:06,002886,沃特股份,塑料,0.1,0,均线未呈多头排列,,,否,,
2026-08-07 03:12:06,002901,大博医疗,医疗器械,-0.37,0,"板块均值 -0.21%, 个股涨幅 -0.37%",,,否,,
2026-08-07 03:12:06,002890,弘宇股份,专用设备,2.34,0,均线未向上倾斜,,,否,,
2026-08-07 03:12:06,002895,川恒股份,农化制品,-0.17,0,均线未呈多头排列,,,否,,
2026-08-07 03:12:06,002903,宇环数控,通用设备,-0.47,0,"板块均值 -0.15%, 个股涨幅 -0.47%",,,否,,
2026-08-07 03:12:06,002897,意华股份,通信设备,1.32,0,均线未呈多头排列,,,否,,
2026-08-07 03:12:06,002909,集泰股份,化学制品,-1.79,0,"板块均值 -0.55%, 个股涨幅 -1.79%",,,否,,
2026-08-07 03:12:06,002911,佛燃能源,燃气Ⅱ,-0.8,0,"板块均值 -0.59%, 个股涨幅 -0.80%",,,否,,
2026-08-07 03:12:06,002902,铭普光磁,通信设备,0.75,0,均线未呈多头排列,,,否,,
2026-08-07 03:12:06,002915,中欣氟材,化学制品,-3.7,0,"板块均值 -0.55%, 个股涨幅 -3.70%",,,否,,
2026-08-07 03:12:06,002907,华森制药,中药Ⅱ,1.61,0,均线未呈多头排列,,,否,,
2026-08-07 03:12:06,002913,奥士康,元件,5.28,0,均线未呈多头排列,,,否,,
2026-08-07 03:12:06,002932,*ST明德,医疗器械,-0.4,0,ST股,,,否,,
2026-08-07 03:12:06,002916,深南电路,元件,5.56,0,均线未呈多头排列,,,否,,
2026-08-07 03:12:06,002900,哈三联,化学制药,10.04,0,周线未呈多头排列,,,否,,
2026-08-07 03:12:06,002917,金奥博,化学制品,1.23,0,均线未向上倾斜,,,否,,
2026-08-07 03:12:06,002922,伊戈尔,其他电子Ⅱ,0.67,0,均线未呈多头排列,,,否,,
2026-08-07 03:12:06,002935,天奥电子,军工电子Ⅱ,-0.54,0,"板块均值 -0.31%, 个股涨幅 -0.54%",,,否,,
2026-08-07 03:12:06,002923,润都股份,化学制药,2.22,0,均线未呈多头排列,,,否,,
2026-08-07 03:12:06,002925,盈趣科技,消费电子,0.47,0,均线未向上倾斜,,,否,,
2026-08-07 03:12:06,002931,锋龙股份,通用设备,1.32,0,均线未呈多头排列,,,否,,
2026-08-07 03:12:06,002940,昂利康,化学制药,1.09,0,"板块均值 1.36%, 个股涨幅 1.09%",,,否,,
2026-08-07 03:12:06,002942,新农股份,农化制品,-0.86,0,"板块均值 -0.74%, 个股涨幅 -0.86%",,,否,,
2026-08-07 03:12:06,002951,金时科技,其他电源设备Ⅱ,-1.43,0,"板块均值 -0.60%, 个股涨幅 -1.43%",,,否,,
2026-08-07 03:12:06,002952,亚世光电,光学光电子,-1.07,0,"板块均值 0.20%, 个股涨幅 -1.07%",,,否,,
2026-08-07 03:12:06,002938,鹏鼎控股,元件,5.86,0,均线未呈多头排列,,,否,,
2026-08-07 03:12:06,002955,鸿合科技,光学光电子,-0.43,0,"板块均值 0.20%, 个股涨幅 -0.43%",,,否,,
2026-08-07 03:12:06,002943,宇晶股份,通用设备,1.68,0,均线未呈多头排列,,,否,,
2026-08-07 03:12:06,002947,恒铭达,消费电子,1.43,0,均线未呈多头排列,,,否,,
2026-08-07 03:12:06,002950,奥美医疗,医疗器械,0.11,0,均线未向上倾斜,,,否,,
2026-08-07 03:12:06,002977,*ST天箭,军工电子Ⅱ,-1.18,0,ST股,,,否,,
2026-08-07 03:12:06,002960,青鸟智控,专用设备,-1.22,0,"板块均值 -0.36%, 个股涨幅 -1.22%",,,否,,
2026-08-07 03:12:06,002962,五方光电,光学光电子,-0.38,0,"板块均值 0.20%, 个股涨幅 -0.38%",,,否,,
2026-08-07 03:12:06,002957,科瑞技术,自动化设备,1.27,0,均线未呈多头排列,,,否,,
2026-08-07 03:12:06,002978,安宁股份,小金属,0.15,0,"板块均值 1.75%, 个股涨幅 0.15%",,,否,,
2026-08-07 03:12:06,002979,雷赛智能,自动化设备,-0.28,0,"板块均值 0.68%, 个股涨幅 -0.28%",,,否,,
2026-08-07 03:12:06,002981,朝阳科技,消费电子,-1.1,0,"板块均值 -0.02%, 个股涨幅 -1.10%",,,否,,
2026-08-07 03:12:06,002971,和远气体,化学制品,10.01,0,均线未呈多头排列,,,否,,
2026-08-07 03:12:06,002983,芯瑞达,光学光电子,-0.26,0,"板块均值 0.20%, 个股涨幅 -0.26%",,,否,,
2026-08-07 03:12:06,002973,侨银股份,环境治理,0.82,0,均线未呈多头排列,,,否,,
2026-08-07 03:12:06,002975,博杰股份,自动化设备,2.4,0,均线未呈多头排列,,,否,,
2026-08-07 03:12:06,002986,宇新股份,炼化及贸易,-0.89,0,"板块均值 -0.44%, 个股涨幅 -0.89%",,,否,,
2026-08-07 03:12:06,002959,小熊电器,小家电,-0.76,0,周线未呈多头排列,,,否,,
2026-08-07 03:12:06,002988,豪美新材,工业金属,-0.29,0,"板块均值 1.02%, 个股涨幅 -0.29%",,,否,,
2026-08-07 03:12:06,002996,顺博合金,工业金属,-0.48,0,"板块均值 1.02%, 个股涨幅 -0.48%",,,否,,
2026-08-07 03:12:06,002999,天禾股份,农化制品,-1.22,0,"板块均值 -0.74%, 个股涨幅 -1.22%",,,否,,
2026-08-07 03:12:06,003009,中天火箭,航天装备Ⅱ,-0.18,0,"板块均值 -0.16%, 个股涨幅 -0.18%",,,否,,
2026-08-07 03:12:06,003015,日久光电,光学光电子,-0.6,0,"板块均值 0.20%, 个股涨幅 -0.60%",,,否,,
2026-08-07 03:12:06,002992,宝明科技,光学光电子,2.62,0,均线未呈多头排列,,,否,,
2026-08-07 03:12:06,002993,奥海科技,消费电子,0.88,0,均线未呈多头排列,,,否,,
2026-08-07 03:12:06,003017,大洋生物,化学原料,-1.66,0,"板块均值 -0.41%, 个股涨幅 -1.66%",,,否,,
2026-08-07 03:12:06,003019,宸展光电,光学光电子,-0.72,0,"板块均值 0.20%, 个股涨幅 -0.72%",,,否,,
2026-08-07 03:12:06,003002,壶化股份,化学制品,-0.06,0,均线未向上倾斜,,,否,,
2026-08-07 03:12:06,003026,中晶科技,半导体,0.8,0,"板块均值 1.30%, 个股涨幅 0.80%",,,否,,
2026-08-07 03:12:06,002998,优彩资源,化学纤维,1.01,0,周线未呈多头排列,,,否,,
2026-08-07 03:12:06,003027,同兴科技,环境治理,-1.51,0,"板块均值 -0.50%, 个股涨幅 -1.51%",,,否,,
2026-08-07 03:12:06,003028,振邦智能,家电零部件Ⅱ,-0.79,0,"板块均值 0.16%, 个股涨幅 -0.79%",,,否,,
2026-08-07 03:12:06,003020,立方制药,化学制药,5.59,0,均线未呈多头排列,,,否,,
2026-08-07 03:12:06,003022,联泓新科,光伏设备,1.05,0,均线未向上倾斜,,,否,,
2026-08-07 03:12:06,003023,彩虹集团,小家电,1.38,0,均线未向上倾斜,,,否,,
2026-08-07 03:12:06,003025,思进智能,通用设备,-0.08,0,均线未向上倾斜,,,否,,
2026-08-07 03:12:06,003038,鑫铂股份,工业金属,-0.28,0,"板块均值 1.02%, 个股涨幅 -0.28%",,,否,,
2026-08-07 03:12:06,003039,顺控发展,环境治理,-1.34,0,"板块均值 -0.50%, 个股涨幅 -1.34%",,,否,,
2026-08-07 03:12:06,003042,中农联合,农化制品,-1.99,0,"板块均值 -0.74%, 个股涨幅 -1.99%",,,否,,
2026-08-07 03:12:06,003043,华亚智能,半导体,0.12,0,"板块均值 1.30%, 个股涨幅 0.12%",,,否,,
2026-08-07 03:12:06,003031,中瓷电子,通信设备,2.33,0,均线未呈多头排列,,,否,,
2026-08-07 03:12:06,003033,征和工业,摩托车及其他,2.86,0,均线未呈多头排列,,,否,,
2026-08-07 03:12:06,003036,泰坦股份,专用设备,0.46,0,均线未呈多头排列,,,否,,
2026-08-07 03:12:06,003040,楚天龙,通信设备,0.64,0,均线未向上倾斜,,,否,,
2026-09-03 02:07:36,600017,日照港,航运港口,0.35,"板块均值 2.04%, 个股涨幅 0.35%",,,否,,
2026-09-03 02:07:36,600061,国投资本,证券Ⅱ,1.08,"板块均值 1.65%, 个股涨幅 1.08%",,,否,,
2026-09-03 02:07:36,600067,冠城新材,电网设备,-0.69,"板块均值 0.13%, 个股涨幅 -0.69%",,,否,,
2026-09-03 02:07:36,600054,黄山旅游,旅游及景区,0.43,"板块均值 0.80%, 个股涨幅 0.43%",,,否,,
2026-09-03 02:07:36,600035,楚天高速,铁路公路,0.53,"板块均值 0.98%, 个股涨幅 0.53%",,,否,,
2026-09-03 02:07:36,600018,上港集团,航运港口,1.27,"板块均值 2.04%, 个股涨幅 1.27%",,,否,,
2026-09-03 02:07:36,600084,*ST尼雅,非白酒,0.47,ST股,,,否,,
2026-09-03 02:07:36,600076,康欣新材,包装印刷,-0.92,"板块均值 0.62%, 个股涨幅 -0.92%",,,否,,
2026-09-03 02:07:36,600078,澄星股份,农化制品,-1.24,"板块均值 -0.02%, 个股涨幅 -1.24%",,,否,,
2026-09-03 02:07:36,600032,浙江新能,电力,0.44,"板块均值 0.72%, 个股涨幅 0.44%",,,否,,
2026-09-03 02:07:36,600053,*ST九鼎,多元金融,-1.38,ST股,,,否,,
2026-09-03 02:07:36,600081,东风科技,汽车零部件,-0.1,"板块均值 0.15%, 个股涨幅 -0.10%",,,否,,
2026-09-03 02:07:36,600052,东望时代,电力,0.0,"板块均值 0.72%, 个股涨幅 0.00%",,,否,,
2026-09-03 02:07:36,600012,皖通高速,铁路公路,0.53,"板块均值 0.98%, 个股涨幅 0.53%",,,否,,
2026-09-03 02:07:36,600029,南方航空,航空机场,0.6,"板块均值 0.97%, 个股涨幅 0.60%",,,否,,
2026-09-03 02:07:36,600030,中信证券,证券Ⅱ,1.64,"板块均值 1.65%, 个股涨幅 1.64%",,,否,,
2026-09-03 02:07:36,600025,华能水电,电力,0.4,"板块均值 0.72%, 个股涨幅 0.40%",,,否,,
2026-09-03 02:07:36,600015,华夏银行,股份制银行Ⅱ,0.8,"板块均值 0.89%, 个股涨幅 0.80%",,,否,,
2026-09-03 02:07:36,600004,白云机场,航空机场,1.81,均线未向上倾斜,,,否,,
2026-09-03 02:07:36,600009,上海机场,航空机场,1.28,均线未向上倾斜,,,否,,
2026-09-03 02:07:36,600095,湘财股份,证券Ⅱ,0.73,"板块均值 1.65%, 个股涨幅 0.73%",,,否,,
2026-09-03 02:07:36,600011,华能国际,电力,1.18,均线未呈多头排列,,,否,,
2026-09-03 02:07:36,600016,民生银行,股份制银行Ⅱ,1.11,均线未向上倾斜,,,否,,
2026-09-03 02:07:36,600100,同方股份,计算机设备,-0.14,"板块均值 0.12%, 个股涨幅 -0.14%",,,否,,
2026-09-03 02:07:36,600101,明星电力,电力,0.51,"板块均值 0.72%, 个股涨幅 0.51%",,,否,,
2026-09-03 02:07:36,600104,上汽集团,乘用车,0.29,"板块均值 0.51%, 个股涨幅 0.29%",,,否,,
2026-09-03 02:07:36,600106,重庆路桥,铁路公路,-0.22,"板块均值 0.98%, 个股涨幅 -0.22%",,,否,,
2026-09-03 02:07:36,600109,国金证券,证券Ⅱ,1.52,"板块均值 1.65%, 个股涨幅 1.52%",,,否,,
2026-09-03 02:07:36,600110,诺德股份,电池,-2.58,"板块均值 0.08%, 个股涨幅 -2.58%",,,否,,
2026-09-03 02:07:36,600021,上海电力,电力,1.05,均线未呈多头排列,,,否,,
2026-09-03 02:07:36,600116,三峡水利,电力,0.16,"板块均值 0.72%, 个股涨幅 0.16%",,,否,,
2026-09-03 02:07:36,600119,*ST长投,物流,1.62,ST股,,,否,,
2026-09-03 02:07:36,600120,浙江东方,多元金融,0.41,"板块均值 0.99%, 个股涨幅 0.41%",,,否,,
2026-09-03 02:07:36,600023,浙能电力,电力,1.02,均线未呈多头排列,,,否,,
2026-09-03 02:07:36,600027,华电国际,电力,1.93,均线未向上倾斜,,,否,,
2026-09-03 02:07:36,600125,铁龙物流,铁路公路,0.73,"板块均值 0.98%, 个股涨幅 0.73%",,,否,,
2026-09-03 02:07:36,600031,三一重工,工程机械,1.94,均线未向上倾斜,,,否,,
2026-09-03 02:07:36,600138,中青旅,旅游及景区,0.68,"板块均值 0.80%, 个股涨幅 0.68%",,,否,,
2026-09-03 02:07:36,600141,兴发集团,农化制品,-0.76,"板块均值 -0.02%, 个股涨幅 -0.76%",,,否,,
2026-09-03 02:07:36,600148,长春一东,汽车零部件,0.06,"板块均值 0.15%, 个股涨幅 0.06%",,,否,,
2026-09-03 02:07:36,600149,廊坊发展,电力,-0.19,"板块均值 0.72%, 个股涨幅 -0.19%",,,否,,
2026-09-03 02:07:36,600033,福建高速,铁路公路,1.41,均线未向上倾斜,,,否,,
2026-09-03 02:07:36,600151,航天机电,汽车零部件,-1.01,"板块均值 0.15%, 个股涨幅 -1.01%",,,否,,
2026-09-03 02:07:36,600152,维科技术,电池,-0.36,"板块均值 0.08%, 个股涨幅 -0.36%",,,否,,
2026-09-03 02:07:36,600000,浦发银行,股份制银行Ⅱ,1.51,近20日无涨停,,,否,,
2026-09-03 02:07:36,600155,华创云信,证券Ⅱ,0.65,"板块均值 1.65%, 个股涨幅 0.65%",,,否,,
2026-09-03 02:07:36,600157,永泰能源,电力,0.65,"板块均值 0.72%, 个股涨幅 0.65%",,,否,,
2026-09-03 02:07:36,600089,特变电工,电网设备,0.53,均线未呈多头排列,,,否,,
2026-09-03 02:07:36,600098,广州发展,电力,1.35,均线未呈多头排列,,,否,,
2026-09-03 02:07:36,600178,东安动力,汽车零部件,0.0,"板块均值 0.15%, 个股涨幅 0.00%",,,否,,
2026-09-03 02:07:36,600179,安通控股,航运港口,1.76,"板块均值 2.04%, 个股涨幅 1.76%",,,否,,
2026-09-03 02:07:36,600180,*ST瑞茂,物流,0.0,ST股,,,否,,
2026-09-03 02:07:36,600115,中国东航,航空机场,1.17,均线未呈多头排列,,,否,,
2026-09-03 02:07:36,600020,中原高速,铁路公路,1.02,周线未呈多头排列,,,否,,
2026-09-03 02:07:36,600123,兰花科创,煤炭开采,2.26,均线未呈多头排列,,,否,,
2026-09-03 02:07:36,600192,长城电工,电网设备,-1.36,"板块均值 0.13%, 个股涨幅 -1.36%",,,否,,
2026-09-03 02:07:36,600210,紫江企业,包装印刷,0.16,"板块均值 0.62%, 个股涨幅 0.16%",,,否,,
2026-09-03 02:07:36,600218,全柴动力,汽车零部件,0.0,"板块均值 0.15%, 个股涨幅 0.00%",,,否,,
2026-09-03 02:07:36,600026,中远海能,航运港口,7.49,周线未呈多头排列,,,否,,
2026-09-03 02:07:36,600221,海航控股,航空机场,0.0,"板块均值 0.97%, 个股涨幅 0.00%",,,否,,
2026-09-03 02:07:36,600226,亨通股份,电力,-2.01,"板块均值 0.72%, 个股涨幅 -2.01%",,,否,,
2026-09-03 02:07:36,600227,赤天化,农化制品,-0.61,"板块均值 -0.02%, 个股涨幅 -0.61%",,,否,,
2026-09-03 02:07:36,600132,重庆啤酒,非白酒,1.61,均线未呈多头排列,,,否,,
2026-09-03 02:07:36,600028,中国石化,炼化及贸易,1.1,近20日无涨停,,,否,,
2026-09-03 02:07:36,600153,建发股份,物流,1.6,均线未呈多头排列,,,否,,
2026-09-03 02:07:36,600236,桂冠电力,电力,0.29,"板块均值 0.72%, 个股涨幅 0.29%",,,否,,
2026-09-03 02:07:36,600238,ST椰岛,非白酒,-0.85,ST股,,,否,,
2026-09-03 02:07:36,600241,时代万恒,电池,-0.78,"板块均值 0.08%, 个股涨幅 -0.78%",,,否,,
2026-09-03 02:07:36,600250,南京商旅,旅游及景区,-0.5,"板块均值 0.80%, 个股涨幅 -0.50%",,,否,,
2026-09-03 02:07:36,600037,歌华有线,电视广播Ⅱ,0.57,周线未呈多头排列,,,否,,
2026-09-03 02:07:36,600036,招商银行,股份制银行Ⅱ,0.91,近20日无涨停,,,否,,
2026-09-03 02:07:36,600059,古越龙山,非白酒,1.8,周线未呈多头排列,,,否,,
2026-09-03 02:07:36,600269,赣粤高速,铁路公路,0.78,"板块均值 0.98%, 个股涨幅 0.78%",,,否,,
2026-09-03 02:07:36,600279,重庆港,航运港口,0.92,"板块均值 2.04%, 个股涨幅 0.92%",,,否,,
2026-09-03 02:07:36,600057,厦门象屿,物流,2.04,周线未呈多头排列,,,否,,
2026-09-03 02:07:36,600292,电投水电,电力,-0.33,"板块均值 0.72%, 个股涨幅 -0.33%",,,否,,
2026-09-03 02:07:36,600075,新疆天业,化学原料,2.9,周线未呈多头排列,,,否,,
2026-09-03 02:07:36,600060,海信视像,黑色家电,2.65,近20日无涨停,,,否,,
2026-09-03 02:07:36,600088,中视传媒,影视院线,4.84,周线未呈多头排列,,,否,,
2026-09-03 02:07:36,600163,中闽能源,电力,1.36,均线未呈多头排列,,,否,,
2026-09-03 02:07:36,600318,新力金融,多元金融,0.14,"板块均值 0.99%, 个股涨幅 0.14%",,,否,,
2026-09-03 02:07:36,600319,亚星化学,化学原料,0.15,"板块均值 0.26%, 个股涨幅 0.15%",,,否,,
2026-09-03 02:07:36,600326,西藏天路,水泥,-1.57,"板块均值 0.05%, 个股涨幅 -1.57%",,,否,,
2026-09-03 02:07:36,600167,联美控股,电力,0.87,均线未呈多头排列,,,否,,
2026-09-03 02:07:36,600096,云天化,农化制品,1.46,周线未呈多头排列,,,否,,
2026-09-03 02:07:36,600182,S佳通,汽车零部件,0.31,均线未呈多头排列,,,否,,
2026-09-03 02:07:36,600335,国机汽车,汽车服务,0.19,"板块均值 0.60%, 个股涨幅 0.19%",,,否,,
2026-09-03 02:07:36,600121,郑州煤电,煤炭开采,6.42,周线未呈多头排列,,,否,,
2026-09-03 02:07:36,600219,南山铝业,工业金属,1.84,均线未呈多头排列,,,否,,
2026-09-03 02:07:36,600233,圆通速递,物流,0.72,均线未呈多头排列,,,否,,
2026-09-03 02:07:36,600150,中国船舶,航海装备Ⅱ,2.8,周线未呈多头排列,,,否,,
2026-09-03 02:07:36,600350,山东高速,铁路公路,0.2,"板块均值 0.98%, 个股涨幅 0.20%",,,否,,
2026-09-03 02:07:36,600361,创新新材,工业金属,0.55,"板块均值 1.07%, 个股涨幅 0.55%",,,否,,
2026-09-03 02:07:36,600258,首旅酒店,酒店餐饮,1.53,均线未呈多头排列,,,否,,
2026-09-03 02:07:36,600268,国电南自,电网设备,0.67,均线未呈多头排列,,,否,,
2026-09-03 02:07:36,600368,五洲交通,铁路公路,-0.69,"板块均值 0.98%, 个股涨幅 -0.69%",,,否,,
2026-09-03 02:07:36,600369,西南证券,证券Ⅱ,0.98,"板块均值 1.65%, 个股涨幅 0.98%",,,否,,
2026-09-03 02:07:36,600373,中文传媒,出版,1.37,"板块均值 1.45%, 个股涨幅 1.37%",,,否,,
2026-09-03 02:07:36,600377,宁沪高速,铁路公路,0.4,"板块均值 0.98%, 个股涨幅 0.40%",,,否,,
2026-09-03 02:07:36,600379,宝光股份,电网设备,-4.76,"板块均值 0.13%, 个股涨幅 -4.76%",,,否,,
2026-09-03 02:07:36,600382,广东明珠,冶钢原料,-0.16,"板块均值 0.49%, 个股涨幅 -0.16%",,,否,,
2026-09-03 02:07:36,600386,北巴传媒,汽车服务,0.56,"板块均值 0.60%, 个股涨幅 0.56%",,,否,,
2026-09-03 02:07:36,600288,大恒科技,软件开发,2.85,均线未呈多头排列,,,否,,
2026-09-03 02:07:36,600390,五矿资本,多元金融,0.6,"板块均值 0.99%, 个股涨幅 0.60%",,,否,,
2026-09-03 02:07:36,600300,维维股份,饮料乳品,0.0,均线未向上倾斜,,,否,,
2026-09-03 02:07:36,600310,广西能源,电力,1.59,均线未呈多头排列,,,否,,
2026-09-03 02:07:36,600403,大有能源,煤炭开采,0.28,"板块均值 1.65%, 个股涨幅 0.28%",,,否,,
2026-09-03 02:07:36,600312,平高电气,电网设备,0.98,均线未呈多头排列,,,否,,
2026-09-03 02:07:36,600408,安泰集团,焦炭Ⅱ,0.65,"板块均值 1.10%, 个股涨幅 0.65%",,,否,,
2026-09-03 02:07:36,600331,宏达股份,农化制品,0.78,均线未呈多头排列,,,否,,
2026-09-03 02:07:36,600416,湘电股份,电机Ⅱ,0.81,"板块均值 1.62%, 个股涨幅 0.81%",,,否,,
2026-09-03 02:07:36,600419,天润乳业,饮料乳品,-0.68,"板块均值 -0.38%, 个股涨幅 -0.68%",,,否,,
2026-09-03 02:07:36,600423,*ST柳化,化学原料,-0.68,ST股,,,否,,
2026-09-03 02:07:36,600188,兖矿能源,煤炭开采,1.73,周线未呈多头排列,,,否,,
2026-09-03 02:07:36,600189,泉阳泉,饮料乳品,0.26,周线未呈多头排列,,,否,,
2026-09-03 02:07:36,600228,返利科技,数字媒体,7.38,近20日无涨停,,,否,,
2026-09-03 02:07:36,600429,三元股份,饮料乳品,-0.43,"板块均值 -0.38%, 个股涨幅 -0.43%",,,否,,
2026-09-03 02:07:36,600229,城市传媒,出版,2.23,周线未呈多头排列,,,否,,
2026-09-03 02:07:36,600452,涪陵电力,电力,0.33,"板块均值 0.72%, 个股涨幅 0.33%",,,否,,
2026-09-03 02:07:36,600455,博通股份,软件开发,0.56,"板块均值 0.57%, 个股涨幅 0.56%",,,否,,
2026-09-03 02:07:36,600348,华阳股份,煤炭开采,2.03,均线未向上倾斜,,,否,,
2026-09-03 02:07:36,600256,广汇能源,炼化及贸易,1.51,周线未呈多头排列,,,否,,
2026-09-03 02:07:36,600389,江山股份,农化制品,1.14,均线未呈多头排列,,,否,,
2026-09-03 02:07:36,600475,华光环能,电力,0.66,"板块均值 0.72%, 个股涨幅 0.66%",,,否,,
2026-09-03 02:07:36,600295,鄂尔多斯,冶钢原料,1.01,周线未呈多头排列,,,否,,
2026-09-03 02:07:36,600480,凌云股份,汽车零部件,0.12,"板块均值 0.15%, 个股涨幅 0.12%",,,否,,
2026-09-03 02:07:36,600396,华电辽能,电力,1.27,均线未呈多头排列,,,否,,
2026-09-03 02:07:36,600406,国电南瑞,电网设备,0.18,均线未呈多头排列,,,否,,
2026-09-03 02:07:36,600328,中盐化工,化学原料,0.64,周线未呈多头排列,,,否,,
2026-09-03 02:07:36,600490,鹏欣资源,工业金属,1.05,"板块均值 1.07%, 个股涨幅 1.05%",,,否,,
2026-09-03 02:07:36,600495,晋西车轴,轨交设备Ⅱ,0.24,"板块均值 0.62%, 个股涨幅 0.24%",,,否,,
2026-09-03 02:07:36,600497,驰宏锌锗,工业金属,-0.39,"板块均值 1.07%, 个股涨幅 -0.39%",,,否,,
2026-09-03 02:07:36,600333,长春燃气,燃气Ⅱ,0.44,近20日无涨停,,,否,,
2026-09-03 02:07:36,600506,统一股份,炼化及贸易,0.62,"板块均值 0.69%, 个股涨幅 0.62%",,,否,,
2026-09-03 02:07:36,600508,上海能源,煤炭开采,0.27,"板块均值 1.65%, 个股涨幅 0.27%",,,否,,
2026-09-03 02:07:36,600509,天富能源,电力,0.27,"板块均值 0.72%, 个股涨幅 0.27%",,,否,,
2026-09-03 02:07:36,600516,方大炭素,冶钢原料,-0.38,"板块均值 0.49%, 个股涨幅 -0.38%",,,否,,
2026-09-03 02:07:36,600517,国网英大,多元金融,-0.2,"板块均值 0.99%, 个股涨幅 -0.20%",,,否,,
2026-09-03 02:07:36,600523,贵航股份,汽车零部件,-0.81,"板块均值 0.15%, 个股涨幅 -0.81%",,,否,,
2026-09-03 02:07:36,600336,澳柯玛,白色家电,4.49,周线未呈多头排列,,,否,,
2026-09-03 02:07:36,600528,中铁工业,轨交设备Ⅱ,0.14,"板块均值 0.62%, 个股涨幅 0.14%",,,否,,
2026-09-03 02:07:36,600426,华鲁恒升,农化制品,1.4,均线未呈多头排列,,,否,,
2026-09-03 02:07:36,600543,*ST莫高,非白酒,-0.23,ST股,,,否,,
2026-09-03 02:07:36,600428,中远海特,航运港口,3.22,均线未呈多头排列,,,否,,
2026-09-03 02:07:36,600547,山东黄金,贵金属,0.45,"板块均值 1.91%, 个股涨幅 0.45%",,,否,,
2026-09-03 02:07:36,600548,深高速,铁路公路,0.61,"板块均值 0.98%, 个股涨幅 0.61%",,,否,,
2026-09-03 02:07:36,600338,西藏珠峰,工业金属,2.48,周线未呈多头排列,,,否,,
2026-09-03 02:07:36,600551,时代出版,出版,-1.39,"板块均值 1.45%, 个股涨幅 -1.39%",,,否,,
2026-09-03 02:07:36,600561,江西长运,铁路公路,-0.16,"板块均值 0.98%, 个股涨幅 -0.16%",,,否,,
2026-09-03 02:07:36,600346,恒力石化,炼化及贸易,1.47,周线未呈多头排列,,,否,,
2026-09-03 02:07:36,600573,惠泉啤酒,非白酒,0.3,"板块均值 0.77%, 个股涨幅 0.30%",,,否,,
2026-09-03 02:07:36,600449,宁夏建材,水泥,0.08,均线未呈多头排列,,,否,,
2026-09-03 02:07:36,600576,祥源文旅,旅游及景区,0.17,"板块均值 0.80%, 个股涨幅 0.17%",,,否,,
2026-09-03 02:07:36,600577,精达股份,电网设备,-1.21,"板块均值 0.13%, 个股涨幅 -1.21%",,,否,,
2026-09-03 02:07:36,600578,京能电力,电力,0.18,"板块均值 0.72%, 个股涨幅 0.18%",,,否,,
2026-09-03 02:07:36,600469,风神股份,汽车零部件,0.57,均线未呈多头排列,,,否,,
2026-09-03 02:07:36,600362,江西铜业,工业金属,1.33,周线未呈多头排列,,,否,,
2026-09-03 02:07:36,600367,红星发展,化学原料,1.09,周线未呈多头排列,,,否,,
2026-09-03 02:07:36,600593,大连圣亚,旅游及景区,0.53,"板块均值 0.80%, 个股涨幅 0.53%",,,否,,
2026-09-03 02:07:36,600478,科力远,电池,0.62,均线未呈多头排列,,,否,,
2026-09-03 02:07:36,600395,盘江股份,煤炭开采,1.85,周线未呈多头排列,,,否,,
2026-09-03 02:07:36,600483,福能股份,电力,1.08,均线未向上倾斜,,,否,,
2026-09-03 02:07:36,600489,中金黄金,贵金属,3.64,均线未呈多头排列,,,否,,
2026-09-03 02:07:36,600602,云赛智联,软件开发,-0.16,"板块均值 0.57%, 个股涨幅 -0.16%",,,否,,
2026-09-03 02:07:36,600409,三友化工,化学原料,0.57,周线未呈多头排列,,,否,,
2026-09-03 02:07:36,600505,西昌电力,电力,0.75,均线未呈多头排列,,,否,,
2026-09-03 02:07:36,600425,青松建化,水泥,0.27,周线未呈多头排列,,,否,,
2026-09-03 02:07:36,600525,长园集团,电网设备,0.39,均线未呈多头排列,,,否,,
2026-09-03 02:07:36,600615,鑫源智造,工业金属,0.1,"板块均值 1.07%, 个股涨幅 0.10%",,,否,,
2026-09-03 02:07:36,600616,金枫酒业,非白酒,0.68,"板块均值 0.77%, 个股涨幅 0.68%",,,否,,
2026-09-03 02:07:36,600617,国新能源,燃气Ⅱ,-0.29,"板块均值 0.35%, 个股涨幅 -0.29%",,,否,,
2026-09-03 02:07:36,600531,豫光金铅,工业金属,1.21,均线未呈多头排列,,,否,,
2026-09-03 02:07:36,600619,海立股份,家电零部件Ⅱ,-0.51,"板块均值 -0.09%, 个股涨幅 -0.51%",,,否,,
2026-09-03 02:07:36,600550,保变电气,电网设备,0.46,均线未呈多头排列,,,否,,
2026-09-03 02:07:36,600570,恒生电子,软件开发,1.2,均线未呈多头排列,,,否,,
2026-09-03 02:07:36,600575,淮河能源,电力,1.53,均线未呈多头排列,,,否,,
2026-09-03 02:07:36,600633,浙数文化,游戏Ⅱ,1.05,"板块均值 1.92%, 个股涨幅 1.05%",,,否,,
2026-09-03 02:07:36,600580,卧龙电驱,电机Ⅱ,1.67,均线未呈多头排列,,,否,,
2026-09-03 02:07:36,600468,百利电气,电网设备,0.48,周线未呈多头排列,,,否,,
2026-09-03 02:07:36,600640,国脉文化,数字媒体,0.8,"板块均值 1.52%, 个股涨幅 0.80%",,,否,,
2026-09-03 02:07:36,600585,海螺水泥,水泥,0.8,均线未向上倾斜,,,否,,
2026-09-03 02:07:36,600643,爱建集团,多元金融,0.0,"板块均值 0.99%, 个股涨幅 0.00%",,,否,,
2026-09-03 02:07:36,600644,乐山电力,电力,0.44,"板块均值 0.72%, 个股涨幅 0.44%",,,否,,
2026-09-03 02:07:36,600588,用友网络,软件开发,0.99,均线未呈多头排列,,,否,,
2026-09-03 02:07:36,600651,飞乐音响,汽车零部件,0.0,"板块均值 0.15%, 个股涨幅 0.00%",,,否,,
2026-09-03 02:07:36,600653,申华控股,汽车服务,0.0,"板块均值 0.60%, 个股涨幅 0.00%",,,否,,
2026-09-03 02:07:36,600654,中安科,软件开发,-0.9,"板块均值 0.57%, 个股涨幅 -0.90%",,,否,,
2026-09-03 02:07:36,600470,六国化工,农化制品,0.98,周线未呈多头排列,,,否,,
2026-09-03 02:07:36,600668,尖峰集团,水泥,-0.66,"板块均值 0.05%, 个股涨幅 -0.66%",,,否,,
2026-09-03 02:07:36,600674,川投能源,电力,-0.12,"板块均值 0.72%, 个股涨幅 -0.12%",,,否,,
2026-09-03 02:07:36,600595,中孚实业,工业金属,3.83,均线未呈多头排列,,,否,,
2026-09-03 02:07:36,600678,ST金顶,水泥,-1.16,ST股,,,否,,
2026-09-03 02:07:36,600681,百川能源,燃气Ⅱ,-0.28,"板块均值 0.35%, 个股涨幅 -0.28%",,,否,,
2026-09-03 02:07:36,600596,新安股份,农化制品,0.83,均线未呈多头排列,,,否,,
2026-09-03 02:07:36,600688,上海石化,炼化及贸易,0.35,"板块均值 0.69%, 个股涨幅 0.35%",,,否,,
2026-09-03 02:07:36,600600,青岛啤酒,非白酒,1.01,均线未呈多头排列,,,否,,
2026-09-03 02:07:36,600691,潞化科技,农化制品,-1.6,"板块均值 -0.02%, 个股涨幅 -1.60%",,,否,,
2026-09-03 02:07:36,600698,湖南天雁,汽车零部件,-6.51,"板块均值 0.15%, 个股涨幅 -6.51%",,,否,,
2026-09-03 02:07:36,600486,扬农化工,农化制品,2.21,周线未呈多头排列,,,否,,
2026-09-03 02:07:36,600611,大众交通,铁路公路,10.04,均线未呈多头排列,,,否,,
2026-09-03 02:07:36,600706,曲江文旅,旅游及景区,0.8,"板块均值 0.80%, 个股涨幅 0.80%",,,否,,
2026-09-03 02:07:36,600621,华鑫股份,证券Ⅱ,1.72,均线未向上倾斜,,,否,,
2026-09-03 02:07:36,600546,山煤国际,煤炭开采,2.19,周线未呈多头排列,,,否,,
2026-09-03 02:07:36,600715,文投控股,游戏Ⅱ,0.58,"板块均值 1.92%, 个股涨幅 0.58%",,,否,,
2026-09-03 02:07:36,600717,天津港,航运港口,0.69,"板块均值 2.04%, 个股涨幅 0.69%",,,否,,
2026-09-03 02:07:36,600635,大众公用,燃气Ⅱ,0.64,均线未呈多头排列,,,否,,
2026-09-03 02:07:36,600722,金牛化工,化学原料,-1.87,"板块均值 0.26%, 个股涨幅 -1.87%",,,否,,
2026-09-03 02:07:36,600725,云维股份,焦炭Ⅱ,0.0,"板块均值 1.10%, 个股涨幅 0.00%",,,否,,
2026-09-03 02:07:36,600642,申能股份,电力,0.93,均线未向上倾斜,,,否,,
2026-09-03 02:07:36,600727,鲁北化工,化学原料,-1.14,"板块均值 0.26%, 个股涨幅 -1.14%",,,否,,
2026-09-03 02:07:36,600660,福耀玻璃,汽车零部件,0.87,均线未向上倾斜,,,否,,
2026-09-03 02:07:36,600733,北汽蓝谷,乘用车,0.4,"板块均值 0.51%, 个股涨幅 0.40%",,,否,,
2026-09-03 02:07:36,600676,久事动娱,汽车服务,2.83,均线未呈多头排列,,,否,,
2026-09-03 02:07:36,600685,中船防务,航海装备Ⅱ,1.34,均线未呈多头排列,,,否,,
2026-09-03 02:07:36,600742,富维股份,汽车零部件,0.0,"板块均值 0.15%, 个股涨幅 0.00%",,,否,,
2026-09-03 02:07:36,600597,光明乳业,饮料乳品,0.14,周线未呈多头排列,,,否,,
2026-09-03 02:07:36,600746,江苏索普,化学原料,-0.14,"板块均值 0.26%, 个股涨幅 -0.14%",,,否,,
2026-09-03 02:07:36,600699,均胜电子,汽车零部件,0.26,均线未呈多头排列,,,否,,
2026-09-03 02:07:36,600751,海航科技,航运港口,0.96,"板块均值 2.04%, 个股涨幅 0.96%",,,否,,
2026-09-03 02:07:36,600753,ST海钦,物流,4.14,ST股,,,否,,
2026-09-03 02:07:36,600704,物产中大,物流,0.41,均线未向上倾斜,,,否,,
2026-09-03 02:07:36,600603,广汇物流,物流,0.41,周线未呈多头排列,,,否,,
2026-09-03 02:07:36,600757,长江传媒,出版,1.1,"板块均值 1.45%, 个股涨幅 1.10%",,,否,,
2026-09-03 02:07:36,600758,辽宁能源,煤炭开采,1.08,"板块均值 1.65%, 个股涨幅 1.08%",,,否,,
2026-09-03 02:07:36,600609,金杯汽车,汽车零部件,0.3,周线未呈多头排列,,,否,,
2026-09-03 02:07:36,600764,中国海防,航海装备Ⅱ,0.05,"板块均值 0.91%, 个股涨幅 0.05%",,,否,,
2026-09-03 02:07:36,600768,富邦新材,工业金属,-0.65,"板块均值 1.07%, 个股涨幅 -0.65%",,,否,,
2026-09-03 02:07:36,600780,通宝能源,电力,0.16,"板块均值 0.72%, 个股涨幅 0.16%",,,否,,
2026-09-03 02:07:36,600784,鲁银投资,化学原料,-1.24,"板块均值 0.26%, 个股涨幅 -1.24%",,,否,,
2026-09-03 02:07:36,600610,中毅达,化学原料,9.96,周线未呈多头排列,,,否,,
2026-09-03 02:07:36,600792,云煤能源,焦炭Ⅱ,-1.63,"板块均值 1.10%, 个股涨幅 -1.63%",,,否,,
2026-09-03 02:07:36,600794,保税科技,物流,-0.3,"板块均值 0.16%, 个股涨幅 -0.30%",,,否,,
2026-09-03 02:07:36,600711,盛屯矿业,工业金属,1.83,均线未呈多头排列,,,否,,
2026-09-03 02:07:36,600618,氯碱化工,化学原料,1.15,周线未呈多头排列,,,否,,
2026-09-03 02:07:36,600800,渤海化学,炼化及贸易,-0.29,"板块均值 0.69%, 个股涨幅 -0.29%",,,否,,
2026-09-03 02:07:36,600719,大连热电,电力,1.09,均线未呈多头排列,,,否,,
2026-09-03 02:07:36,600802,福建水泥,水泥,-0.41,"板块均值 0.05%, 个股涨幅 -0.41%",,,否,,
2026-09-03 02:07:36,600623,华谊集团,化学原料,1.39,周线未呈多头排列,,,否,,
2026-09-03 02:07:36,600815,厦工股份,工程机械,0.0,"板块均值 0.35%, 个股涨幅 0.00%",,,否,,
2026-09-03 02:07:36,600816,建元信托,多元金融,0.4,"板块均值 0.99%, 个股涨幅 0.40%",,,否,,
2026-09-03 02:07:36,600626,申达股份,汽车零部件,0.28,周线未呈多头排列,,,否,,
2026-09-03 02:07:36,600822,上海物贸,汽车服务,-0.23,"板块均值 0.60%, 个股涨幅 -0.23%",,,否,,
2026-09-03 02:07:36,600726,华电能源,电力,0.74,均线未呈多头排列,,,否,,
2026-09-03 02:07:36,600637,东方明珠,电视广播Ⅱ,0.59,周线未呈多头排列,,,否,,
2026-09-03 02:07:36,600831,广电网络,电视广播Ⅱ,-1.15,"板块均值 0.56%, 个股涨幅 -1.15%",,,否,,
2026-09-03 02:07:36,600731,湖南海利,农化制品,0.0,均线未向上倾斜,,,否,,
2026-09-03 02:07:36,600650,锦江在线,铁路公路,4.36,周线未呈多头排列,,,否,,
2026-09-03 02:07:36,600741,华域汽车,汽车零部件,0.64,均线未呈多头排列,,,否,,
2026-09-03 02:07:36,600844,金煤科技,化学原料,0.26,"板块均值 0.26%, 个股涨幅 0.26%",,,否,,
2026-09-03 02:07:36,600847,万里股份,电池,-1.97,"板块均值 0.08%, 个股涨幅 -1.97%",,,否,,
2026-09-03 02:07:36,600854,春兰股份,白色家电,-0.63,"板块均值 1.05%, 个股涨幅 -0.63%",,,否,,
2026-09-03 02:07:36,600744,华银电力,电力,0.8,均线未呈多头排列,,,否,,
2026-09-03 02:07:36,600864,哈投股份,证券Ⅱ,0.87,"板块均值 1.65%, 个股涨幅 0.87%",,,否,,
2026-09-03 02:07:36,600868,梅雁吉祥,电力,-0.35,"板块均值 0.72%, 个股涨幅 -0.35%",,,否,,
2026-09-03 02:07:36,600690,海尔智家,白色家电,1.5,近20日无涨停,,,否,,
2026-09-03 02:07:36,600754,锦江酒店,酒店餐饮,2.09,均线未呈多头排列,,,否,,
2026-09-03 02:07:36,600884,杉杉股份,电池,0.0,"板块均值 0.08%, 个股涨幅 0.00%",,,否,,
2026-09-03 02:07:36,600755,厦门国贸,物流,1.77,均线未呈多头排列,,,否,,
2026-09-03 02:07:36,600886,国投电力,电力,0.35,"板块均值 0.72%, 个股涨幅 0.35%",,,否,,
2026-09-03 02:07:36,600761,安徽合力,工程机械,0.67,均线未呈多头排列,,,否,,
2026-09-03 02:07:36,600888,新疆众和,工业金属,0.1,"板块均值 1.07%, 个股涨幅 0.10%",,,否,,
2026-09-03 02:07:36,600787,中储股份,物流,0.22,均线未向上倾斜,,,否,,
2026-09-03 02:07:36,600897,厦门空港,航空机场,0.46,"板块均值 0.97%, 个股涨幅 0.46%",,,否,,
2026-09-03 02:07:36,600900,长江电力,电力,0.07,"板块均值 0.72%, 个股涨幅 0.07%",,,否,,
2026-09-03 02:07:36,600801,华新建材,水泥,1.8,均线未向上倾斜,,,否,,
2026-09-03 02:07:36,600903,贵州燃气,燃气Ⅱ,-3.11,"板块均值 0.35%, 个股涨幅 -3.11%",,,否,,
2026-09-03 02:07:36,600905,三峡能源,电力,0.27,"板块均值 0.72%, 个股涨幅 0.27%",,,否,,
2026-09-03 02:07:36,600906,财达证券,证券Ⅱ,1.2,"板块均值 1.65%, 个股涨幅 1.20%",,,否,,
2026-09-03 02:07:36,600714,金瑞矿业,化学原料,7.75,周线未呈多头排列,,,否,,
2026-09-03 02:07:36,600821,金开新能,电力,0.82,均线未呈多头排列,,,否,,
2026-09-03 02:07:36,600917,重庆燃气,燃气Ⅱ,-0.8,"板块均值 0.35%, 个股涨幅 -0.80%",,,否,,
2026-09-03 02:07:36,600918,中泰证券,证券Ⅱ,1.42,"板块均值 1.65%, 个股涨幅 1.42%",,,否,,
2026-09-03 02:07:36,600839,四川长虹,黑色家电,0.57,均线未呈多头排列,,,否,,
2026-09-03 02:07:36,600925,苏能股份,煤炭开采,1.18,"板块均值 1.65%, 个股涨幅 1.18%",,,否,,
2026-09-03 02:07:36,600841,动力新科,汽车零部件,0.34,均线未呈多头排列,,,否,,
2026-09-03 02:07:36,600740,山西焦化,焦炭Ⅱ,2.58,周线未呈多头排列,,,否,,
2026-09-03 02:07:36,600863,华能蒙电,电力,1.5,均线未呈多头排列,,,否,,
2026-09-03 02:07:36,600929,雪天盐业,化学原料,0.0,"板块均值 0.26%, 个股涨幅 0.00%",,,否,,
2026-09-03 02:07:36,600930,华电新能,电力,0.26,"板块均值 0.72%, 个股涨幅 0.26%",,,否,,
2026-09-03 02:07:36,600882,妙可蓝多,饮料乳品,0.44,均线未呈多头排列,,,否,,
2026-09-03 02:07:36,600935,华塑股份,化学原料,-0.43,"板块均值 0.26%, 个股涨幅 -0.43%",,,否,,
2026-09-03 02:07:36,600936,北投科技,电视广播Ⅱ,-0.38,"板块均值 0.56%, 个股涨幅 -0.38%",,,否,,
2026-09-03 02:07:36,600749,西藏旅游,旅游及景区,5.04,周线未呈多头排列,,,否,,
2026-09-03 02:07:36,600956,新天绿能,电力,0.56,"板块均值 0.72%, 个股涨幅 0.56%",,,否,,
2026-09-03 02:07:36,600958,东方证券,证券Ⅱ,1.2,"板块均值 1.65%, 个股涨幅 1.20%",,,否,,
2026-09-03 02:07:36,600885,宏发股份,电网设备,5.0,均线未呈多头排列,,,否,,
2026-09-03 02:07:36,600960,渤海汽车,汽车零部件,0.0,"板块均值 0.15%, 个股涨幅 0.00%",,,否,,
2026-09-03 02:07:36,600961,株冶集团,工业金属,0.34,"板块均值 1.07%, 个股涨幅 0.34%",,,否,,
2026-09-03 02:07:36,600887,伊利股份,饮料乳品,0.64,均线未向上倾斜,,,否,,
2026-09-03 02:07:36,600795,国电电力,电力,1.11,近20日无涨停,,,否,,
2026-09-03 02:07:36,600798,宁波海运,航运港口,2.14,周线未呈多头排列,,,否,,
2026-09-03 02:07:36,600977,中国电影,影视院线,1.13,"板块均值 3.29%, 个股涨幅 1.13%",,,否,,
2026-09-03 02:07:36,600979,广安爱众,电力,0.0,"板块均值 0.72%, 个股涨幅 0.00%",,,否,,
2026-09-03 02:07:36,600908,无锡银行,农商行Ⅱ,1.22,均线未向上倾斜,,,否,,
2026-09-03 02:07:36,600983,惠而浦,白色家电,0.39,"板块均值 1.05%, 个股涨幅 0.39%",,,否,,
2026-09-03 02:07:36,600909,华安证券,证券Ⅱ,2.38,均线未呈多头排列,,,否,,
2026-09-03 02:07:36,600803,新奥股份,燃气Ⅱ,0.42,周线未呈多头排列,,,否,,
2026-09-03 02:07:36,600988,赤峰黄金,贵金属,1.81,"板块均值 1.91%, 个股涨幅 1.81%",,,否,,
2026-09-03 02:07:36,600825,新华传媒,出版,1.52,周线未呈多头排列,,,否,,
2026-09-03 02:07:36,600995,南网储能,电力,0.0,"板块均值 0.72%, 个股涨幅 0.00%",,,否,,
2026-09-03 02:07:36,600996,贵广网络,电视广播Ⅱ,0.42,"板块均值 0.56%, 个股涨幅 0.42%",,,否,,
2026-09-03 02:07:36,600830,香溢融通,多元金融,10.05,周线未呈多头排列,,,否,,
2026-09-03 02:07:36,600999,招商证券,证券Ⅱ,1.59,"板块均值 1.65%, 个股涨幅 1.59%",,,否,,
2026-09-03 02:07:36,601000,唐山港,航运港口,0.86,"板块均值 2.04%, 个股涨幅 0.86%",,,否,,
2026-09-03 02:07:36,601001,晋控煤业,煤炭开采,0.61,"板块均值 1.65%, 个股涨幅 0.61%",,,否,,
2026-09-03 02:07:36,601006,大秦铁路,铁路公路,0.83,"板块均值 0.98%, 个股涨幅 0.83%",,,否,,
2026-09-03 02:07:36,601007,金陵饭店,酒店餐饮,0.0,"板块均值 0.78%, 个股涨幅 0.00%",,,否,,
2026-09-03 02:07:36,601008,连云港,航运港口,0.67,"板块均值 2.04%, 个股涨幅 0.67%",,,否,,
2026-09-03 02:07:36,600834,申通地铁,铁路公路,1.16,周线未呈多头排列,,,否,,
2026-09-03 02:07:36,601011,宝泰隆,焦炭Ⅱ,1.0,"板块均值 1.10%, 个股涨幅 1.00%",,,否,,
2026-09-03 02:07:36,600927,永安期货,多元金融,1.42,均线未呈多头排列,,,否,,
2026-09-03 02:07:36,601016,节能风电,电力,0.6,"板块均值 0.72%, 个股涨幅 0.60%",,,否,,
2026-09-03 02:07:36,601018,宁波港,航运港口,0.86,"板块均值 2.04%, 个股涨幅 0.86%",,,否,,
2026-09-03 02:07:36,601019,山东出版,出版,1.44,"板块均值 1.45%, 个股涨幅 1.44%",,,否,,
2026-09-03 02:07:36,600928,西安银行,城商行Ⅱ,1.12,均线未呈多头排列,,,否,,
2026-09-03 02:07:36,601021,春秋航空,航空机场,0.81,"板块均值 0.97%, 个股涨幅 0.81%",,,否,,
2026-09-03 02:07:36,601022,宁波远洋,航运港口,1.82,"板块均值 2.04%, 个股涨幅 1.82%",,,否,,
2026-09-03 02:07:36,600933,爱柯迪,汽车零部件,0.97,均线未呈多头排列,,,否,,
2026-09-03 02:07:36,601059,信达证券,证券Ⅱ,1.06,"板块均值 1.65%, 个股涨幅 1.06%",,,否,,
2026-09-03 02:07:36,601065,江盐集团,化学原料,0.14,"板块均值 0.26%, 个股涨幅 0.14%",,,否,,
2026-09-03 02:07:36,600869,远东股份,电网设备,4.0,周线未呈多头排列,,,否,,
2026-09-03 02:07:36,600901,江苏金租,多元金融,3.34,近20日无涨停,,,否,,
2026-09-03 02:07:36,600982,宁波能源,电力,0.82,均线未呈多头排列,,,否,,
2026-09-03 02:07:36,600984,建设机械,工程机械,0.54,均线未呈多头排列,,,否,,
2026-09-03 02:07:36,601088,中国神华,煤炭开采,0.58,"板块均值 1.65%, 个股涨幅 0.58%",,,否,,
2026-09-03 02:07:36,600985,淮北矿业,煤炭开采,2.29,均线未呈多头排列,,,否,,
2026-09-03 02:07:36,601099,太平洋,证券Ⅱ,1.4,"板块均值 1.65%, 个股涨幅 1.40%",,,否,,
2026-09-03 02:07:36,601100,恒立液压,工程机械,-0.41,"板块均值 0.35%, 个股涨幅 -0.41%",,,否,,
2026-09-03 02:07:36,601101,昊华能源,煤炭开采,0.72,"板块均值 1.65%, 个股涨幅 0.72%",,,否,,
2026-09-03 02:07:36,601107,四川成渝,铁路公路,0.0,"板块均值 0.98%, 个股涨幅 0.00%",,,否,,
2026-09-03 02:07:36,601108,财通证券,证券Ⅱ,1.5,"板块均值 1.65%, 个股涨幅 1.50%",,,否,,
2026-09-03 02:07:36,600919,江苏银行,城商行Ⅱ,0.98,近20日无涨停,,,否,,
2026-09-03 02:07:36,600997,开滦股份,煤炭开采,1.83,均线未向上倾斜,,,否,,
2026-09-03 02:07:36,601126,四方股份,电网设备,0.07,"板块均值 0.13%, 个股涨幅 0.07%",,,否,,
2026-09-03 02:07:36,600926,杭州银行,城商行Ⅱ,1.05,周线未呈多头排列,,,否,,
2026-09-03 02:07:36,601066,中信建投,证券Ⅱ,1.98,均线未呈多头排列,,,否,,
2026-09-03 02:07:36,601069,西部黄金,贵金属,2.42,均线未呈多头排列,,,否,,
2026-09-03 02:07:36,601139,深圳燃气,燃气Ⅱ,0.31,"板块均值 0.35%, 个股涨幅 0.31%",,,否,,
2026-09-03 02:07:36,600955,维远股份,化学原料,0.55,周线未呈多头排列,,,否,,
2026-09-03 02:07:36,601162,天风证券,证券Ⅱ,1.32,"板块均值 1.65%, 个股涨幅 1.32%",,,否,,
2026-09-03 02:07:36,600959,江苏有线,电视广播Ⅱ,0.96,周线未呈多头排列,,,否,,
2026-09-03 02:07:36,600969,郴电国际,电力,9.97,周线未呈多头排列,,,否,,
2026-09-03 02:07:36,600971,恒源煤电,煤炭开采,3.78,近20日无涨停,,,否,,
2026-09-03 02:07:36,601077,渝农商行,农商行Ⅱ,2.19,均线未呈多头排列,,,否,,
2026-09-03 02:07:36,600892,大晟文化,游戏Ⅱ,7.29,通过,2026-08-06,194.8,是,否,无法获取分时数据
2026-09-03 02:07:36,601187,厦门银行,城商行Ⅱ,0.95,"板块均值 0.96%, 个股涨幅 0.95%",,,否,,
2026-09-03 02:07:36,601188,龙江交通,铁路公路,0.68,"板块均值 0.98%, 个股涨幅 0.68%",,,否,,
2026-09-03 02:07:36,601198,东兴证券,证券Ⅱ,1.22,"板块均值 1.65%, 个股涨幅 1.22%",,,否,,
2026-09-03 02:07:36,601211,国泰海通,证券Ⅱ,1.36,"板块均值 1.65%, 个股涨幅 1.36%",,,否,,
2026-09-03 02:07:36,600973,宝胜股份,电网设备,0.33,周线未呈多头排列,,,否,,
2026-09-03 02:07:36,601216,君正集团,化学原料,0.0,"板块均值 0.26%, 个股涨幅 0.00%",,,否,,
2026-09-03 02:07:36,601083,锦江航运,航运港口,4.92,均线未向上倾斜,,,否,,
2026-09-03 02:07:36,601098,中南传媒,出版,1.92,均线未呈多头排列,,,否,,
2026-09-03 02:07:36,601228,广州港,航运港口,0.64,"板块均值 2.04%, 个股涨幅 0.64%",,,否,,
2026-09-03 02:07:36,601229,上海银行,城商行Ⅱ,0.73,"板块均值 0.96%, 个股涨幅 0.73%",,,否,,
2026-09-03 02:07:36,601111,中国国航,航空机场,1.05,均线未呈多头排列,,,否,,
2026-09-03 02:07:36,601236,红塔证券,证券Ⅱ,0.0,"板块均值 1.65%, 个股涨幅 0.00%",,,否,,
2026-09-03 02:07:36,600989,宝丰能源,化学原料,1.2,周线未呈多头排列,,,否,,
2026-09-03 02:07:36,601121,宝地矿业,冶钢原料,0.55,均线未向上倾斜,,,否,,
2026-09-03 02:07:36,601298,青岛港,航运港口,0.43,"板块均值 2.04%, 个股涨幅 0.43%",,,否,,
2026-09-03 02:07:36,601311,骆驼股份,电池,0.0,"板块均值 0.08%, 个股涨幅 0.00%",,,否,,
2026-09-03 02:07:36,601318,中国平安,保险Ⅱ,2.84,"板块均值 3.16%, 个股涨幅 2.84%",,,否,,
2026-09-03 02:07:36,601319,中国人保,保险Ⅱ,2.65,"板块均值 3.16%, 个股涨幅 2.65%",,,否,,
2026-09-03 02:07:36,601326,秦港股份,航运港口,0.56,"板块均值 2.04%, 个股涨幅 0.56%",,,否,,
2026-09-03 02:07:36,601127,赛力斯,乘用车,1.02,均线未呈多头排列,,,否,,
2026-09-03 02:07:36,601009,南京银行,城商行Ⅱ,1.09,近20日无涨停,,,否,,
2026-09-03 02:07:36,601360,三六零,软件开发,0.33,"板块均值 0.57%, 个股涨幅 0.33%",,,否,,
2026-09-03 02:07:36,601375,中原证券,证券Ⅱ,1.21,"板块均值 1.65%, 个股涨幅 1.21%",,,否,,
2026-09-03 02:07:36,601377,兴业证券,证券Ⅱ,1.02,"板块均值 1.65%, 个股涨幅 1.02%",,,否,,
2026-09-03 02:07:36,601015,陕西黑猫,焦炭Ⅱ,4.31,周线未呈多头排列,,,否,,
2026-09-03 02:07:36,601456,国联民生,证券Ⅱ,1.02,"板块均值 1.65%, 个股涨幅 1.02%",,,否,,
2026-09-03 02:07:36,601500,通用股份,汽车零部件,0.0,"板块均值 0.15%, 个股涨幅 0.00%",,,否,,
2026-09-03 02:07:36,601515,衢州东峰,包装印刷,-0.29,"板块均值 0.62%, 个股涨幅 -0.29%",,,否,,
2026-09-03 02:07:36,601518,吉林高速,铁路公路,0.7,"板块均值 0.98%, 个股涨幅 0.70%",,,否,,
2026-09-03 02:07:36,601128,常熟银行,农商行Ⅱ,1.26,均线未呈多头排列,,,否,,
2026-09-03 02:07:36,601528,瑞丰银行,农商行Ⅱ,0.97,"板块均值 1.10%, 个股涨幅 0.97%",,,否,,
2026-09-03 02:07:36,601555,东吴证券,证券Ⅱ,1.55,"板块均值 1.65%, 个股涨幅 1.55%",,,否,,
2026-09-03 02:07:36,601567,三星电气,电网设备,-1.07,"板块均值 0.13%, 个股涨幅 -1.07%",,,否,,
2026-09-03 02:07:36,601568,北元化工,化学原料,-0.26,"板块均值 0.26%, 个股涨幅 -0.26%",,,否,,
2026-09-03 02:07:36,601577,长沙银行,城商行Ⅱ,0.91,"板块均值 0.96%, 个股涨幅 0.91%",,,否,,
2026-09-03 02:07:36,601020,华钰矿业,工业金属,4.31,周线未呈多头排列,,,否,,
2026-09-03 02:07:36,601595,上海电影,影视院线,2.81,"板块均值 3.29%, 个股涨幅 2.81%",,,否,,
2026-09-03 02:07:36,601598,中国外运,物流,-0.46,"板块均值 0.16%, 个股涨幅 -0.46%",,,否,,
2026-09-03 02:07:36,601058,赛轮轮胎,汽车零部件,0.9,近20日无涨停,,,否,,
2026-09-03 02:07:36,601163,三角轮胎,汽车零部件,0.56,均线未呈多头排列,,,否,,
2026-09-03 02:07:36,601609,金田股份,工业金属,-0.37,"板块均值 1.07%, 个股涨幅 -0.37%",,,否,,
2026-09-03 02:07:36,601616,广电电气,电网设备,-0.26,"板块均值 0.13%, 个股涨幅 -0.26%",,,否,,
2026-09-03 02:07:36,601619,嘉泽新能,电力,0.25,"板块均值 0.72%, 个股涨幅 0.25%",,,否,,
2026-09-03 02:07:36,601166,兴业银行,股份制银行Ⅱ,0.89,均线未呈多头排列,,,否,,
2026-09-03 02:07:36,601168,西部矿业,工业金属,1.72,均线未呈多头排列,,,否,,
2026-09-03 02:07:36,601665,齐鲁银行,城商行Ⅱ,0.84,"板块均值 0.96%, 个股涨幅 0.84%",,,否,,
2026-09-03 02:07:36,601666,平煤股份,煤炭开采,1.49,"板块均值 1.65%, 个股涨幅 1.49%",,,否,,
2026-09-03 02:07:36,601179,中国西电,电网设备,0.32,均线未呈多头排列,,,否,,
2026-09-03 02:07:36,601212,白银有色,工业金属,3.6,均线未向上倾斜,,,否,,
2026-09-03 02:07:36,601688,华泰证券,证券Ⅱ,1.61,"板块均值 1.65%, 个股涨幅 1.61%",,,否,,
2026-09-03 02:07:36,601238,广汽集团,乘用车,0.59,均线未呈多头排列,,,否,,
2026-09-03 02:07:36,601333,广深铁路,铁路公路,1.61,均线未向上倾斜,,,否,,
2026-09-03 02:07:36,601699,潞安环能,煤炭开采,1.14,"板块均值 1.65%, 个股涨幅 1.14%",,,否,,
2026-09-03 02:07:36,601700,风范股份,电网设备,-1.21,"板块均值 0.13%, 个股涨幅 -1.21%",,,否,,
2026-09-03 02:07:36,601336,新华保险,保险Ⅱ,3.32,均线未向上倾斜,,,否,,
2026-09-03 02:07:36,601388,怡球资源,工业金属,1.16,均线未向上倾斜,,,否,,
2026-09-03 02:07:36,601778,晶科科技,电力,-0.27,"板块均值 0.72%, 个股涨幅 -0.27%",,,否,,
2026-09-03 02:07:36,601788,光大证券,证券Ⅱ,1.17,"板块均值 1.65%, 个股涨幅 1.17%",,,否,,
2026-09-03 02:07:36,601799,星宇股份,汽车零部件,-2.3,"板块均值 0.15%, 个股涨幅 -2.30%",,,否,,
2026-09-03 02:07:36,601801,皖新传媒,出版,1.35,"板块均值 1.45%, 个股涨幅 1.35%",,,否,,
2026-09-03 02:07:36,601601,中国太保,保险Ⅱ,3.75,均线未向上倾斜,,,否,,
2026-09-03 02:07:36,601816,京沪高铁,铁路公路,0.41,"板块均值 0.98%, 个股涨幅 0.41%",,,否,,
2026-09-03 02:07:36,601818,光大银行,股份制银行Ⅱ,0.33,"板块均值 0.89%, 个股涨幅 0.33%",,,否,,
2026-09-03 02:07:36,601825,沪农商行,农商行Ⅱ,0.33,"板块均值 1.10%, 个股涨幅 0.33%",,,否,,
2026-09-03 02:07:36,601838,成都银行,城商行Ⅱ,0.77,"板块均值 0.96%, 个股涨幅 0.77%",,,否,,
2026-09-03 02:07:36,601857,中国石油,炼化及贸易,0.53,"板块均值 0.69%, 个股涨幅 0.53%",,,否,,
2026-09-03 02:07:36,601858,中国科传,出版,0.75,"板块均值 1.45%, 个股涨幅 0.75%",,,否,,
2026-09-03 02:07:36,601136,首创证券,证券Ⅱ,2.25,周线未呈多头排列,,,否,,
2026-09-03 02:07:36,601866,中远海发,航运港口,1.67,"板块均值 2.04%, 个股涨幅 1.67%",,,否,,
2026-09-03 02:07:36,601156,东航物流,物流,1.44,近20日无涨停,,,否,,
2026-09-03 02:07:36,601628,中国人寿,保险Ⅱ,3.25,均线未向上倾斜,,,否,,
2026-09-03 02:07:36,601878,浙商证券,证券Ⅱ,1.28,"板块均值 1.65%, 个股涨幅 1.28%",,,否,,
2026-09-03 02:07:36,601880,辽港股份,航运港口,0.69,"板块均值 2.04%, 个股涨幅 0.69%",,,否,,
2026-09-03 02:07:36,601881,中国银河,证券Ⅱ,1.14,"板块均值 1.65%, 个股涨幅 1.14%",,,否,,
2026-09-03 02:07:36,601890,亚星锚链,航海装备Ⅱ,-0.11,"板块均值 0.91%, 个股涨幅 -0.11%",,,否,,
2026-09-03 02:07:36,601633,长城汽车,乘用车,0.53,均线未呈多头排列,,,否,,
2026-09-03 02:07:36,601677,明泰铝业,工业金属,1.25,均线未呈多头排列,,,否,,
2026-09-03 02:07:36,601169,北京银行,城商行Ⅱ,1.62,近20日无涨停,,,否,,
2026-09-03 02:07:36,601901,方正证券,证券Ⅱ,1.02,"板块均值 1.65%, 个股涨幅 1.02%",,,否,,
2026-09-03 02:07:36,601908,京运通,电力,0.33,"板块均值 0.72%, 个股涨幅 0.33%",,,否,,
2026-09-03 02:07:36,601916,浙商银行,股份制银行Ⅱ,0.67,"板块均值 0.89%, 个股涨幅 0.67%",,,否,,
2026-09-03 02:07:36,601678,滨化股份,化学原料,0.65,均线未呈多头排列,,,否,,
2026-09-03 02:07:36,601919,中远海控,航运港口,1.22,"板块均值 2.04%, 个股涨幅 1.22%",,,否,,
2026-09-03 02:07:36,601921,浙版传媒,出版,1.08,"板块均值 1.45%, 个股涨幅 1.08%",,,否,,
2026-09-03 02:07:36,601689,拓普集团,汽车零部件,3.1,均线未呈多头排列,,,否,,
2026-09-03 02:07:36,601222,林洋能源,电网设备,0.5,周线未呈多头排列,,,否,,
2026-09-03 02:07:36,601225,陕西煤业,煤炭开采,1.65,近20日无涨停,,,否,,
2026-09-03 02:07:36,601233,桐昆股份,炼化及贸易,1.45,超额收益 1.49%,2026-08-27,,否,,
2026-09-03 02:07:36,601279,英利汽车,汽车零部件,0.29,周线未呈多头排列,,,否,,
2026-09-03 02:07:36,601965,中国汽研,汽车服务,0.35,"板块均值 0.60%, 个股涨幅 0.35%",,,否,,
2026-09-03 02:07:36,601702,华峰铝业,工业金属,1.6,均线未呈多头排列,,,否,,
2026-09-03 02:07:36,601968,宝钢包装,包装印刷,0.21,"板块均值 0.62%, 个股涨幅 0.21%",,,否,,
2026-09-03 02:07:36,601811,新华文轩,出版,1.75,均线未呈多头排列,,,否,,
2026-09-03 02:07:36,601519,大智慧,软件开发,2.16,周线未呈多头排列,,,否,,
2026-09-03 02:07:36,601579,会稽山,非白酒,7.27,周线未呈多头排列,,,否,,
2026-09-03 02:07:36,601990,南京证券,证券Ⅱ,1.63,"板块均值 1.65%, 个股涨幅 1.63%",,,否,,
2026-09-03 02:07:36,601991,大唐发电,电力,-0.35,"板块均值 0.72%, 个股涨幅 -0.35%",,,否,,
2026-09-03 02:07:36,601992,金隅集团,水泥,0.0,"板块均值 0.05%, 个股涨幅 0.00%",,,否,,
2026-09-03 02:07:36,601995,中金公司,证券Ⅱ,0.65,"板块均值 1.65%, 个股涨幅 0.65%",,,否,,
2026-09-03 02:07:36,601600,中国铝业,工业金属,2.6,周线未呈多头排列,,,否,,
2026-09-03 02:07:36,601998,中信银行,股份制银行Ⅱ,0.45,"板块均值 0.89%, 个股涨幅 0.45%",,,否,,
2026-09-03 02:07:36,601860,紫金银行,农商行Ⅱ,1.14,均线未向上倾斜,,,否,,
2026-09-03 02:07:36,603000,人民网,数字媒体,0.36,"板块均值 1.52%, 个股涨幅 0.36%",,,否,,
2026-09-03 02:07:36,603006,联明股份,汽车零部件,-0.09,"板块均值 0.15%, 个股涨幅 -0.09%",,,否,,
2026-09-03 02:07:36,601872,招商轮船,航运港口,6.85,均线未呈多头排列,,,否,,
2026-09-03 02:07:36,601877,正泰电器,电网设备,0.72,均线未呈多头排列,,,否,,
2026-09-03 02:07:36,603013,亚普股份,汽车零部件,0.14,"板块均值 0.15%, 个股涨幅 0.14%",,,否,,
2026-09-03 02:07:36,603016,新宏泰,电网设备,-4.6,"板块均值 0.13%, 个股涨幅 -4.60%",,,否,,
2026-09-03 02:07:36,603019,中科曙光,计算机设备,0.07,"板块均值 0.12%, 个股涨幅 0.07%",,,否,,
2026-09-03 02:07:36,603022,新通联,包装印刷,-0.32,"板块均值 0.62%, 个股涨幅 -0.32%",,,否,,
2026-09-03 02:07:36,603023,威帝股份,汽车零部件,-0.69,"板块均值 0.15%, 个股涨幅 -0.69%",,,否,,
2026-09-03 02:07:36,601899,紫金矿业,工业金属,1.46,均线未呈多头排列,,,否,,
2026-09-03 02:07:36,603031,安孚科技,电池,-1.0,"板块均值 0.08%, 个股涨幅 -1.00%",,,否,,
2026-09-03 02:07:36,603032,德新科技,电池,-0.62,"板块均值 0.08%, 个股涨幅 -0.62%",,,否,,
2026-09-03 02:07:36,601928,凤凰传媒,出版,1.55,均线未呈多头排列,,,否,,
2026-09-03 02:07:36,603037,凯众股份,汽车零部件,-0.76,"板块均值 0.15%, 个股涨幅 -0.76%",,,否,,
2026-09-03 02:07:36,603038,华立股份,装修建材,-3.72,"板块均值 0.09%, 个股涨幅 -3.72%",,,否,,
2026-09-03 02:07:36,601696,中银证券,证券Ⅱ,3.13,周线未呈多头排列,,,否,,
2026-09-03 02:07:36,601966,玲珑轮胎,汽车零部件,0.64,均线未呈多头排列,,,否,,
2026-09-03 02:07:36,601766,中国中车,轨交设备Ⅱ,0.81,近20日无涨停,,,否,,
2026-09-03 02:07:36,601985,中国核电,电力,0.89,均线未向上倾斜,,,否,,
2026-09-03 02:07:36,601997,贵阳银行,城商行Ⅱ,1.07,均线未呈多头排列,,,否,,
2026-09-03 02:07:36,603053,成都燃气,燃气Ⅱ,0.34,"板块均值 0.35%, 个股涨幅 0.34%",,,否,,
2026-09-03 02:07:36,603058,永吉股份,包装印刷,-0.41,"板块均值 0.62%, 个股涨幅 -0.41%",,,否,,
2026-09-03 02:07:36,603026,石大胜华,电池,0.34,均线未呈多头排列,,,否,,
2026-09-03 02:07:36,601898,中煤能源,煤炭开采,2.13,周线未呈多头排列,,,否,,
2026-09-03 02:07:36,603035,常熟汽饰,汽车零部件,0.65,均线未呈多头排列,,,否,,
2026-09-03 02:07:36,601900,南方传媒,出版,4.43,近20日无涨停,,,否,,
2026-09-03 02:07:36,601918,新集能源,煤炭开采,1.8,近20日无涨停,,,否,,
2026-09-03 02:07:36,603075,热威股份,家电零部件Ⅱ,-0.61,"板块均值 -0.09%, 个股涨幅 -0.61%",,,否,,
2026-09-03 02:07:36,603077,和邦生物,农化制品,-1.28,"板块均值 -0.02%, 个股涨幅 -1.28%",,,否,,
2026-09-03 02:07:36,603080,新疆火炬,燃气Ⅱ,0.29,"板块均值 0.35%, 个股涨幅 0.29%",,,否,,
2026-09-03 02:07:36,603085,天成自控,汽车零部件,-0.58,"板块均值 0.15%, 个股涨幅 -0.58%",,,否,,
2026-09-03 02:07:36,603086,先达股份,农化制品,-1.59,"板块均值 -0.02%, 个股涨幅 -1.59%",,,否,,
2026-09-03 02:07:36,603089,正裕工业,汽车零部件,-2.52,"板块均值 0.15%, 个股涨幅 -2.52%",,,否,,
2026-09-03 02:07:36,603039,泛微网络,软件开发,1.08,均线未呈多头排列,,,否,,
2026-09-03 02:07:36,603093,南华期货,多元金融,-0.07,"板块均值 0.99%, 个股涨幅 -0.07%",,,否,,
2026-09-03 02:07:36,603096,新经典,出版,0.32,"板块均值 1.45%, 个股涨幅 0.32%",,,否,,
2026-09-03 02:07:36,603097,江苏华辰,电网设备,-0.98,"板块均值 0.13%, 个股涨幅 -0.98%",,,否,,
2026-09-03 02:07:36,603099,长白山,旅游及景区,0.3,"板块均值 0.80%, 个股涨幅 0.30%",,,否,,
2026-09-03 02:07:36,603103,横店影视,影视院线,2.57,"板块均值 3.29%, 个股涨幅 2.57%",,,否,,
2026-09-03 02:07:36,601929,吉视传媒,电视广播Ⅱ,0.78,周线未呈多头排列,,,否,,
2026-09-03 02:07:36,601949,中国出版,出版,4.36,周线未呈多头排列,,,否,,
2026-09-03 02:07:36,603107,上海汽配,汽车零部件,0.08,"板块均值 0.15%, 个股涨幅 0.08%",,,否,,
2026-09-03 02:07:36,601956,东贝集团,家电零部件Ⅱ,0.39,周线未呈多头排列,,,否,,
2026-09-03 02:07:36,603111,康尼机电,轨交设备Ⅱ,0.32,"板块均值 0.62%, 个股涨幅 0.32%",,,否,,
2026-09-03 02:07:36,601963,重庆银行,城商行Ⅱ,1.23,周线未呈多头排列,,,否,,
2026-09-03 02:07:36,603113,金能科技,化学原料,-1.22,"板块均值 0.26%, 个股涨幅 -1.22%",,,否,,
2026-09-03 02:07:36,603117,万林物流,物流,-0.49,"板块均值 0.16%, 个股涨幅 -0.49%",,,否,,
2026-09-03 02:07:36,603119,浙江荣泰,汽车零部件,-2.06,"板块均值 0.15%, 个股涨幅 -2.06%",,,否,,
2026-09-03 02:07:36,603121,华培动力,汽车零部件,-1.07,"板块均值 0.15%, 个股涨幅 -1.07%",,,否,,
2026-09-03 02:07:36,603128,华贸物流,物流,-0.18,"板块均值 0.16%, 个股涨幅 -0.18%",,,否,,
2026-09-03 02:07:36,603040,新坐标,汽车零部件,2.05,均线未呈多头排列,,,否,,
2026-09-03 02:07:36,603136,天目湖,旅游及景区,0.32,"板块均值 0.80%, 个股涨幅 0.32%",,,否,,
2026-09-03 02:07:36,601969,海南矿业,冶钢原料,1.15,周线未呈多头排列,,,否,,
2026-09-03 02:07:36,603158,腾龙股份,汽车零部件,-0.18,"板块均值 0.15%, 个股涨幅 -0.18%",,,否,,
2026-09-03 02:07:36,603161,科华控股,汽车零部件,0.12,"板块均值 0.15%, 个股涨幅 0.12%",,,否,,
2026-09-03 02:07:36,601975,招商南油,航运港口,5.88,周线未呈多头排列,,,否,,
2026-09-03 02:07:36,603050,科林电气,电网设备,1.44,均线未呈多头排列,,,否,,
2026-09-03 02:07:36,603167,渤海轮渡,航运港口,0.37,"板块均值 2.04%, 个股涨幅 0.37%",,,否,,
2026-09-03 02:07:36,603178,圣龙股份,汽车零部件,0.11,"板块均值 0.15%, 个股涨幅 0.11%",,,否,,
2026-09-03 02:07:36,601999,出版传媒,出版,5.58,周线未呈多头排列,,,否,,
2026-09-03 02:07:36,603189,*ST网达,软件开发,-0.84,ST股,,,否,,
2026-09-03 02:07:36,603190,亚通精工,汽车零部件,0.06,"板块均值 0.15%, 个股涨幅 0.06%",,,否,,
2026-09-03 02:07:36,603007,顺景科技,汽车零部件,0.97,周线未呈多头排列,,,否,,
2026-09-03 02:07:36,603194,中力股份,工程机械,0.32,"板块均值 0.35%, 个股涨幅 0.32%",,,否,,
2026-09-03 02:07:36,603009,北特科技,汽车零部件,1.56,周线未呈多头排列,,,否,,
2026-09-03 02:07:36,603199,九华旅游,旅游及景区,0.4,"板块均值 0.80%, 个股涨幅 0.40%",,,否,,
2026-09-03 02:07:36,603201,常润股份,汽车零部件,0.13,"板块均值 0.15%, 个股涨幅 0.13%",,,否,,
2026-09-03 02:07:36,603067,振华股份,化学原料,4.83,均线未呈多头排列,,,否,,
2026-09-03 02:07:36,603209,兴通股份,航运港口,1.13,"板块均值 2.04%, 个股涨幅 1.13%",,,否,,
2026-09-03 02:07:36,603210,泰鸿万立,汽车零部件,-0.5,"板块均值 0.15%, 个股涨幅 -0.50%",,,否,,
2026-09-03 02:07:36,603211,晋拓股份,汽车零部件,0.14,"板块均值 0.15%, 个股涨幅 0.14%",,,否,,
2026-09-03 02:07:36,603069,海汽集团,铁路公路,1.94,均线未呈多头排列,,,否,,
2026-09-03 02:07:36,603071,物产环能,电力,1.99,均线未向上倾斜,,,否,,
2026-09-03 02:07:36,603105,芯能科技,电力,2.45,均线未向上倾斜,,,否,,
2026-09-03 02:07:36,603106,恒银科技,计算机设备,0.49,均线未呈多头排列,,,否,,
2026-09-03 02:07:36,603109,神驰机电,汽车零部件,0.63,均线未呈多头排列,,,否,,
2026-09-03 02:07:36,603232,格尔软件,软件开发,0.45,"板块均值 0.57%, 个股涨幅 0.45%",,,否,,
2026-09-03 02:07:36,603156,养元饮品,饮料乳品,4.25,均线未呈多头排列,,,否,,
2026-09-03 02:07:36,603258,电魂网络,游戏Ⅱ,1.03,"板块均值 1.92%, 个股涨幅 1.03%",,,否,,
2026-09-03 02:07:36,603048,浙江黎明,汽车零部件,1.18,周线未呈多头排列,,,否,,
2026-09-03 02:07:36,603268,松发股份,航海装备Ⅱ,0.76,"板块均值 0.91%, 个股涨幅 0.76%",,,否,,
2026-09-03 02:07:36,603271,永杰新材,工业金属,0.44,"板块均值 1.07%, 个股涨幅 0.44%",,,否,,
2026-09-03 02:07:36,603273,天元智能,工程机械,0.0,"板块均值 0.35%, 个股涨幅 0.00%",,,否,,
2026-09-03 02:07:36,603280,南方路机,工程机械,-0.44,"板块均值 0.35%, 个股涨幅 -0.44%",,,否,,
2026-09-03 02:07:36,603286,日盈电子,汽车零部件,-0.85,"板块均值 0.15%, 个股涨幅 -0.85%",,,否,,
2026-09-03 02:07:36,603049,中策橡胶,汽车零部件,1.93,近20日无涨停,,,否,,
2026-09-03 02:07:36,603166,福达股份,汽车零部件,1.18,均线未呈多头排列,,,否,,
2026-09-03 02:07:36,603299,苏盐井神,化学原料,0.11,"板块均值 0.26%, 个股涨幅 0.11%",,,否,,
2026-09-03 02:07:36,603300,海南华铁,多元金融,0.41,"板块均值 0.99%, 个股涨幅 0.41%",,,否,,
2026-09-03 02:07:36,603179,新泉股份,汽车零部件,2.17,均线未呈多头排列,,,否,,
2026-09-03 02:07:36,603306,华懋科技,汽车零部件,-1.4,"板块均值 0.15%, 个股涨幅 -1.40%",,,否,,
2026-09-03 02:07:36,603066,音飞储存,物流,0.55,周线未呈多头排列,,,否,,
2026-09-03 02:07:36,603312,西典新能,电网设备,0.09,"板块均值 0.13%, 个股涨幅 0.09%",,,否,,
2026-09-03 02:07:36,603318,水发燃气,燃气Ⅱ,-6.41,"板块均值 0.35%, 个股涨幅 -6.41%",,,否,,
2026-09-03 02:07:36,603191,望变电气,电网设备,7.78,均线未呈多头排列,,,否,,
2026-09-03 02:07:36,603320,迪贝电气,电机Ⅱ,0.11,"板块均值 1.62%, 个股涨幅 0.11%",,,否,,
2026-09-03 02:07:36,603323,苏农银行,农商行Ⅱ,0.89,"板块均值 1.10%, 个股涨幅 0.89%",,,否,,
2026-09-03 02:07:36,603329,上海雅仕,物流,-0.19,"板块均值 0.16%, 个股涨幅 -0.19%",,,否,,
2026-09-03 02:07:36,603333,福华尚纬,电网设备,-0.78,"板块均值 0.13%, 个股涨幅 -0.78%",,,否,,
2026-09-03 02:07:36,603335,迪生力,汽车零部件,-0.46,"板块均值 0.15%, 个股涨幅 -0.46%",,,否,,
2026-09-03 02:07:36,603197,保隆科技,汽车零部件,0.43,均线未呈多头排列,,,否,,
2026-09-03 02:07:36,603344,星德胜,电机Ⅱ,-0.76,"板块均值 1.62%, 个股涨幅 -0.76%",,,否,,
2026-09-03 02:07:36,603202,天有为,汽车零部件,0.21,均线未呈多头排列,,,否,,
2026-09-03 02:07:36,603350,安乃达,电机Ⅱ,-0.38,"板块均值 1.62%, 个股涨幅 -0.38%",,,否,,
2026-09-03 02:07:36,603352,至信股份,汽车零部件,-0.45,"板块均值 0.15%, 个股涨幅 -0.45%",,,否,,
2026-09-03 02:07:36,603215,比依股份,小家电,0.34,均线未呈多头排列,,,否,,
2026-09-03 02:07:36,603355,莱克电气,小家电,-0.88,"板块均值 0.11%, 个股涨幅 -0.88%",,,否,,
2026-09-03 02:07:36,603358,华达科技,汽车零部件,-0.76,"板块均值 0.15%, 个股涨幅 -0.76%",,,否,,
2026-09-03 02:07:36,603360,百傲化学,农化制品,-0.45,"板块均值 -0.02%, 个股涨幅 -0.45%",,,否,,
2026-09-03 02:07:36,603366,日出东方,厨卫电器,-0.38,"板块均值 0.57%, 个股涨幅 -0.38%",,,否,,
2026-09-03 02:07:36,603370,华新精科,电机Ⅱ,0.25,"板块均值 1.62%, 个股涨幅 0.25%",,,否,,
2026-09-03 02:07:36,603376,大明电子,汽车零部件,-1.16,"板块均值 0.15%, 个股涨幅 -1.16%",,,否,,
2026-09-03 02:07:36,603378,*ST亚士,装修建材,1.86,ST股,,,否,,
2026-09-03 02:07:36,603070,万控智造,电网设备,0.17,周线未呈多头排列,,,否,,
2026-09-03 02:07:36,603390,通达电气,汽车零部件,-0.1,"板块均值 0.15%, 个股涨幅 -0.10%",,,否,,
2026-09-03 02:07:36,603219,富佳股份,小家电,0.83,均线未呈多头排列,,,否,,
2026-09-03 02:07:36,603091,众鑫股份,包装印刷,0.95,周线未呈多头排列,,,否,,
2026-09-03 02:07:36,603399,永杉锂业,能源金属,0.42,"板块均值 1.17%, 个股涨幅 0.42%",,,否,,
2026-09-03 02:07:36,603402,陕西旅游,旅游及景区,-3.56,"板块均值 0.80%, 个股涨幅 -3.56%",,,否,,
2026-09-03 02:07:36,603409,汇通控股,汽车零部件,-0.97,"板块均值 0.15%, 个股涨幅 -0.97%",,,否,,
2026-09-03 02:07:36,603418,友升股份,汽车零部件,-0.45,"板块均值 0.15%, 个股涨幅 -0.45%",,,否,,
2026-09-03 02:07:36,603429,*ST集友,包装印刷,-0.11,ST股,,,否,,
2026-09-03 02:07:36,603444,吉比特,游戏Ⅱ,1.67,"板块均值 1.92%, 个股涨幅 1.67%",,,否,,
2026-09-03 02:07:36,603223,恒通股份,炼化及贸易,2.36,均线未呈多头排列,,,否,,
2026-09-03 02:07:36,603239,浙江仙通,汽车零部件,0.48,均线未呈多头排列,,,否,,
2026-09-03 02:07:36,603489,八方股份,电机Ⅱ,-0.57,"板块均值 1.62%, 个股涨幅 -0.57%",,,否,,
2026-09-03 02:07:36,603496,恒为科技,计算机设备,-0.17,"板块均值 0.12%, 个股涨幅 -0.17%",,,否,,
2026-09-03 02:07:36,603499,翔港科技,包装印刷,0.45,"板块均值 0.62%, 个股涨幅 0.45%",,,否,,
2026-09-03 02:07:36,603500,祥和实业,轨交设备Ⅱ,-0.83,"板块均值 0.62%, 个股涨幅 -0.83%",,,否,,
2026-09-03 02:07:36,603112,华翔股份,家电零部件Ⅱ,2.25,周线未呈多头排列,,,否,,
2026-09-03 02:07:36,603132,金徽股份,工业金属,1.88,周线未呈多头排列,,,否,,
2026-09-03 02:07:36,603519,立霸股份,家电零部件Ⅱ,-2.35,"板块均值 -0.09%, 个股涨幅 -2.35%",,,否,,
2026-09-03 02:07:36,603527,众源新材,工业金属,-0.1,"板块均值 1.07%, 个股涨幅 -0.10%",,,否,,
2026-09-03 02:07:36,603528,多伦科技,软件开发,0.31,"板块均值 0.57%, 个股涨幅 0.31%",,,否,,
2026-09-03 02:07:36,603530,神马电力,电网设备,-2.34,"板块均值 0.13%, 个股涨幅 -2.34%",,,否,,
2026-09-03 02:07:36,603533,掌阅科技,数字媒体,-0.29,"板块均值 1.52%, 个股涨幅 -0.29%",,,否,,
2026-09-03 02:07:36,603293,埃泰克,汽车零部件,0.75,均线未呈多头排列,,,否,,
2026-09-03 02:07:36,603162,海通发展,航运港口,10.0,近3日存在长上影线且未突破,2026-08-10,,否,,
2026-09-03 02:07:36,603305,旭升集团,汽车零部件,1.24,均线未呈多头排列,,,否,,
2026-09-03 02:07:36,603565,中谷物流,航运港口,0.96,"板块均值 2.04%, 个股涨幅 0.96%",,,否,,
2026-09-03 02:07:36,603298,杭叉集团,工程机械,1.59,均线未呈多头排列,,,否,,
2026-09-03 02:07:36,603577,汇金通,电网设备,-0.67,"板块均值 0.13%, 个股涨幅 -0.67%",,,否,,
2026-09-03 02:07:36,603578,三星新材,家电零部件Ⅱ,-0.99,"板块均值 -0.09%, 个股涨幅 -0.99%",,,否,,
2026-09-03 02:07:36,603585,苏利股份,农化制品,-0.64,"板块均值 -0.02%, 个股涨幅 -0.64%",,,否,,
2026-09-03 02:07:36,603311,金海高科,家电零部件Ⅱ,0.64,均线未呈多头排列,,,否,,
2026-09-03 02:07:36,603213,镇洋发展,化学原料,0.36,周线未呈多头排列,,,否,,
2026-09-03 02:07:36,603383,顶点软件,软件开发,2.36,均线未呈多头排列,,,否,,
2026-09-03 02:07:36,603466,风语筑,数字媒体,2.24,均线未呈多头排列,,,否,,
2026-09-03 02:07:36,603607,京华激光,包装印刷,-1.58,"板块均值 0.62%, 个股涨幅 -1.58%",,,否,,
2026-09-03 02:07:36,603611,诺力股份,工程机械,0.18,"板块均值 0.35%, 个股涨幅 0.18%",,,否,,
2026-09-03 02:07:36,603616,韩建河山,水泥,-0.34,"板块均值 0.05%, 个股涨幅 -0.34%",,,否,,
2026-09-03 02:07:36,603618,杭电股份,电网设备,-0.3,"板块均值 0.13%, 个股涨幅 -0.30%",,,否,,
2026-09-03 02:07:36,603638,艾迪精密,工程机械,0.32,"板块均值 0.35%, 个股涨幅 0.32%",,,否,,
2026-09-03 02:07:36,603639,海利尔,农化制品,-0.56,"板块均值 -0.02%, 个股涨幅 -0.56%",,,否,,
2026-09-03 02:07:36,603486,科沃斯,小家电,1.55,均线未呈多头排列,,,否,,
2026-09-03 02:07:36,603230,内蒙新华,出版,1.58,周线未呈多头排列,,,否,,
2026-09-03 02:07:36,603508,思维列控,计算机设备,0.28,均线未呈多头排列,,,否,,
2026-09-03 02:07:36,603516,淳中科技,计算机设备,2.25,均线未呈多头排列,,,否,,
2026-09-03 02:07:36,603660,苏州科达,计算机设备,-0.28,"板块均值 0.12%, 个股涨幅 -0.28%",,,否,,
2026-09-03 02:07:36,603663,三祥新材,化学原料,-1.66,"板块均值 0.26%, 个股涨幅 -1.66%",,,否,,
2026-09-03 02:07:36,603535,嘉诚国际,物流,0.62,均线未呈多头排列,,,否,,
2026-09-03 02:07:36,603680,今创集团,轨交设备Ⅱ,-0.29,"板块均值 0.62%, 个股涨幅 -0.29%",,,否,,
2026-09-03 02:07:36,603266,天龙股份,汽车零部件,0.97,周线未呈多头排列,,,否,,
2026-09-03 02:07:36,603551,奥普科技,厨卫电器,1.37,均线未呈多头排列,,,否,,
2026-09-03 02:07:36,603693,江苏新能,电力,0.71,"板块均值 0.72%, 个股涨幅 0.71%",,,否,,
2026-09-03 02:07:36,603701,德宏股份,汽车零部件,-0.28,"板块均值 0.15%, 个股涨幅 -0.28%",,,否,,
2026-09-03 02:07:36,603556,海兴电力,电网设备,3.09,均线未呈多头排列,,,否,,
2026-09-03 02:07:36,603569,长久物流,物流,1.0,均线未呈多头排列,,,否,,
2026-09-03 02:07:36,603713,密尔克卫,物流,-0.41,"板块均值 0.16%, 个股涨幅 -0.41%",,,否,,
2026-09-03 02:07:36,603721,中广天择,影视院线,3.26,"板块均值 3.29%, 个股涨幅 3.26%",,,否,,
2026-09-03 02:07:36,603319,美湖股份,汽车零部件,2.86,周线未呈多头排列,,,否,,
2026-09-03 02:07:36,603338,浙江鼎力,工程机械,1.48,近20日无涨停,,,否,,
2026-09-03 02:07:36,603730,岱美股份,汽车零部件,-0.1,"板块均值 0.15%, 个股涨幅 -0.10%",,,否,,
2026-09-03 02:07:36,603348,文灿股份,汽车零部件,1.36,周线未呈多头排列,,,否,,
2026-09-03 02:07:36,603758,秦安股份,汽车零部件,-1.34,"板块均值 0.15%, 个股涨幅 -1.34%",,,否,,
2026-09-03 02:07:36,603353,和顺石油,炼化及贸易,3.73,周线未呈多头排列,,,否,,
2026-09-03 02:07:36,603768,常青股份,汽车零部件,-0.59,"板块均值 0.15%, 个股涨幅 -0.59%",,,否,,
2026-09-03 02:07:36,603779,威龙股份,非白酒,-2.14,"板块均值 0.77%, 个股涨幅 -2.14%",,,否,,
2026-09-03 02:07:36,603599,广信股份,农化制品,2.86,均线未向上倾斜,,,否,,
2026-09-03 02:07:36,603788,宁波高发,汽车零部件,0.07,"板块均值 0.15%, 个股涨幅 0.07%",,,否,,
2026-09-03 02:07:36,603606,东方电缆,电网设备,0.7,均线未呈多头排列,,,否,,
2026-09-03 02:07:36,603393,新天然气,燃气Ⅱ,3.04,周线未呈多头排列,,,否,,
2026-09-03 02:07:36,603809,豪能股份,汽车零部件,-0.11,"板块均值 0.15%, 个股涨幅 -0.11%",,,否,,
2026-09-03 02:07:36,603810,丰山集团,农化制品,-0.48,"板块均值 -0.02%, 个股涨幅 -0.48%",,,否,,
2026-09-03 02:07:36,603813,原尚股份,物流,-1.15,"板块均值 0.16%, 个股涨幅 -1.15%",,,否,,
2026-09-03 02:07:36,603395,红四方,农化制品,1.51,周线未呈多头排列,,,否,,
2026-09-03 02:07:36,603829,洛凯股份,电网设备,-0.32,"板块均值 0.13%, 个股涨幅 -0.32%",,,否,,
2026-09-03 02:07:36,603836,海程邦达,物流,-0.73,"板块均值 0.16%, 个股涨幅 -0.73%",,,否,,
2026-09-03 02:07:36,603648,畅联股份,物流,0.42,均线未呈多头排列,,,否,,
2026-09-03 02:07:36,603655,朗博科技,汽车零部件,0.27,均线未呈多头排列,,,否,,
2026-09-03 02:07:36,603657,春光科技,家电零部件Ⅱ,1.54,均线未呈多头排列,,,否,,
2026-09-03 02:07:36,603871,嘉友国际,物流,-0.66,"板块均值 0.16%, 个股涨幅 -0.66%",,,否,,
2026-09-03 02:07:36,603659,璞泰来,电池,1.2,均线未呈多头排列,,,否,,
2026-09-03 02:07:36,603885,吉祥航空,航空机场,0.59,"板块均值 0.97%, 个股涨幅 0.59%",,,否,,
2026-09-03 02:07:36,603888,新华网,数字媒体,0.61,"板块均值 1.52%, 个股涨幅 0.61%",,,否,,
2026-09-03 02:07:36,603897,长城科技,电网设备,-0.7,"板块均值 0.13%, 个股涨幅 -0.70%",,,否,,
2026-09-03 02:07:36,603899,晨光股份,文娱用品,0.93,"板块均值 0.94%, 个股涨幅 0.93%",,,否,,
2026-09-03 02:07:36,603706,东方环宇,燃气Ⅱ,0.4,均线未呈多头排列,,,否,,
2026-09-03 02:07:36,603917,合力科技,汽车零部件,-0.52,"板块均值 0.15%, 个股涨幅 -0.52%",,,否,,
2026-09-03 02:07:36,603922,ST金鸿顺,汽车零部件,-1.1,ST股,,,否,,
2026-09-03 02:07:36,603926,铁流股份,汽车零部件,0.12,"板块均值 0.15%, 个股涨幅 0.12%",,,否,,
2026-09-03 02:07:36,603927,中科软,软件开发,0.14,"板块均值 0.57%, 个股涨幅 0.14%",,,否,,
2026-09-03 02:07:36,603937,丽岛新材,工业金属,-0.67,"板块均值 1.07%, 个股涨幅 -0.67%",,,否,,
2026-09-03 02:07:36,603938,三孚股份,化学原料,-3.15,"板块均值 0.26%, 个股涨幅 -3.15%",,,否,,
2026-09-03 02:07:36,603711,香飘飘,饮料乳品,0.17,均线未呈多头排列,,,否,,
2026-09-03 02:07:36,603950,长源东谷,汽车零部件,-1.94,"板块均值 0.15%, 个股涨幅 -1.94%",,,否,,
2026-09-03 02:07:36,603726,朗迪集团,家电零部件Ⅱ,0.08,均线未向上倾斜,,,否,,
2026-09-03 02:07:36,603586,金麒麟,汽车零部件,0.99,周线未呈多头排列,,,否,,
2026-09-03 02:07:36,603970,中农立华,农化制品,-0.27,"板块均值 -0.02%, 个股涨幅 -0.27%",,,否,,
2026-09-03 02:07:36,603596,伯特利,汽车零部件,0.7,周线未呈多头排列,,,否,,
2026-09-03 02:07:36,603728,鸣志电器,电机Ⅱ,10.0,均线未呈多头排列,,,否,,
2026-09-03 02:07:36,603988,中电电机,电机Ⅱ,1.24,"板块均值 1.62%, 个股涨幅 1.24%",,,否,,
2026-09-03 02:07:36,603990,麦迪科技,软件开发,-0.36,"板块均值 0.57%, 个股涨幅 -0.36%",,,否,,
2026-09-03 02:07:36,603993,洛阳钼业,工业金属,0.92,"板块均值 1.07%, 个股涨幅 0.92%",,,否,,
2026-09-03 02:07:36,603737,三棵树,装修建材,2.19,均线未呈多头排列,,,否,,
2026-09-03 02:07:36,603767,中马传动,汽车零部件,2.26,均线未呈多头排列,,,否,,
2026-09-03 02:07:36,603786,科博达,汽车零部件,0.51,均线未呈多头排列,,,否,,
2026-09-03 02:07:36,605005,合兴股份,汽车零部件,-0.31,"板块均值 0.15%, 个股涨幅 -0.31%",,,否,,
2026-09-03 02:07:36,603798,康普顿,炼化及贸易,2.51,均线未呈多头排列,,,否,,
2026-09-03 02:07:36,605018,长华集团,汽车零部件,-0.59,"板块均值 0.15%, 个股涨幅 -0.59%",,,否,,
2026-09-03 02:07:36,603799,华友钴业,能源金属,2.16,均线未呈多头排列,,,否,,
2026-09-03 02:07:36,605033,美邦股份,农化制品,-1.49,"板块均值 -0.02%, 个股涨幅 -1.49%",,,否,,
2026-09-03 02:07:36,605050,福然德,物流,-0.19,"板块均值 0.16%, 个股涨幅 -0.19%",,,否,,
2026-09-03 02:07:36,605066,天正电气,电网设备,-0.42,"板块均值 0.13%, 个股涨幅 -0.42%",,,否,,
2026-09-03 02:07:36,603861,白云电器,电网设备,0.17,均线未呈多头排列,,,否,,
2026-09-03 02:07:36,605080,浙江自然,文娱用品,0.47,"板块均值 0.94%, 个股涨幅 0.47%",,,否,,
2026-09-03 02:07:36,603876,鼎胜新材,工业金属,2.71,均线未呈多头排列,,,否,,
2026-09-03 02:07:36,603906,龙蟠科技,电池,1.24,均线未呈多头排列,,,否,,
2026-09-03 02:07:36,605108,同庆楼,酒店餐饮,0.23,"板块均值 0.78%, 个股涨幅 0.23%",,,否,,
2026-09-03 02:07:36,603677,奇精机械,家电零部件Ⅱ,-0.07,周线未呈多头排列,,,否,,
2026-09-03 02:07:36,603687,大胜达,包装印刷,3.96,周线未呈多头排列,,,否,,
2026-09-03 02:07:36,603689,皖天然气,燃气Ⅱ,0.51,周线未呈多头排列,,,否,,
2026-09-03 02:07:36,605133,嵘泰股份,汽车零部件,-0.46,"板块均值 0.15%, 个股涨幅 -0.46%",,,否,,
2026-09-03 02:07:36,605151,西上海,汽车零部件,-1.04,"板块均值 0.15%, 个股涨幅 -1.04%",,,否,,
2026-09-03 02:07:36,603949,雪龙集团,汽车零部件,0.27,均线未呈多头排列,,,否,,
2026-09-03 02:07:36,603960,克来机电,汽车零部件,1.31,均线未呈多头排列,,,否,,
2026-09-03 02:07:36,605179,一鸣食品,饮料乳品,-10.0,"板块均值 -0.38%, 个股涨幅 -10.00%",,,否,,
2026-09-03 02:07:36,603967,中创物流,物流,0.6,均线未呈多头排列,,,否,,
2026-09-03 02:07:36,603997,继峰股份,汽车零部件,3.82,均线未呈多头排列,,,否,,
2026-09-03 02:07:36,605222,起帆电缆,电网设备,0.05,"板块均值 0.13%, 个股涨幅 0.05%",,,否,,
2026-09-03 02:07:36,605228,神通科技,汽车零部件,-0.55,"板块均值 0.15%, 个股涨幅 -0.55%",,,否,,
2026-09-03 02:07:36,605255,天普股份,汽车零部件,0.0,"板块均值 0.15%, 个股涨幅 0.00%",,,否,,
2026-09-03 02:07:36,605011,杭州热电,电力,1.31,均线未呈多头排列,,,否,,
2026-09-03 02:07:36,605028,世茂能源,电力,2.54,均线未呈多头排列,,,否,,
2026-09-03 02:07:36,605300,佳禾食品,饮料乳品,-1.62,"板块均值 -0.38%, 个股涨幅 -1.62%",,,否,,
2026-09-03 02:07:36,605068,明新旭腾,汽车零部件,8.85,均线未呈多头排列,,,否,,
2026-09-03 02:07:36,603819,神力股份,电机Ⅱ,4.38,近20日无涨停,,,否,,
2026-09-03 02:07:36,605319,无锡振华,汽车零部件,-3.14,"板块均值 0.15%, 个股涨幅 -3.14%",,,否,,
2026-09-03 02:07:36,605333,沪光股份,汽车零部件,-0.84,"板块均值 0.15%, 个股涨幅 -0.84%",,,否,,
2026-09-03 02:07:36,605336,*ST帅电,厨卫电器,-0.98,ST股,,,否,,
2026-09-03 02:07:36,603856,东宏股份,装修建材,0.77,周线未呈多头排列,,,否,,
2026-09-03 02:07:36,605368,蓝天燃气,燃气Ⅱ,-0.28,"板块均值 0.35%, 个股涨幅 -0.28%",,,否,,
2026-09-03 02:07:36,605376,博迁新材,能源金属,-0.07,"板块均值 1.17%, 个股涨幅 -0.07%",,,否,,
2026-09-03 02:07:36,605378,野马电池,电池,0.0,"板块均值 0.08%, 个股涨幅 0.00%",,,否,,
2026-09-03 02:07:36,605088,冠盛股份,汽车零部件,10.03,均线未呈多头排列,,,否,,
2026-09-03 02:07:36,603868,飞科电器,小家电,0.63,周线未呈多头排列,,,否,,
2026-09-03 02:07:36,605090,九丰能源,燃气Ⅱ,1.46,均线未呈多头排列,,,否,,
2026-09-03 02:07:36,605128,上海沿浦,汽车零部件,0.83,均线未呈多头排列,,,否,,
2026-09-03 02:07:36,605196,华通线缆,电网设备,1.64,均线未呈多头排列,,,否,,
2026-09-03 02:07:36,603979,金诚信,工业金属,1.95,超额收益 1.99%,2026-08-26,,否,,
2026-09-03 02:07:36,603982,泉峰汽车,汽车零部件,0.31,周线未呈多头排列,,,否,,
2026-09-03 02:07:36,000008,神州高铁,轨交设备Ⅱ,-0.4,"板块均值 0.62%, 个股涨幅 -0.40%",,,否,,
2026-09-03 02:07:36,000009,中国宝安,电池,-0.28,"板块均值 0.08%, 个股涨幅 -0.28%",,,否,,
2026-09-03 02:07:36,000016,*ST康佳A,白色家电,-0.41,ST股,,,否,,
2026-09-03 02:07:36,603999,读者传媒,出版,1.71,周线未呈多头排列,,,否,,
2026-09-03 02:07:36,605001,威奥股份,轨交设备Ⅱ,1.94,周线未呈多头排列,,,否,,
2026-09-03 02:07:36,000037,深南电A,电力,-0.32,"板块均值 0.72%, 个股涨幅 -0.32%",,,否,,
2026-09-03 02:07:36,605318,法狮龙,装修建材,0.88,均线未呈多头排列,,,否,,
2026-09-03 02:07:36,000055,方大集团,装修建材,-0.56,"板块均值 0.09%, 个股涨幅 -0.56%",,,否,,
2026-09-03 02:07:36,605337,李子园,饮料乳品,0.32,均线未呈多头排列,,,否,,
2026-09-03 02:07:36,000060,中金岭南,工业金属,0.61,"板块均值 1.07%, 个股涨幅 0.61%",,,否,,
2026-09-03 02:07:36,605305,中际联合,工程机械,0.54,均线未呈多头排列,,,否,,
2026-09-03 02:07:36,000088,盐 田 港,航运港口,0.44,"板块均值 2.04%, 个股涨幅 0.44%",,,否,,
2026-09-03 02:07:36,605388,均瑶健康,饮料乳品,-0.33,均线未呈多头排列,,,否,,
2026-09-03 02:07:36,000096,广聚能源,炼化及贸易,-0.48,"板块均值 0.69%, 个股涨幅 -0.48%",,,否,,
2026-09-03 02:07:36,000099,中信海直,航空机场,0.36,"板块均值 0.97%, 个股涨幅 0.36%",,,否,,
2026-09-03 02:07:36,605389,长龄液压,工程机械,0.8,均线未呈多头排列,,,否,,
2026-09-03 02:07:36,605499,东鹏饮料,饮料乳品,0.16,均线未呈多头排列,,,否,,
2026-09-03 02:07:36,000157,中联重科,工程机械,0.3,"板块均值 0.35%, 个股涨幅 0.30%",,,否,,
2026-09-03 02:07:36,000166,申万宏源,证券Ⅱ,1.33,"板块均值 1.65%, 个股涨幅 1.33%",,,否,,
2026-09-03 02:07:36,605118,力鼎光电,计算机设备,1.25,周线未呈多头排列,,,否,,
2026-09-03 02:07:36,605122,四方新材,水泥,0.08,周线未呈多头排列,,,否,,
2026-09-03 02:07:36,605162,新中港,电力,4.22,周线未呈多头排列,,,否,,
2026-09-03 02:07:36,605169,洪通燃气,燃气Ⅱ,0.47,周线未呈多头排列,,,否,,
2026-09-03 02:07:36,605208,永茂泰,工业金属,1.08,周线未呈多头排列,,,否,,
2026-09-03 02:07:36,605580,恒盛能源,电力,10.02,均线未呈多头排列,,,否,,
2026-09-03 02:07:36,000407,胜利股份,燃气Ⅱ,-1.16,"板块均值 0.35%, 个股涨幅 -1.16%",,,否,,
2026-09-03 02:07:36,000027,深圳能源,电力,0.95,均线未向上倾斜,,,否,,
2026-09-03 02:07:36,605298,必得科技,轨交设备Ⅱ,5.06,周线未呈多头排列,,,否,,
2026-09-03 02:07:36,000030,富奥股份,汽车零部件,0.25,均线未呈多头排列,,,否,,
2026-09-03 02:07:36,605299,舒华体育,文娱用品,6.54,周线未呈多头排列,,,否,,
2026-09-03 02:07:36,000049,德赛电池,电池,0.13,均线未呈多头排列,,,否,,
2026-09-03 02:07:36,000428,华天酒店,酒店餐饮,-1.35,"板块均值 0.78%, 个股涨幅 -1.35%",,,否,,
2026-09-03 02:07:36,000429,粤高速Ａ,铁路公路,0.07,"板块均值 0.98%, 个股涨幅 0.07%",,,否,,
2026-09-03 02:07:36,000066,中国长城,计算机设备,0.97,均线未呈多头排列,,,否,,
2026-09-03 02:07:36,000503,国新健康,软件开发,-0.42,"板块均值 0.57%, 个股涨幅 -0.42%",,,否,,
2026-09-03 02:07:36,000506,招金黄金,贵金属,0.52,"板块均值 1.91%, 个股涨幅 0.52%",,,否,,
2026-09-03 02:07:36,000507,珠海港,电力,0.59,"板块均值 0.72%, 个股涨幅 0.59%",,,否,,
2026-09-03 02:07:36,000510,新金路,化学原料,-1.0,"板块均值 0.26%, 个股涨幅 -1.00%",,,否,,
2026-09-03 02:07:36,000089,深圳机场,航空机场,1.23,均线未向上倾斜,,,否,,
2026-09-03 02:07:36,000521,长虹美菱,白色家电,0.62,"板块均值 1.05%, 个股涨幅 0.62%",,,否,,
2026-09-03 02:07:36,000524,岭南控股,旅游及景区,0.28,"板块均值 0.80%, 个股涨幅 0.28%",,,否,,
2026-09-03 02:07:36,605555,德昌股份,小家电,0.32,周线未呈多头排列,,,否,,
2026-09-03 02:07:36,000338,潍柴动力,汽车零部件,0.73,均线未呈多头排列,,,否,,
2026-09-03 02:07:36,000531,穗恒运Ａ,电力,0.36,"板块均值 0.72%, 个股涨幅 0.36%",,,否,,
2026-09-03 02:07:36,000532,华金资本,多元金融,0.35,"板块均值 0.99%, 个股涨幅 0.35%",,,否,,
2026-09-03 02:07:36,000533,顺钠股份,电网设备,-0.76,"板块均值 0.13%, 个股涨幅 -0.76%",,,否,,
2026-09-03 02:07:36,000537,绿发电力,电力,0.13,"板块均值 0.72%, 个股涨幅 0.13%",,,否,,
2026-09-03 02:07:36,000539,粤电力Ａ,电力,-0.19,"板块均值 0.72%, 个股涨幅 -0.19%",,,否,,
2026-09-03 02:07:36,605577,龙版传媒,出版,10.04,周线未呈多头排列,,,否,,
2026-09-03 02:07:36,000400,许继电气,电网设备,0.47,均线未呈多头排列,,,否,,
2026-09-03 02:07:36,000548,湖南投资,铁路公路,0.43,"板块均值 0.98%, 个股涨幅 0.43%",,,否,,
2026-09-03 02:07:36,000552,甘肃能化,煤炭开采,0.77,"板块均值 1.65%, 个股涨幅 0.77%",,,否,,
2026-09-03 02:07:36,000401,金隅冀东,水泥,0.85,均线未向上倾斜,,,否,,
2026-09-03 02:07:36,000554,泰山石油,炼化及贸易,-0.15,"板块均值 0.69%, 个股涨幅 -0.15%",,,否,,
2026-09-03 02:07:36,000557,西部创业,铁路公路,0.8,"板块均值 0.98%, 个股涨幅 0.80%",,,否,,
2026-09-03 02:07:36,000404,长虹华意,家电零部件Ⅱ,0.14,均线未呈多头排列,,,否,,
2026-09-03 02:07:36,000408,藏格矿业,农化制品,1.39,均线未呈多头排列,,,否,,
2026-09-03 02:07:36,000563,陕国投Ａ,多元金融,0.33,"板块均值 0.99%, 个股涨幅 0.33%",,,否,,
2026-09-03 02:07:36,000567,海德股份,多元金融,0.43,"板块均值 0.99%, 个股涨幅 0.43%",,,否,,
2026-09-03 02:07:36,000570,苏常柴Ａ,汽车零部件,-0.57,"板块均值 0.15%, 个股涨幅 -0.57%",,,否,,
2026-09-03 02:07:36,000571,新大洲A,煤炭开采,0.67,"板块均值 1.65%, 个股涨幅 0.67%",,,否,,
2026-09-03 02:07:36,000572,海马汽车,乘用车,0.25,"板块均值 0.51%, 个股涨幅 0.25%",,,否,,
2026-09-03 02:07:36,000001,平安银行,股份制银行Ⅱ,1.34,近20日无涨停,,,否,,
2026-09-03 02:07:36,000582,北部湾港,航运港口,1.14,"板块均值 2.04%, 个股涨幅 1.14%",,,否,,
2026-09-03 02:07:36,000415,渤海租赁,多元金融,1.35,均线未呈多头排列,,,否,,
2026-09-03 02:07:36,000591,太阳能,电力,0.47,"板块均值 0.72%, 个股涨幅 0.47%",,,否,,
2026-09-03 02:07:36,000593,德龙汇能,燃气Ⅱ,-0.42,"板块均值 0.35%, 个股涨幅 -0.42%",,,否,,
2026-09-03 02:07:36,000595,新能股份,电力,-0.87,"板块均值 0.72%, 个股涨幅 -0.87%",,,否,,
2026-09-03 02:07:36,000599,青岛双星,汽车零部件,0.0,"板块均值 0.15%, 个股涨幅 0.00%",,,否,,
2026-09-03 02:07:36,000600,建投能源,电力,0.41,"板块均值 0.72%, 个股涨幅 0.41%",,,否,,
2026-09-03 02:07:36,000601,韶能股份,电力,0.66,"板块均值 0.72%, 个股涨幅 0.66%",,,否,,
2026-09-03 02:07:36,000422,湖北宜化,农化制品,0.31,均线未呈多头排列,,,否,,
2026-09-03 02:07:36,000610,*ST西旅,旅游及景区,-3.4,ST股,,,否,,
2026-09-03 02:07:36,000425,徐工机械,工程机械,0.5,均线未呈多头排列,,,否,,
2026-09-03 02:07:36,000617,中油资本,多元金融,0.41,"板块均值 0.99%, 个股涨幅 0.41%",,,否,,
2026-09-03 02:07:36,000619,海螺新材,装修建材,0.0,"板块均值 0.09%, 个股涨幅 0.00%",,,否,,
2026-09-03 02:07:36,000426,兴业银锡,工业金属,2.89,均线未呈多头排列,,,否,,
2026-09-03 02:07:36,000626,远大控股,物流,-1.45,"板块均值 0.16%, 个股涨幅 -1.45%",,,否,,
2026-09-03 02:07:36,000629,钒钛股份,冶钢原料,-0.33,"板块均值 0.49%, 个股涨幅 -0.33%",,,否,,
2026-09-03 02:07:36,000630,铜陵有色,工业金属,0.77,"板块均值 1.07%, 个股涨幅 0.77%",,,否,,
2026-09-03 02:07:36,000631,顺发恒能,电力,0.0,"板块均值 0.72%, 个股涨幅 0.00%",,,否,,
2026-09-03 02:07:36,000635,英 力 特,化学原料,-5.16,"板块均值 0.26%, 个股涨幅 -5.16%",,,否,,
2026-09-03 02:07:36,000637,茂化实华,炼化及贸易,-0.69,"板块均值 0.69%, 个股涨幅 -0.69%",,,否,,
2026-09-03 02:07:36,000651,格力电器,白色家电,0.81,"板块均值 1.05%, 个股涨幅 0.81%",,,否,,
2026-09-03 02:07:36,000655,金岭矿业,冶钢原料,-0.82,"板块均值 0.49%, 个股涨幅 -0.82%",,,否,,
2026-09-03 02:07:36,000659,珠海中富,包装印刷,0.0,"板块均值 0.62%, 个股涨幅 0.00%",,,否,,
2026-09-03 02:07:36,000059,华锦股份,炼化及贸易,4.76,周线未呈多头排列,,,否,,
2026-09-03 02:07:36,000669,ST金鸿,燃气Ⅱ,-0.7,ST股,,,否,,
2026-09-03 02:07:36,000520,凤凰航运,航运港口,2.15,均线未呈多头排列,,,否,,
2026-09-03 02:07:36,000155,川能动力,电力,1.71,周线未呈多头排列,,,否,,
2026-09-03 02:07:36,000156,华数传媒,电视广播Ⅱ,0.72,周线未呈多头排列,,,否,,
2026-09-03 02:07:36,000681,视觉中国,数字媒体,0.88,"板块均值 1.52%, 个股涨幅 0.88%",,,否,,
2026-09-03 02:07:36,000682,东方电子,电网设备,-0.09,"板块均值 0.13%, 个股涨幅 -0.09%",,,否,,
2026-09-03 02:07:36,000301,东方盛虹,炼化及贸易,4.27,近20日无涨停,,,否,,
2026-09-03 02:07:36,000686,东北证券,证券Ⅱ,1.24,"板块均值 1.65%, 个股涨幅 1.24%",,,否,,
2026-09-03 02:07:36,000690,宝新能源,电力,0.2,"板块均值 0.72%, 个股涨幅 0.20%",,,否,,
2026-09-03 02:07:36,000691,亚太实业,化学原料,-0.48,"板块均值 0.26%, 个股涨幅 -0.48%",,,否,,
2026-09-03 02:07:36,000692,惠天热电,电力,-2.04,"板块均值 0.72%, 个股涨幅 -2.04%",,,否,,
2026-09-03 02:07:36,000695,滨海能源,电池,-0.95,"板块均值 0.08%, 个股涨幅 -0.95%",,,否,,
2026-09-03 02:07:36,000698,ST沈化,炼化及贸易,-0.27,ST股,,,否,,
2026-09-03 02:07:36,000528,柳 工,工程机械,1.53,均线未呈多头排列,,,否,,
2026-09-03 02:07:36,000333,美的集团,白色家电,1.44,近20日无涨停,,,否,,
2026-09-03 02:07:36,000707,双环科技,化学原料,0.0,"板块均值 0.26%, 个股涨幅 0.00%",,,否,,
2026-09-03 02:07:36,000543,皖能电力,电力,0.95,均线未呈多头排列,,,否,,
2026-09-03 02:07:36,000545,金浦钛业,化学原料,5.16,均线未呈多头排列,,,否,,
2026-09-03 02:07:36,000720,新能泰山,电网设备,-0.51,"板块均值 0.13%, 个股涨幅 -0.51%",,,否,,
2026-09-03 02:07:36,000721,西安饮食,酒店餐饮,-0.41,"板块均值 0.78%, 个股涨幅 -0.41%",,,否,,
2026-09-03 02:07:36,000722,湖南发展,电力,0.16,"板块均值 0.72%, 个股涨幅 0.16%",,,否,,
2026-09-03 02:07:36,000723,美锦能源,焦炭Ⅱ,0.78,"板块均值 1.10%, 个股涨幅 0.78%",,,否,,
2026-09-03 02:07:36,000728,国元证券,证券Ⅱ,0.78,"板块均值 1.65%, 个股涨幅 0.78%",,,否,,
2026-09-03 02:07:36,000729,燕京啤酒,非白酒,0.0,"板块均值 0.77%, 个股涨幅 0.00%",,,否,,
2026-09-03 02:07:36,000559,万向钱潮,汽车零部件,1.17,均线未呈多头排列,,,否,,
2026-09-03 02:07:36,000737,北方铜业,工业金属,0.13,"板块均值 1.07%, 个股涨幅 0.13%",,,否,,
2026-09-03 02:07:36,000750,国海证券,证券Ⅱ,1.05,"板块均值 1.65%, 个股涨幅 1.05%",,,否,,
2026-09-03 02:07:36,000751,锌业股份,工业金属,0.2,"板块均值 1.07%, 个股涨幅 0.20%",,,否,,
2026-09-03 02:07:36,000752,*ST西发,非白酒,-0.12,ST股,,,否,,
2026-09-03 02:07:36,000755,山西高速,铁路公路,0.0,"板块均值 0.98%, 个股涨幅 0.00%",,,否,,
2026-09-03 02:07:36,000757,浩物股份,汽车服务,-0.89,"板块均值 0.60%, 个股涨幅 -0.89%",,,否,,
2026-09-03 02:07:36,000758,中色股份,工业金属,0.64,"板块均值 1.07%, 个股涨幅 0.64%",,,否,,
2026-09-03 02:07:36,000762,西藏矿业,能源金属,0.92,"板块均值 1.17%, 个股涨幅 0.92%",,,否,,
2026-09-03 02:07:36,000767,晋控电力,电力,0.0,"板块均值 0.72%, 个股涨幅 0.00%",,,否,,
2026-09-03 02:07:36,000603,盛达资源,工业金属,2.12,均线未呈多头排列,,,否,,
2026-09-03 02:07:36,000612,焦作万方,工业金属,2.07,均线未呈多头排列,,,否,,
2026-09-03 02:07:36,000625,长安汽车,乘用车,0.57,均线未呈多头排列,,,否,,
2026-09-03 02:07:36,000665,湖北广电,电视广播Ⅱ,1.2,均线未呈多头排列,,,否,,
2026-09-03 02:07:36,000430,张家界,旅游及景区,5.4,周线未呈多头排列,,,否,,
2026-09-03 02:07:36,000672,上峰材料,水泥,0.55,均线未向上倾斜,,,否,,
2026-09-03 02:07:36,000793,ST华闻,出版,-0.48,ST股,,,否,,
2026-09-03 02:07:36,000796,凯撒旅业,旅游及景区,0.0,"板块均值 0.80%, 个股涨幅 0.00%",,,否,,
2026-09-03 02:07:36,000678,襄阳轴承,汽车零部件,1.19,均线未呈多头排列,,,否,,
2026-09-03 02:07:36,000802,北京文化,影视院线,1.96,"板块均值 3.29%, 个股涨幅 1.96%",,,否,,
2026-09-03 02:07:36,000525,红太阳,农化制品,0.64,周线未呈多头排列,,,否,,
2026-09-03 02:07:36,000810,创维数字,黑色家电,-0.4,"板块均值 0.40%, 个股涨幅 -0.40%",,,否,,
2026-09-03 02:07:36,000812,陕西金叶,包装印刷,-0.53,"板块均值 0.62%, 个股涨幅 -0.53%",,,否,,
2026-09-03 02:07:36,000816,智慧农业,汽车零部件,-1.02,"板块均值 0.15%, 个股涨幅 -1.02%",,,否,,
2026-09-03 02:07:36,000818,航锦科技,化学原料,0.16,"板块均值 0.26%, 个股涨幅 0.16%",,,否,,
2026-09-03 02:07:36,000819,岳阳兴长,炼化及贸易,0.65,"板块均值 0.69%, 个股涨幅 0.65%",,,否,,
2026-09-03 02:07:36,000680,山推股份,工程机械,1.06,均线未呈多头排列,,,否,,
2026-09-03 02:07:36,000828,东莞控股,铁路公路,0.3,"板块均值 0.98%, 个股涨幅 0.30%",,,否,,
2026-09-03 02:07:36,000700,模塑科技,汽车零部件,2.54,均线未呈多头排列,,,否,,
2026-09-03 02:07:36,000703,恒逸石化,炼化及贸易,1.4,均线未呈多头排列,,,否,,
2026-09-03 02:07:36,000719,中原传媒,出版,3.12,均线未呈多头排列,,,否,,
2026-09-03 02:07:36,000869,张 裕Ａ,非白酒,0.25,"板块均值 0.77%, 个股涨幅 0.25%",,,否,,
2026-09-03 02:07:36,000875,电投绿能,电力,0.2,"板块均值 0.72%, 个股涨幅 0.20%",,,否,,
2026-09-03 02:07:36,000877,天山股份,水泥,0.0,"板块均值 0.05%, 个股涨幅 0.00%",,,否,,
2026-09-03 02:07:36,000553,安道麦A,农化制品,0.53,周线未呈多头排列,,,否,,
2026-09-03 02:07:36,000558,天府文旅,旅游及景区,1.03,周线未呈多头排列,,,否,,
2026-09-03 02:07:36,000886,海南高速,铁路公路,0.42,"板块均值 0.98%, 个股涨幅 0.42%",,,否,,
2026-09-03 02:07:36,000887,中鼎股份,汽车零部件,-0.42,"板块均值 0.15%, 个股涨幅 -0.42%",,,否,,
2026-09-03 02:07:36,000888,峨眉山Ａ,旅游及景区,0.19,"板块均值 0.80%, 个股涨幅 0.19%",,,否,,
2026-09-03 02:07:36,000776,广发证券,证券Ⅱ,3.79,均线未向上倾斜,,,否,,
2026-09-03 02:07:36,000581,威孚高科,汽车零部件,0.6,周线未呈多头排列,,,否,,
2026-09-03 02:07:36,000899,赣能股份,电力,0.64,"板块均值 0.72%, 个股涨幅 0.64%",,,否,,
2026-09-03 02:07:36,000900,现代投资,铁路公路,0.82,"板块均值 0.98%, 个股涨幅 0.82%",,,否,,
2026-09-03 02:07:36,000901,航天科技,汽车零部件,-0.14,"板块均值 0.15%, 个股涨幅 -0.14%",,,否,,
2026-09-03 02:07:36,000589,贵州轮胎,汽车零部件,0.46,周线未呈多头排列,,,否,,
2026-09-03 02:07:36,000903,ST云动,汽车零部件,0.53,ST股,,,否,,
2026-09-03 02:07:36,000905,厦门港务,航运港口,1.35,"板块均值 2.04%, 个股涨幅 1.35%",,,否,,
2026-09-03 02:07:36,000786,北新建材,装修建材,0.6,均线未呈多头排列,,,否,,
2026-09-03 02:07:36,000912,泸天化,农化制品,-1.37,"板块均值 -0.02%, 个股涨幅 -1.37%",,,否,,
2026-09-03 02:07:36,000791,甘肃能源,电力,0.83,均线未呈多头排列,,,否,,
2026-09-03 02:07:36,000792,盐湖股份,农化制品,1.3,均线未呈多头排列,,,否,,
2026-09-03 02:07:36,000922,佳电股份,电机Ⅱ,0.25,"板块均值 1.62%, 个股涨幅 0.25%",,,否,,
2026-09-03 02:07:36,000830,鲁西化工,化学原料,1.02,均线未向上倾斜,,,否,,
2026-09-03 02:07:36,000925,众合科技,轨交设备Ⅱ,-1.15,"板块均值 0.62%, 个股涨幅 -1.15%",,,否,,
2026-09-03 02:07:36,000927,中国铁物,轨交设备Ⅱ,0.4,"板块均值 0.62%, 个股涨幅 0.40%",,,否,,
2026-09-03 02:07:36,000683,博源化工,化学原料,0.65,周线未呈多头排列,,,否,,
2026-09-03 02:07:36,000848,承德露露,饮料乳品,1.31,均线未呈多头排列,,,否,,
2026-09-03 02:07:36,000935,四川双马,多元金融,0.22,"板块均值 0.99%, 个股涨幅 0.22%",,,否,,
2026-09-03 02:07:36,000937,冀中能源,煤炭开采,1.59,"板块均值 1.65%, 个股涨幅 1.59%",,,否,,
2026-09-03 02:07:36,000948,南天信息,软件开发,-0.34,"板块均值 0.57%, 个股涨幅 -0.34%",,,否,,
2026-09-03 02:07:36,000958,电投产融,电力,0.38,"板块均值 0.72%, 个股涨幅 0.38%",,,否,,
2026-09-03 02:07:36,000966,长源电力,电力,0.49,"板块均值 0.72%, 个股涨幅 0.49%",,,否,,
2026-09-03 02:07:36,000975,山金国际,贵金属,1.74,"板块均值 1.91%, 个股涨幅 1.74%",,,否,,
2026-09-03 02:07:36,000862,银星能源,电力,0.94,均线未呈多头排列,,,否,,
2026-09-03 02:07:36,000978,桂林旅游,旅游及景区,-0.15,"板块均值 0.80%, 个股涨幅 -0.15%",,,否,,
2026-09-03 02:07:36,000980,众泰汽车,汽车零部件,-2.33,"板块均值 0.15%, 个股涨幅 -2.33%",,,否,,
2026-09-03 02:07:36,000981,山子高科,汽车零部件,-0.37,"板块均值 0.15%, 个股涨幅 -0.37%",,,否,,
2026-09-03 02:07:36,000983,山西焦煤,煤炭开采,1.29,"板块均值 1.65%, 个股涨幅 1.29%",,,否,,
2026-09-03 02:07:36,000985,大庆华科,炼化及贸易,-3.83,"板块均值 0.69%, 个股涨幅 -3.83%",,,否,,
2026-09-03 02:07:36,000712,锦龙股份,证券Ⅱ,4.63,周线未呈多头排列,,,否,,
2026-09-03 02:07:36,000731,四川美丰,农化制品,1.25,周线未呈多头排列,,,否,,
2026-09-03 02:07:36,000883,湖北能源,电力,1.11,均线未呈多头排列,,,否,,
2026-09-03 02:07:36,000783,长江证券,证券Ⅱ,5.86,近20日无涨停,,,否,,
2026-09-03 02:07:36,001202,炬申股份,物流,0.14,"板块均值 0.16%, 个股涨幅 0.14%",,,否,,
2026-09-03 02:07:36,000917,电广传媒,电视广播Ⅱ,0.96,均线未呈多头排列,,,否,,
2026-09-03 02:07:36,001205,盛航股份,航运港口,1.29,"板块均值 2.04%, 个股涨幅 1.29%",,,否,,
2026-09-03 02:07:36,000789,万年青,水泥,0.24,周线未呈多头排列,,,否,,
2026-09-03 02:07:36,001210,金房能源,电力,-0.9,"板块均值 0.72%, 个股涨幅 -0.90%",,,否,,
2026-09-03 02:07:36,000801,四川九洲,黑色家电,0.88,周线未呈多头排列,,,否,,
2026-09-03 02:07:36,001213,中铁特货,铁路公路,0.28,"板块均值 0.98%, 个股涨幅 0.28%",,,否,,
2026-09-03 02:07:36,001217,华尔泰,化学原料,-0.19,"板块均值 0.26%, 个股涨幅 -0.19%",,,否,,
2026-09-03 02:07:36,001220,世盟股份,物流,-0.41,"板块均值 0.16%, 个股涨幅 -0.41%",,,否,,
2026-09-03 02:07:36,001222,源飞宠物,文娱用品,0.81,"板块均值 0.94%, 个股涨幅 0.81%",,,否,,
2026-09-03 02:07:36,001226,拓山重工,工程机械,-0.65,"板块均值 0.35%, 个股涨幅 -0.65%",,,否,,
2026-09-03 02:07:36,001227,兰州银行,城商行Ⅱ,0.0,"板块均值 0.96%, 个股涨幅 0.00%",,,否,,
2026-09-03 02:07:36,001228,永泰运,物流,-0.04,"板块均值 0.16%, 个股涨幅 -0.04%",,,否,,
2026-09-03 02:07:36,000807,云铝股份,工业金属,4.18,周线未呈多头排列,,,否,,
2026-09-03 02:07:36,001231,农心科技,农化制品,-0.98,"板块均值 -0.02%, 个股涨幅 -0.98%",,,否,,
2026-09-03 02:07:36,001233,海安集团,汽车零部件,-0.82,"板块均值 0.15%, 个股涨幅 -0.82%",,,否,,
2026-09-03 02:07:36,000822,山东海化,化学原料,0.9,周线未呈多头排列,,,否,,
2026-09-03 02:07:36,001238,浙江正特,文娱用品,-0.63,"板块均值 0.94%, 个股涨幅 -0.63%",,,否,,
2026-09-03 02:07:36,001239,永达股份,工程机械,0.08,"板块均值 0.35%, 个股涨幅 0.08%",,,否,,
2026-09-03 02:07:36,001248,华润新能,电力,0.0,"板块均值 0.72%, 个股涨幅 0.00%",,,否,,
2026-09-03 02:07:36,001258,立新能源,电力,-1.12,"板块均值 0.72%, 个股涨幅 -1.12%",,,否,,
2026-09-03 02:07:36,000977,浪潮信息,计算机设备,2.38,均线未向上倾斜,,,否,,
2026-09-03 02:07:36,001260,坤泰股份,汽车零部件,0.0,"板块均值 0.15%, 个股涨幅 0.00%",,,否,,
2026-09-03 02:07:36,000987,越秀资本,多元金融,1.05,均线未向上倾斜,,,否,,
2026-09-03 02:07:36,001278,一彬科技,汽车零部件,-6.86,"板块均值 0.15%, 个股涨幅 -6.86%",,,否,,
2026-09-03 02:07:36,000990,诚志股份,化学原料,0.45,均线未呈多头排列,,,否,,
2026-09-03 02:07:36,000878,云南铜业,工业金属,1.49,周线未呈多头排列,,,否,,
2026-09-03 02:07:36,000993,闽东电力,电力,4.09,均线未呈多头排列,,,否,,
2026-09-03 02:07:36,000892,欢瑞世纪,影视院线,10.0,周线未呈多头排列,,,否,,
2026-09-03 02:07:36,000893,亚钾国际,农化制品,1.04,周线未呈多头排列,,,否,,
2026-09-03 02:07:36,001289,龙源电力,电力,0.33,"板块均值 0.72%, 个股涨幅 0.33%",,,否,,
2026-09-03 02:07:36,000902,新洋丰,农化制品,0.84,周线未呈多头排列,,,否,,
2026-09-03 02:07:36,000906,浙商中拓,物流,1.17,周线未呈多头排列,,,否,,
2026-09-03 02:07:36,001203,大中矿业,冶钢原料,2.8,均线未呈多头排列,,,否,,
2026-09-03 02:07:36,001208,华菱线缆,电网设备,0.21,均线未呈多头排列,,,否,,
2026-09-03 02:07:36,001316,润贝航科,炼化及贸易,-0.48,"板块均值 0.69%, 个股涨幅 -0.48%",,,否,,
2026-09-03 02:07:36,001212,中旗新材,装修建材,1.29,均线未呈多头排列,,,否,,
2026-09-03 02:07:36,000921,海信家电,白色家电,3.89,近20日无涨停,,,否,,
2026-09-03 02:07:36,000923,河钢资源,冶钢原料,0.55,周线未呈多头排列,,,否,,
2026-09-03 02:07:36,001324,长青科技,轨交设备Ⅱ,-0.26,"板块均值 0.62%, 个股涨幅 -0.26%",,,否,,
2026-09-03 02:07:36,001229,魅视科技,计算机设备,0.16,均线未呈多头排列,,,否,,
2026-09-03 02:07:36,001259,利仁科技,小家电,0.66,均线未呈多头排列,,,否,,
2026-09-03 02:07:36,001337,四川黄金,贵金属,0.72,"板块均值 1.91%, 个股涨幅 0.72%",,,否,,
2026-09-03 02:07:36,001339,智微智能,计算机设备,-0.83,"板块均值 0.12%, 个股涨幅 -0.83%",,,否,,
2026-09-03 02:07:36,001365,天海电子,汽车零部件,-1.72,"板块均值 0.15%, 个股涨幅 -1.72%",,,否,,
2026-09-03 02:07:36,001368,通达创智,文娱用品,0.51,"板块均值 0.94%, 个股涨幅 0.51%",,,否,,
2026-09-03 02:07:36,001376,百通能源,电力,0.7,"板块均值 0.72%, 个股涨幅 0.70%",,,否,,
2026-09-03 02:07:36,000929,兰州黄河,非白酒,1.06,周线未呈多头排列,,,否,,
2026-09-03 02:07:36,000933,神火股份,工业金属,3.46,周线未呈多头排列,,,否,,
2026-09-03 02:07:36,001387,雪祺电气,白色家电,-0.57,"板块均值 1.05%, 个股涨幅 -0.57%",,,否,,
2026-09-03 02:07:36,001388,信通电子,电网设备,-1.86,"板块均值 0.13%, 个股涨幅 -1.86%",,,否,,
2026-09-03 02:07:36,001391,国货航,物流,0.0,"板块均值 0.16%, 个股涨幅 0.00%",,,否,,
2026-09-03 02:07:36,001393,维通利,电网设备,-2.89,"板块均值 0.13%, 个股涨幅 -2.89%",,,否,,
2026-09-03 02:07:36,001872,招商港口,航运港口,0.75,"板块均值 2.04%, 个股涨幅 0.75%",,,否,,
2026-09-03 02:07:36,001896,豫能控股,电力,-0.77,"板块均值 0.72%, 个股涨幅 -0.77%",,,否,,
2026-09-03 02:07:36,001965,招商公路,铁路公路,0.3,"板块均值 0.98%, 个股涨幅 0.30%",,,否,,
2026-09-03 02:07:36,002005,德豪润达,小家电,-2.02,"板块均值 0.11%, 个股涨幅 -2.02%",,,否,,
2026-09-03 02:07:36,001282,三联锻造,汽车零部件,0.49,均线未呈多头排列,,,否,,
2026-09-03 02:07:36,000997,新 大 陆,计算机设备,3.1,周线未呈多头排列,,,否,,
2026-09-03 02:07:36,002014,永新股份,包装印刷,0.17,"板块均值 0.62%, 个股涨幅 0.17%",,,否,,
2026-09-03 02:07:36,001286,陕西能源,电力,1.15,均线未呈多头排列,,,否,,
2026-09-03 02:07:36,001301,尚太科技,电池,0.48,均线未呈多头排列,,,否,,
2026-09-03 02:07:36,001311,多利科技,汽车零部件,0.23,均线未呈多头排列,,,否,,
2026-09-03 02:07:36,001317,三羊马,铁路公路,1.8,均线未呈多头排列,,,否,,
2026-09-03 02:07:36,002035,华帝股份,厨卫电器,0.43,"板块均值 0.57%, 个股涨幅 0.43%",,,否,,
2026-09-03 02:07:36,001331,胜通能源,燃气Ⅱ,1.29,均线未呈多头排列,,,否,,
2026-09-03 02:07:36,002040,南 京 港,航运港口,2.03,"板块均值 2.04%, 个股涨幅 2.03%",,,否,,
2026-09-03 02:07:36,001236,弘业期货,多元金融,1.47,周线未呈多头排列,,,否,,
2026-09-03 02:07:36,001382,新亚电缆,电网设备,0.82,均线未呈多头排列,,,否,,
2026-09-03 02:07:36,002010,传化智联,物流,0.22,均线未呈多头排列,,,否,,
2026-09-03 02:07:36,001268,联合精密,家电零部件Ⅱ,1.75,周线未呈多头排列,,,否,,
2026-09-03 02:07:36,002058,紫竹高科,电池,-0.18,"板块均值 0.08%, 个股涨幅 -0.18%",,,否,,
2026-09-03 02:07:36,001279,强邦新材,包装印刷,2.51,周线未呈多头排列,,,否,,
2026-09-03 02:07:36,002063,远光软件,软件开发,0.18,"板块均值 0.57%, 个股涨幅 0.18%",,,否,,
2026-09-03 02:07:36,002066,瑞泰科技,装修建材,-0.04,"板块均值 0.09%, 个股涨幅 -0.04%",,,否,,
2026-09-03 02:07:36,002011,盾安环境,家电零部件Ⅱ,0.0,均线未呈多头排列,,,否,,
2026-09-03 02:07:36,002085,万丰奥威,汽车零部件,-0.57,"板块均值 0.15%, 个股涨幅 -0.57%",,,否,,
2026-09-03 02:07:36,002088,鲁阳节能,装修建材,-0.37,"板块均值 0.09%, 个股涨幅 -0.37%",,,否,,
2026-09-03 02:07:36,002090,金智科技,电网设备,0.0,"板块均值 0.13%, 个股涨幅 0.00%",,,否,,
2026-09-03 02:07:36,001283,豪鹏科技,电池,0.17,周线未呈多头排列,,,否,,
2026-09-03 02:07:36,002095,生 意 宝,数字媒体,0.0,"板块均值 1.52%, 个股涨幅 0.00%",,,否,,
2026-09-03 02:07:36,002097,山河智能,工程机械,-0.53,"板块均值 0.35%, 个股涨幅 -0.53%",,,否,,
2026-09-03 02:07:36,002101,广东鸿图,汽车零部件,0.11,"板块均值 0.15%, 个股涨幅 0.11%",,,否,,
2026-09-03 02:07:36,002103,广博股份,文娱用品,0.73,"板块均值 0.94%, 个股涨幅 0.73%",,,否,,
2026-09-03 02:07:36,002109,ST兴化,化学原料,-1.04,ST股,,,否,,
2026-09-03 02:07:36,002112,三变科技,电网设备,-0.39,"板块均值 0.13%, 个股涨幅 -0.39%",,,否,,
2026-09-03 02:07:36,002114,罗平锌电,工业金属,0.26,"板块均值 1.07%, 个股涨幅 0.26%",,,否,,
2026-09-03 02:07:36,002117,东港股份,包装印刷,-0.24,"板块均值 0.62%, 个股涨幅 -0.24%",,,否,,
2026-09-03 02:07:36,001285,瑞立科密,汽车零部件,0.16,周线未呈多头排列,,,否,,
2026-09-03 02:07:36,002028,思源电气,电网设备,0.59,均线未呈多头排列,,,否,,
2026-09-03 02:07:36,001299,美能能源,燃气Ⅱ,9.97,周线未呈多头排列,,,否,,
2026-09-03 02:07:36,002126,银轮股份,汽车零部件,-0.51,"板块均值 0.15%, 个股涨幅 -0.51%",,,否,,
2026-09-03 02:07:36,002128,电投能源,煤炭开采,1.19,"板块均值 1.65%, 个股涨幅 1.19%",,,否,,
2026-09-03 02:07:36,002136,安 纳 达,化学原料,-0.31,"板块均值 0.26%, 个股涨幅 -0.31%",,,否,,
2026-09-03 02:07:36,001300,三柏硕,文娱用品,1.69,周线未呈多头排列,,,否,,
2026-09-03 02:07:36,002145,钛能化学,化学原料,0.23,"板块均值 0.26%, 个股涨幅 0.23%",,,否,,
2026-09-03 02:07:36,002032,苏 泊 尔,小家电,0.28,均线未呈多头排列,,,否,,
2026-09-03 02:07:36,002153,石基信息,软件开发,0.5,"板块均值 0.57%, 个股涨幅 0.50%",,,否,,
2026-09-03 02:07:36,002039,黔源电力,电力,0.87,均线未向上倾斜,,,否,,
2026-09-03 02:07:36,002159,三特索道,旅游及景区,0.07,"板块均值 0.80%, 个股涨幅 0.07%",,,否,,
2026-09-03 02:07:36,002160,常铝股份,工业金属,-0.24,"板块均值 1.07%, 个股涨幅 -0.24%",,,否,,
2026-09-03 02:07:36,002168,ST惠程,电网设备,1.33,ST股,,,否,,
2026-09-03 02:07:36,002169,智光电气,电网设备,-0.4,"板块均值 0.13%, 个股涨幅 -0.40%",,,否,,
2026-09-03 02:07:36,001318,阳光乳业,饮料乳品,-0.09,周线未呈多头排列,,,否,,
2026-09-03 02:07:36,002171,楚江新材,工业金属,-0.9,"板块均值 1.07%, 个股涨幅 -0.90%",,,否,,
2026-09-03 02:07:36,001319,铭科精技,汽车零部件,0.34,周线未呈多头排列,,,否,,
2026-09-03 02:07:36,002176,江特电机,电机Ⅱ,1.13,"板块均值 1.62%, 个股涨幅 1.13%",,,否,,
2026-09-03 02:07:36,002178,延华智能,软件开发,0.42,"板块均值 0.57%, 个股涨幅 0.42%",,,否,,
2026-09-03 02:07:36,002180,奔图科技,计算机设备,-0.47,"板块均值 0.12%, 个股涨幅 -0.47%",,,否,,
2026-09-03 02:07:36,002181,粤 传 媒,出版,-1.22,"板块均值 1.45%, 个股涨幅 -1.22%",,,否,,
2026-09-03 02:07:36,002186,全 聚 德,酒店餐饮,0.72,"板块均值 0.78%, 个股涨幅 0.72%",,,否,,
2026-09-03 02:07:36,002190,成飞集成,汽车零部件,-1.93,"板块均值 0.15%, 个股涨幅 -1.93%",,,否,,
2026-09-03 02:07:36,002191,劲嘉股份,包装印刷,-0.27,"板块均值 0.62%, 个股涨幅 -0.27%",,,否,,
2026-09-03 02:07:36,002192,融捷股份,能源金属,1.0,"板块均值 1.17%, 个股涨幅 1.00%",,,否,,
2026-09-03 02:07:36,001330,博纳影业,影视院线,10.07,周线未呈多头排列,,,否,,
2026-09-03 02:07:36,002043,兔 宝 宝,装修建材,1.94,均线未呈多头排列,,,否,,
2026-09-03 02:07:36,002203,海亮股份,工业金属,0.72,"板块均值 1.07%, 个股涨幅 0.72%",,,否,,
2026-09-03 02:07:36,002205,国统股份,水泥,-0.91,"板块均值 0.05%, 个股涨幅 -0.91%",,,否,,
2026-09-03 02:07:36,002212,天融信,软件开发,-0.6,"板块均值 0.57%, 个股涨幅 -0.60%",,,否,,
2026-09-03 02:07:36,002218,拓日新能,电力,-0.25,"板块均值 0.72%, 个股涨幅 -0.25%",,,否,,
2026-09-03 02:07:36,002221,东华能源,炼化及贸易,0.34,"板块均值 0.69%, 个股涨幅 0.34%",,,否,,
2026-09-03 02:07:36,002048,宁波华翔,汽车零部件,0.16,均线未呈多头排列,,,否,,
2026-09-03 02:07:36,002228,合兴包装,包装印刷,0.0,"板块均值 0.62%, 个股涨幅 0.00%",,,否,,
2026-09-03 02:07:36,002230,科大讯飞,软件开发,0.13,"板块均值 0.57%, 个股涨幅 0.13%",,,否,,
2026-09-03 02:07:36,001380,华纬科技,汽车零部件,0.45,周线未呈多头排列,,,否,,
2026-09-03 02:07:36,002050,三花智控,家电零部件Ⅱ,2.25,均线未呈多头排列,,,否,,
2026-09-03 02:07:36,002237,恒邦股份,贵金属,1.73,"板块均值 1.91%, 个股涨幅 1.73%",,,否,,
2026-09-03 02:07:36,002238,天威视讯,电视广播Ⅱ,0.15,"板块均值 0.56%, 个股涨幅 0.15%",,,否,,
2026-09-03 02:07:36,002239,奥特佳,汽车零部件,-0.77,"板块均值 0.15%, 个股涨幅 -0.77%",,,否,,
2026-09-03 02:07:36,002053,云南能投,电力,1.18,均线未呈多头排列,,,否,,
2026-09-03 02:07:36,002074,国轩高科,电池,0.54,均线未呈多头排列,,,否,,
2026-09-03 02:07:36,002245,蔚蓝锂芯,电池,-0.4,"板块均值 0.08%, 个股涨幅 -0.40%",,,否,,
2026-09-03 02:07:36,002247,聚力文化,装修建材,-0.4,"板块均值 0.09%, 个股涨幅 -0.40%",,,否,,
2026-09-03 02:07:36,002249,大洋电机,电机Ⅱ,1.51,"板块均值 1.62%, 个股涨幅 1.51%",,,否,,
2026-09-03 02:07:36,002250,联化科技,农化制品,-0.76,"板块均值 -0.02%, 个股涨幅 -0.76%",,,否,,
2026-09-03 02:07:36,002120,韵达股份,物流,0.59,均线未向上倾斜,,,否,,
2026-09-03 02:07:36,002256,兆新股份,电力,-0.3,"板块均值 0.72%, 个股涨幅 -0.30%",,,否,,
2026-09-03 02:07:36,002121,科陆电子,电网设备,0.2,均线未呈多头排列,,,否,,
2026-09-03 02:07:36,002259,升达林业,燃气Ⅱ,-1.14,"板块均值 0.35%, 个股涨幅 -1.14%",,,否,,
2026-09-03 02:07:36,002261,拓维信息,软件开发,0.08,"板块均值 0.57%, 个股涨幅 0.08%",,,否,,
2026-09-03 02:07:36,002265,建设工业,汽车零部件,-2.15,"板块均值 0.15%, 个股涨幅 -2.15%",,,否,,
2026-09-03 02:07:36,002015,协鑫能科,电力,2.11,周线未呈多头排列,,,否,,
2026-09-03 02:07:36,002125,湘潭电化,电池,0.48,均线未呈多头排列,,,否,,
2026-09-03 02:07:36,002270,华明装备,电网设备,-0.21,"板块均值 0.13%, 个股涨幅 -0.21%",,,否,,
2026-09-03 02:07:36,002152,广电运通,计算机设备,0.3,均线未呈多头排列,,,否,,
2026-09-03 02:07:36,002274,华昌化工,化学原料,-6.18,"板块均值 0.26%, 个股涨幅 -6.18%",,,否,,
2026-09-03 02:07:36,002033,丽江股份,旅游及景区,1.08,周线未呈多头排列,,,否,,
2026-09-03 02:07:36,002279,久其软件,软件开发,0.28,"板块均值 0.57%, 个股涨幅 0.28%",,,否,,
2026-09-03 02:07:36,002283,天润工业,汽车零部件,-0.12,"板块均值 0.15%, 个股涨幅 -0.12%",,,否,,
2026-09-03 02:07:36,002174,游族网络,游戏Ⅱ,4.65,均线未呈多头排列,,,否,,
2026-09-03 02:07:36,002290,禾盛新材,家电零部件Ⅱ,-1.02,"板块均值 -0.09%, 个股涨幅 -1.02%",,,否,,
2026-09-03 02:07:36,002292,奥飞娱乐,影视院线,0.12,"板块均值 3.29%, 个股涨幅 0.12%",,,否,,
2026-09-03 02:07:36,002295,精艺股份,工业金属,-1.2,"板块均值 1.07%, 个股涨幅 -1.20%",,,否,,
2026-09-03 02:07:36,002298,中电鑫龙,软件开发,-2.89,"板块均值 0.57%, 个股涨幅 -2.89%",,,否,,
2026-09-03 02:07:36,002196,方正电机,电机Ⅱ,10.01,均线未呈多头排列,,,否,,
2026-09-03 02:07:36,002301,齐心集团,文娱用品,0.74,"板块均值 0.94%, 个股涨幅 0.74%",,,否,,
2026-09-03 02:07:36,002197,证通电子,计算机设备,1.13,均线未呈多头排列,,,否,,
2026-09-03 02:07:36,002303,美盈森,包装印刷,-0.92,"板块均值 0.62%, 个股涨幅 -0.92%",,,否,,
2026-09-03 02:07:36,002306,ST云网,酒店餐饮,4.89,ST股,,,否,,
2026-09-03 02:07:36,002309,中利集团,电网设备,-0.66,"板块均值 0.13%, 个股涨幅 -0.66%",,,否,,
2026-09-03 02:07:36,002310,东方新能,电力,0.43,"板块均值 0.72%, 个股涨幅 0.43%",,,否,,
2026-09-03 02:07:36,002225,濮耐股份,装修建材,0.27,均线未呈多头排列,,,否,,
2026-09-03 02:07:36,002320,海峡股份,航运港口,1.89,"板块均值 2.04%, 个股涨幅 1.89%",,,否,,
2026-09-03 02:07:36,002322,理工能科,软件开发,0.39,"板块均值 0.57%, 个股涨幅 0.39%",,,否,,
2026-09-03 02:07:36,002233,塔牌集团,水泥,0.28,均线未呈多头排列,,,否,,
2026-09-03 02:07:36,002329,皇氏集团,饮料乳品,-2.25,"板块均值 -0.38%, 个股涨幅 -2.25%",,,否,,
2026-09-03 02:07:36,002333,罗普斯金,装修建材,-0.71,"板块均值 0.09%, 个股涨幅 -0.71%",,,否,,
2026-09-03 02:07:36,002339,积成电子,电网设备,-0.13,"板块均值 0.13%, 个股涨幅 -0.13%",,,否,,
2026-09-03 02:07:36,002236,大华股份,计算机设备,0.18,均线未呈多头排列,,,否,,
2026-09-03 02:07:36,002343,慈文传媒,影视院线,1.46,"板块均值 3.29%, 个股涨幅 1.46%",,,否,,
2026-09-03 02:07:36,002346,柘中股份,电网设备,-1.39,"板块均值 0.13%, 个股涨幅 -1.39%",,,否,,
2026-09-03 02:07:36,002240,盛新锂能,能源金属,2.09,均线未呈多头排列,,,否,,
2026-09-03 02:07:36,002350,北京科锐,电网设备,-2.52,"板块均值 0.13%, 个股涨幅 -2.52%",,,否,,
2026-09-03 02:07:36,002242,九阳股份,小家电,0.6,均线未呈多头排列,,,否,,
2026-09-03 02:07:36,002059,云南旅游,旅游及景区,10.1,周线未呈多头排列,,,否,,
2026-09-03 02:07:36,002357,富临运业,铁路公路,0.09,"板块均值 0.98%, 个股涨幅 0.09%",,,否,,
2026-09-03 02:07:36,002092,中泰化学,化学原料,1.25,周线未呈多头排列,,,否,,
2026-09-03 02:07:36,002362,汉王科技,软件开发,-0.3,"板块均值 0.57%, 个股涨幅 -0.30%",,,否,,
2026-09-03 02:07:36,002267,陕天然气,燃气Ⅱ,0.55,均线未向上倾斜,,,否,,
2026-09-03 02:07:36,002268,电科网安,计算机设备,0.21,均线未呈多头排列,,,否,,
2026-09-03 02:07:36,002374,中锐股份,包装印刷,-0.32,"板块均值 0.62%, 个股涨幅 -0.32%",,,否,,
2026-09-03 02:07:36,002271,东方雨虹,装修建材,3.21,均线未呈多头排列,,,否,,
2026-09-03 02:07:36,002377,国创高新,炼化及贸易,-1.07,"板块均值 0.69%, 个股涨幅 -1.07%",,,否,,
2026-09-03 02:07:36,002142,宁波银行,城商行Ⅱ,1.57,近20日无涨停,,,否,,
2026-09-03 02:07:36,002276,万马股份,电网设备,0.29,均线未呈多头排列,,,否,,
2026-09-03 02:07:36,002391,长青股份,农化制品,-0.55,"板块均值 -0.02%, 个股涨幅 -0.55%",,,否,,
2026-09-03 02:07:36,002392,北京利尔,装修建材,-0.75,"板块均值 0.09%, 个股涨幅 -0.75%",,,否,,
2026-09-03 02:07:36,002398,垒知集团,装修建材,-0.23,"板块均值 0.09%, 个股涨幅 -0.23%",,,否,,
2026-09-03 02:07:36,002155,湖南黄金,贵金属,2.79,周线未呈多头排列,,,否,,
2026-09-03 02:07:36,002405,四维图新,软件开发,0.32,"板块均值 0.57%, 个股涨幅 0.32%",,,否,,
2026-09-03 02:07:36,002170,芭田股份,农化制品,1.12,周线未呈多头排列,,,否,,
2026-09-03 02:07:36,002300,太阳电缆,电网设备,9.96,均线未呈多头排列,,,否,,
2026-09-03 02:07:36,002410,广联达,软件开发,0.46,"板块均值 0.57%, 个股涨幅 0.46%",,,否,,
2026-09-03 02:07:36,002415,海康威视,计算机设备,0.0,"板块均值 0.12%, 个股涨幅 0.00%",,,否,,
2026-09-03 02:07:36,002418,康盛股份,家电零部件Ⅱ,-6.02,"板块均值 -0.09%, 个股涨幅 -6.02%",,,否,,
2026-09-03 02:07:36,002302,西部建设,水泥,0.84,均线未呈多头排列,,,否,,
2026-09-03 02:07:36,002425,凯撒文化,游戏Ⅱ,1.18,"板块均值 1.92%, 个股涨幅 1.18%",,,否,,
2026-09-03 02:07:36,002429,兆驰股份,黑色家电,-0.37,"板块均值 0.40%, 个股涨幅 -0.37%",,,否,,
2026-09-03 02:07:36,002312,川发龙蟒,农化制品,0.94,均线未呈多头排列,,,否,,
2026-09-03 02:07:36,002439,启明星辰,软件开发,0.08,"板块均值 0.57%, 个股涨幅 0.08%",,,否,,
2026-09-03 02:07:36,002340,格林美,电池,0.62,均线未呈多头排列,,,否,,
2026-09-03 02:07:36,002348,高乐股份,文娱用品,2.33,均线未呈多头排列,,,否,,
2026-09-03 02:07:36,002451,摩恩电气,电网设备,-2.21,"板块均值 0.13%, 个股涨幅 -2.21%",,,否,,
2026-09-03 02:07:36,002452,长高电气,电网设备,-0.78,"板块均值 0.13%, 个股涨幅 -0.78%",,,否,,
2026-09-03 02:07:36,002454,松芝股份,汽车零部件,0.0,"板块均值 0.15%, 个股涨幅 0.00%",,,否,,
2026-09-03 02:07:36,002457,青龙管业,装修建材,-2.05,"板块均值 0.09%, 个股涨幅 -2.05%",,,否,,
2026-09-03 02:07:36,002352,顺丰控股,物流,0.63,均线未呈多头排列,,,否,,
2026-09-03 02:07:36,002461,珠江啤酒,非白酒,0.46,"板块均值 0.77%, 个股涨幅 0.46%",,,否,,
2026-09-03 02:07:36,002358,森源电气,电网设备,0.19,均线未呈多头排列,,,否,,
2026-09-03 02:07:36,002468,申通快递,物流,0.07,"板块均值 0.16%, 个股涨幅 0.07%",,,否,,
2026-09-03 02:07:36,002470,金正大,农化制品,-0.92,"板块均值 -0.02%, 个股涨幅 -0.92%",,,否,,
2026-09-03 02:07:36,002253,川大智胜,软件开发,0.89,周线未呈多头排列,,,否,,
2026-09-03 02:07:36,002258,利尔化学,农化制品,0.69,超额收益 0.73%,2026-08-17,,否,,
2026-09-03 02:07:36,002476,新叶股份,炼化及贸易,0.0,"板块均值 0.69%, 个股涨幅 0.00%",,,否,,
2026-09-03 02:07:36,002379,宏桥控股,工业金属,6.07,均线未呈多头排列,,,否,,
2026-09-03 02:07:36,002480,新筑股份,电力,-0.18,"板块均值 0.72%, 个股涨幅 -0.18%",,,否,,
2026-09-03 02:07:36,002485,ST雪发,物流,-2.04,ST股,,,否,,
2026-09-03 02:07:36,002488,金固股份,汽车零部件,0.0,"板块均值 0.15%, 个股涨幅 0.00%",,,否,,
2026-09-03 02:07:36,002492,恒基达鑫,物流,0.0,"板块均值 0.16%, 个股涨幅 0.00%",,,否,,
2026-09-03 02:07:36,002403,爱仕达,小家电,0.64,均线未呈多头排列,,,否,,
2026-09-03 02:07:36,002496,辉丰股份,农化制品,-1.37,"板块均值 -0.02%, 个股涨幅 -1.37%",,,否,,
2026-09-03 02:07:36,002406,远东传动,汽车零部件,1.32,均线未呈多头排列,,,否,,
2026-09-03 02:07:36,002500,山西证券,证券Ⅱ,0.93,"板块均值 1.65%, 个股涨幅 0.93%",,,否,,
2026-09-03 02:07:36,002501,*ST利源,工业金属,0.0,ST股,,,否,,
2026-09-03 02:07:36,002284,亚太股份,汽车零部件,0.58,周线未呈多头排列,,,否,,
2026-09-03 02:07:36,002434,万里扬,汽车零部件,0.17,均线未呈多头排列,,,否,,
2026-09-03 02:07:36,002512,ST达华,计算机设备,0.72,ST股,,,否,,
2026-09-03 02:07:36,002513,蓝丰生化,农化制品,-1.08,"板块均值 -0.02%, 个股涨幅 -1.08%",,,否,,
2026-09-03 02:07:36,002516,旷达科技,汽车零部件,-0.18,"板块均值 0.15%, 个股涨幅 -0.18%",,,否,,
2026-09-03 02:07:36,002328,新朋股份,汽车零部件,0.65,周线未呈多头排列,,,否,,
2026-09-03 02:07:36,002528,*ST英飞,计算机设备,-0.53,ST股,,,否,,
2026-09-03 02:07:36,002448,中原内配,汽车零部件,0.26,均线未呈多头排列,,,否,,
2026-09-03 02:07:36,002460,赣锋锂业,能源金属,1.69,均线未呈多头排列,,,否,,
2026-09-03 02:07:36,002355,兴民智通,汽车零部件,1.2,周线未呈多头排列,,,否,,
2026-09-03 02:07:36,002471,中超控股,电网设备,1.07,均线未呈多头排列,,,否,,
2026-09-03 02:07:36,002538,ST司特,农化制品,0.14,ST股,,,否,,
2026-09-03 02:07:36,002472,双环传动,汽车零部件,1.46,均线未呈多头排列,,,否,,
2026-09-03 02:07:36,002540,亚太科技,工业金属,0.58,"板块均值 1.07%, 个股涨幅 0.58%",,,否,,
2026-09-03 02:07:36,002543,万和电气,厨卫电器,-1.07,"板块均值 0.57%, 个股涨幅 -1.07%",,,否,,
2026-09-03 02:07:36,002363,隆基机械,汽车零部件,0.29,周线未呈多头排列,,,否,,
2026-09-03 02:07:36,002372,伟星新材,装修建材,0.34,周线未呈多头排列,,,否,,
2026-09-03 02:07:36,002547,*ST春兴,汽车零部件,-2.24,ST股,,,否,,
2026-09-03 02:07:36,002376,新北洋,计算机设备,0.29,周线未呈多头排列,,,否,,
2026-09-03 02:07:36,002386,天原股份,化学原料,0.5,周线未呈多头排列,,,否,,
2026-09-03 02:07:36,002498,汉缆股份,电网设备,5.06,均线未呈多头排列,,,否,,
2026-09-03 02:07:36,002560,通达股份,电网设备,-0.47,"板块均值 0.13%, 个股涨幅 -0.47%",,,否,,
2026-09-03 02:07:36,002565,顺灏股份,包装印刷,-1.04,"板块均值 0.62%, 个股涨幅 -1.04%",,,否,,
2026-09-03 02:07:36,002568,百润股份,非白酒,0.74,"板块均值 0.77%, 个股涨幅 0.74%",,,否,,
2026-09-03 02:07:36,002508,老板电器,厨卫电器,1.27,均线未呈多头排列,,,否,,
2026-09-03 02:07:36,002576,通达动力,电机Ⅱ,0.2,"板块均值 1.62%, 个股涨幅 0.20%",,,否,,
2026-09-03 02:07:36,002577,雷柏科技,计算机设备,-2.21,"板块均值 0.12%, 个股涨幅 -2.21%",,,否,,
2026-09-03 02:07:36,002408,齐翔腾达,炼化及贸易,0.73,周线未呈多头排列,,,否,,
2026-09-03 02:07:36,002580,圣阳股份,电池,-0.91,"板块均值 0.08%, 个股涨幅 -0.91%",,,否,,
2026-09-03 02:07:36,002423,中粮资本,多元金融,1.13,周线未呈多头排列,,,否,,
2026-09-03 02:07:36,002517,恺英网络,游戏Ⅱ,2.33,均线未呈多头排列,,,否,,
2026-09-03 02:07:36,002592,ST八菱,汽车零部件,-0.29,ST股,,,否,,
2026-09-03 02:07:36,002594,比亚迪,乘用车,0.46,"板块均值 0.51%, 个股涨幅 0.46%",,,否,,
2026-09-03 02:07:36,002441,众业达,电网设备,0.35,周线未呈多头排列,,,否,,
2026-09-03 02:07:36,002599,盛通股份,包装印刷,0.17,"板块均值 0.62%, 个股涨幅 0.17%",,,否,,
2026-09-03 02:07:36,002532,天山铝业,工业金属,3.09,均线未呈多头排列,,,否,,
2026-09-03 02:07:36,002533,金杯电工,电网设备,0.61,均线未呈多头排列,,,否,,
2026-09-03 02:07:36,002605,姚记科技,游戏Ⅱ,1.16,"板块均值 1.92%, 个股涨幅 1.16%",,,否,,
2026-09-03 02:07:36,002466,天齐锂业,能源金属,1.25,周线未呈多头排列,,,否,,
2026-09-03 02:07:36,002608,江苏国信,电力,0.56,"板块均值 0.72%, 个股涨幅 0.56%",,,否,,
2026-09-03 02:07:36,002616,长青集团,电力,0.0,"板块均值 0.72%, 个股涨幅 0.00%",,,否,,
2026-09-03 02:07:36,002545,东方铁塔,农化制品,1.08,均线未呈多头排列,,,否,,
2026-09-03 02:07:36,002546,新联电子,电网设备,0.38,均线未呈多头排列,,,否,,
2026-09-03 02:07:36,002627,三峡旅游,旅游及景区,0.41,"板块均值 0.80%, 个股涨幅 0.41%",,,否,,
2026-09-03 02:07:36,002641,公元股份,装修建材,0.0,"板块均值 0.09%, 个股涨幅 0.00%",,,否,,
2026-09-03 02:07:36,002647,仁东控股,多元金融,-0.84,"板块均值 0.99%, 个股涨幅 -0.84%",,,否,,
2026-09-03 02:07:36,002479,富春环保,电力,1.8,近20日无涨停,,,否,,
2026-09-03 02:07:36,002652,扬子新材,装修建材,-1.19,"板块均值 0.09%, 个股涨幅 -1.19%",,,否,,
2026-09-03 02:07:36,002662,峰璟股份,汽车零部件,0.0,"板块均值 0.15%, 个股涨幅 0.00%",,,否,,
2026-09-03 02:07:36,002553,南方精工,汽车零部件,0.54,均线未呈多头排列,,,否,,
2026-09-03 02:07:36,002668,TCL智家,白色家电,0.0,"板块均值 1.05%, 个股涨幅 0.00%",,,否,,
2026-09-03 02:07:36,002555,三七互娱,游戏Ⅱ,1.93,均线未呈多头排列,,,否,,
2026-09-03 02:07:36,002671,龙泉股份,水泥,-0.74,"板块均值 0.05%, 个股涨幅 -0.74%",,,否,,
2026-09-03 02:07:36,002493,荣盛石化,炼化及贸易,2.44,近20日无涨停,,,否,,
2026-09-03 02:07:36,002676,顺威股份,家电零部件Ⅱ,-0.19,"板块均值 -0.09%, 个股涨幅 -0.19%",,,否,,
2026-09-03 02:07:36,002677,浙江美大,厨卫电器,-0.15,"板块均值 0.57%, 个股涨幅 -0.15%",,,否,,
2026-09-03 02:07:36,002678,珠江钢琴,文娱用品,0.0,"板块均值 0.94%, 个股涨幅 0.00%",,,否,,
2026-09-03 02:07:36,002682,龙洲股份,物流,0.0,"板块均值 0.16%, 个股涨幅 0.00%",,,否,,
2026-09-03 02:07:36,002685,华东重机,工程机械,-0.18,"板块均值 0.35%, 个股涨幅 -0.18%",,,否,,
2026-09-03 02:07:36,002558,巨人网络,游戏Ⅱ,3.22,均线未呈多头排列,,,否,,
2026-09-03 02:07:36,002694,*ST顾地,装修建材,1.61,ST股,,,否,,
2026-09-03 02:07:36,002700,万憬能源,燃气Ⅱ,0.3,"板块均值 0.35%, 个股涨幅 0.30%",,,否,,
2026-09-03 02:07:36,002701,奥瑞金,包装印刷,0.23,"板块均值 0.62%, 个股涨幅 0.23%",,,否,,
2026-09-03 02:07:36,002510,天汽模,汽车零部件,1.73,周线未呈多头排列,,,否,,
2026-09-03 02:07:36,002588,史丹利,农化制品,1.13,均线未呈多头排列,,,否,,
2026-09-03 02:07:36,002601,龙佰集团,化学原料,1.09,均线未向上倾斜,,,否,,
2026-09-03 02:07:36,002707,众信旅游,旅游及景区,0.18,"板块均值 0.80%, 个股涨幅 0.18%",,,否,,
2026-09-03 02:07:36,002602,世纪华通,游戏Ⅱ,2.78,均线未呈多头排列,,,否,,
2026-09-03 02:07:36,002606,大连电瓷,电网设备,0.78,均线未呈多头排列,,,否,,
2026-09-03 02:07:36,002715,登云股份,汽车零部件,-1.32,"板块均值 0.15%, 个股涨幅 -1.32%",,,否,,
2026-09-03 02:07:36,002617,露笑科技,电力,1.14,均线未呈多头排列,,,否,,
2026-09-03 02:07:36,002537,海联金汇,汽车零部件,0.63,周线未呈多头排列,,,否,,
2026-09-03 02:07:36,002725,跃岭股份,汽车零部件,0.09,"板块均值 0.15%, 个股涨幅 0.09%",,,否,,
2026-09-03 02:07:36,002539,云图控股,农化制品,1.05,周线未呈多头排列,,,否,,
2026-09-03 02:07:36,002624,完美世界,游戏Ⅱ,2.22,均线未呈多头排列,,,否,,
2026-09-03 02:07:36,002664,信质集团,汽车零部件,0.58,均线未呈多头排列,,,否,,
2026-09-03 02:07:36,002735,王子新材,包装印刷,0.5,"板块均值 0.62%, 个股涨幅 0.50%",,,否,,
2026-09-03 02:07:36,002736,国信证券,证券Ⅱ,0.79,"板块均值 1.65%, 个股涨幅 0.79%",,,否,,
2026-09-03 02:07:36,002739,儒意电影,影视院线,1.56,"板块均值 3.29%, 个股涨幅 1.56%",,,否,,
2026-09-03 02:07:36,002748,世龙实业,化学原料,-0.89,"板块均值 0.26%, 个股涨幅 -0.89%",,,否,,
2026-09-03 02:07:36,002670,国盛证券,证券Ⅱ,10.0,均线未向上倾斜,,,否,,
2026-09-03 02:07:36,002752,昇兴股份,包装印刷,0.33,"板块均值 0.62%, 个股涨幅 0.33%",,,否,,
2026-09-03 02:07:36,002673,西部证券,证券Ⅱ,1.89,周线未呈多头排列,,,否,,
2026-09-03 02:07:36,002758,浙农股份,农化制品,-0.22,"板块均值 -0.02%, 个股涨幅 -0.22%",,,否,,
2026-09-03 02:07:36,002759,ST天际,电池,2.21,ST股,,,否,,
2026-09-03 02:07:36,002765,蓝黛科技,汽车零部件,-1.21,"板块均值 0.15%, 个股涨幅 -1.21%",,,否,,
2026-09-03 02:07:36,002766,索菱股份,汽车零部件,0.0,"板块均值 0.15%, 个股涨幅 0.00%",,,否,,
2026-09-03 02:07:36,002769,普路通,物流,-2.41,"板块均值 0.16%, 个股涨幅 -2.41%",,,否,,
2026-09-03 02:07:36,002705,新宝股份,小家电,0.18,均线未呈多头排列,,,否,,
2026-09-03 02:07:36,002578,闽发铝业,工业金属,1.87,周线未呈多头排列,,,否,,
2026-09-03 02:07:36,002706,良信股份,电网设备,0.76,均线未呈多头排列,,,否,,
2026-09-03 02:07:36,002797,第一创业,证券Ⅱ,0.77,"板块均值 1.65%, 个股涨幅 0.77%",,,否,,
2026-09-03 02:07:36,002799,环球印务,包装印刷,-0.14,"板块均值 0.62%, 个股涨幅 -0.14%",,,否,,
2026-09-03 02:07:36,002800,天顺股份,物流,-0.2,"板块均值 0.16%, 个股涨幅 -0.20%",,,否,,
2026-09-03 02:07:36,002801,微光股份,电机Ⅱ,0.04,"板块均值 1.62%, 个股涨幅 0.04%",,,否,,
2026-09-03 02:07:36,002805,丰元股份,电池,-0.55,"板块均值 0.08%, 个股涨幅 -0.55%",,,否,,
2026-09-03 02:07:36,002806,华锋股份,汽车零部件,0.07,"板块均值 0.15%, 个股涨幅 0.07%",,,否,,
2026-09-03 02:07:36,002590,万安科技,汽车零部件,0.59,周线未呈多头排列,,,否,,
2026-09-03 02:07:36,002596,海南瑞泽,水泥,0.58,周线未呈多头排列,,,否,,
2026-09-03 02:07:36,002709,天赐材料,电池,0.7,均线未呈多头排列,,,否,,
2026-09-03 02:07:36,002823,凯中精密,电机Ⅱ,0.91,"板块均值 1.62%, 个股涨幅 0.91%",,,否,,
2026-09-03 02:07:36,002824,和胜股份,工业金属,-0.2,"板块均值 1.07%, 个股涨幅 -0.20%",,,否,,
2026-09-03 02:07:36,002831,裕同科技,包装印刷,0.53,"板块均值 0.62%, 个股涨幅 0.53%",,,否,,
2026-09-03 02:07:36,002835,同为股份,计算机设备,-0.68,"板块均值 0.12%, 个股涨幅 -0.68%",,,否,,
2026-09-03 02:07:36,002836,新宏泽,包装印刷,-0.3,"板块均值 0.62%, 个股涨幅 -0.30%",,,否,,
2026-09-03 02:07:36,002839,张家港行,农商行Ⅱ,0.92,"板块均值 1.10%, 个股涨幅 0.92%",,,否,,
2026-09-03 02:07:36,002716,湖南白银,贵金属,3.54,均线未呈多头排列,,,否,,
2026-09-03 02:07:36,002536,飞龙股份,汽车零部件,2.44,通过,2026-08-21,37.1,是,否,无法获取分时数据
2026-09-03 02:07:36,002718,友邦吊顶,装修建材,0.31,均线未呈多头排列,,,否,,
2026-09-03 02:07:36,002857,三晖电气,电网设备,-0.26,"板块均值 0.13%, 个股涨幅 -0.26%",,,否,,
2026-09-03 02:07:36,002733,雄韬股份,电池,0.27,均线未呈多头排列,,,否,,
2026-09-03 02:07:36,002862,实丰文化,文娱用品,0.07,"板块均值 0.94%, 个股涨幅 0.07%",,,否,,
2026-09-03 02:07:36,002863,今飞凯达,汽车零部件,-0.61,"板块均值 0.15%, 个股涨幅 -0.61%",,,否,,
2026-09-03 02:07:36,002869,金溢科技,计算机设备,0.06,"板块均值 0.12%, 个股涨幅 0.06%",,,否,,
2026-09-03 02:07:36,002870,香山股份,汽车零部件,0.0,停牌,,,否,,
2026-09-03 02:07:36,002879,长缆科技,电网设备,-0.95,"板块均值 0.13%, 个股涨幅 -0.95%",,,否,,
2026-09-03 02:07:36,002882,金龙羽,电网设备,-0.54,"板块均值 0.13%, 个股涨幅 -0.54%",,,否,,
2026-09-03 02:07:36,002889,东方嘉盛,物流,-0.48,"板块均值 0.16%, 个股涨幅 -0.48%",,,否,,
2026-09-03 02:07:36,002892,科力尔,电机Ⅱ,0.98,"板块均值 1.62%, 个股涨幅 0.98%",,,否,,
2026-09-03 02:07:36,002893,京能热力,电力,-3.67,"板块均值 0.72%, 个股涨幅 -3.67%",,,否,,
2026-09-03 02:07:36,002648,卫星化学,化学原料,1.82,近20日无涨停,,,否,,
2026-09-03 02:07:36,002899,英派斯,文娱用品,0.47,"板块均值 0.94%, 个股涨幅 0.47%",,,否,,
2026-09-03 02:07:36,002905,金逸影视,影视院线,1.45,"板块均值 3.29%, 个股涨幅 1.45%",,,否,,
2026-09-03 02:07:36,002906,华阳集团,汽车零部件,-0.24,"板块均值 0.15%, 个股涨幅 -0.24%",,,否,,
2026-09-03 02:07:36,002756,永兴材料,能源金属,1.7,均线未呈多头排列,,,否,,
2026-09-03 02:07:36,002570,贝因美,饮料乳品,0.0,周线未呈多头排列,,,否,,
2026-09-03 02:07:36,002692,远程股份,电网设备,0.23,周线未呈多头排列,,,否,,
2026-09-03 02:07:36,002919,名臣健康,游戏Ⅱ,1.09,"板块均值 1.92%, 个股涨幅 1.09%",,,否,,
2026-09-03 02:07:36,002703,浙江世宝,汽车零部件,0.4,周线未呈多头排列,,,否,,
2026-09-03 02:07:36,002791,坚朗五金,装修建材,0.88,均线未呈多头排列,,,否,,
2026-09-03 02:07:36,002926,华西证券,证券Ⅱ,0.93,"板块均值 1.65%, 个股涨幅 0.93%",,,否,,
2026-09-03 02:07:36,002812,恩捷股份,电池,0.98,均线未呈多头排列,,,否,,
2026-09-03 02:07:36,002708,光洋股份,汽车零部件,10.03,周线未呈多头排列,,,否,,
2026-09-03 02:07:36,002850,科达利,电池,1.42,均线未呈多头排列,,,否,,
2026-09-03 02:07:36,002936,郑州银行,城商行Ⅱ,0.56,"板块均值 0.96%, 个股涨幅 0.56%",,,否,,
2026-09-03 02:07:36,002860,星帅尔,家电零部件Ⅱ,0.83,均线未呈多头排列,,,否,,
2026-09-03 02:07:36,002939,长城证券,证券Ⅱ,0.99,"板块均值 1.65%, 个股涨幅 0.99%",,,否,,
2026-09-03 02:07:36,002942,新农股份,农化制品,-5.53,"板块均值 -0.02%, 个股涨幅 -5.53%",,,否,,
2026-09-03 02:07:36,002945,华林证券,证券Ⅱ,0.33,"板块均值 1.65%, 个股涨幅 0.33%",,,否,,
2026-09-03 02:07:36,002732,燕塘乳业,饮料乳品,-0.07,周线未呈多头排列,,,否,,
2026-09-03 02:07:36,002948,青岛银行,城商行Ⅱ,0.95,"板块均值 0.96%, 个股涨幅 0.95%",,,否,,
2026-09-03 02:07:36,002953,日丰股份,电网设备,-3.52,"板块均值 0.13%, 个股涨幅 -3.52%",,,否,,
2026-09-03 02:07:36,002958,青农商行,农商行Ⅱ,0.67,"板块均值 1.10%, 个股涨幅 0.67%",,,否,,
2026-09-03 02:07:36,002895,川恒股份,农化制品,1.73,均线未呈多头排列,,,否,,
2026-09-03 02:07:36,002734,利民股份,农化制品,0.91,周线未呈多头排列,,,否,,
2026-09-03 02:07:36,002749,国光股份,农化制品,0.81,周线未呈多头排列,,,否,,
2026-09-03 02:07:36,002966,苏州银行,城商行Ⅱ,0.89,"板块均值 0.96%, 个股涨幅 0.89%",,,否,,
2026-09-03 02:07:36,002912,中新赛克,计算机设备,0.3,均线未呈多头排列,,,否,,
2026-09-03 02:07:36,002920,德赛西威,软件开发,0.96,均线未呈多头排列,,,否,,
2026-09-03 02:07:36,002921,联诚精密,汽车零部件,2.42,均线未呈多头排列,,,否,,
2026-09-03 02:07:36,002976,瑞玛精密,汽车零部件,-0.69,"板块均值 0.15%, 个股涨幅 -0.69%",,,否,,
2026-09-03 02:07:36,002785,万里石,装修建材,2.31,周线未呈多头排列,,,否,,
2026-09-03 02:07:36,002787,华源控股,包装印刷,6.81,周线未呈多头排列,,,否,,
2026-09-03 02:07:36,002986,宇新股份,炼化及贸易,-0.78,"板块均值 0.69%, 个股涨幅 -0.78%",,,否,,
2026-09-03 02:07:36,002927,泰永长征,电网设备,1.25,均线未呈多头排列,,,否,,
2026-09-03 02:07:36,002988,豪美新材,工业金属,-0.56,"板块均值 1.07%, 个股涨幅 -0.56%",,,否,,
2026-09-03 02:07:36,002807,江阴银行,农商行Ⅱ,1.44,近20日无涨停,,,否,,
2026-09-03 02:07:36,002996,顺博合金,工业金属,0.16,"板块均值 1.07%, 个股涨幅 0.16%",,,否,,
2026-09-03 02:07:36,002928,华夏航空,航空机场,2.27,均线未呈多头排列,,,否,,
2026-09-03 02:07:36,002999,天禾股份,农化制品,-9.69,"板块均值 -0.02%, 个股涨幅 -9.69%",,,否,,
2026-09-03 02:07:36,003003,天元股份,包装印刷,-0.17,"板块均值 0.62%, 个股涨幅 -0.17%",,,否,,
2026-09-03 02:07:36,002813,路畅科技,汽车零部件,0.83,周线未呈多头排列,,,否,,
2026-09-03 02:07:36,002846,英联股份,包装印刷,5.2,周线未呈多头排列,,,否,,
2026-09-03 02:07:36,003017,大洋生物,化学原料,-0.86,"板块均值 0.26%, 个股涨幅 -0.86%",,,否,,
2026-09-03 02:07:36,002848,高斯贝尔,黑色家电,0.43,周线未呈多头排列,,,否,,
2026-09-03 02:07:36,002937,兴瑞科技,汽车零部件,1.89,均线未向上倾斜,,,否,,
2026-09-03 02:07:36,003023,彩虹集团,小家电,-0.52,"板块均值 0.11%, 个股涨幅 -0.52%",,,否,,
2026-09-03 02:07:36,003028,振邦智能,家电零部件Ⅱ,-0.72,"板块均值 -0.09%, 个股涨幅 -0.72%",,,否,,
2026-09-03 02:07:36,002946,新乳业,饮料乳品,0.73,均线未呈多头排列,,,否,,
2026-09-03 02:07:36,003035,南网能源,电力,0.35,"板块均值 0.72%, 个股涨幅 0.35%",,,否,,
2026-09-03 02:07:36,002959,小熊电器,小家电,0.28,均线未呈多头排列,,,否,,
2026-09-03 02:07:36,003038,鑫铂股份,工业金属,0.45,"板块均值 1.07%, 个股涨幅 0.45%",,,否,,
2026-09-03 02:07:36,003042,中农联合,农化制品,-0.48,"板块均值 -0.02%, 个股涨幅 -0.48%",,,否,,
2026-09-03 02:07:36,002965,祥鑫科技,汽车零部件,1.12,均线未呈多头排列,,,否,,
2026-09-03 02:07:36,002910,庄园牧场,饮料乳品,0.0,周线未呈多头排列,,,否,,
2026-09-03 02:07:36,002969,嘉美包装,包装印刷,1.15,均线未呈多头排列,,,否,,
2026-09-03 02:07:36,002911,佛燃能源,燃气Ⅱ,0.44,周线未呈多头排列,,,否,,
2026-09-03 02:07:36,002970,锐明技术,计算机设备,0.53,均线未呈多头排列,,,否,,
2026-09-03 02:07:36,002972,科安达,轨交设备Ⅱ,4.44,均线未呈多头排列,,,否,,
2026-09-03 02:07:36,002984,森麒麟,汽车零部件,0.36,均线未呈多头排列,,,否,,
2026-09-03 02:07:36,002990,盛视科技,计算机设备,0.15,均线未呈多头排列,,,否,,
2026-09-03 02:07:36,003004,声迅股份,计算机设备,1.88,均线未向上倾斜,,,否,,
2026-09-03 02:07:36,002930,宏川智慧,物流,0.62,周线未呈多头排列,,,否,,
2026-09-03 02:07:36,003021,兆威机电,电机Ⅱ,4.08,均线未呈多头排列,,,否,,
2026-09-03 02:07:36,002961,瑞达期货,多元金融,2.1,周线未呈多头排列,,,否,,
2026-09-03 02:07:36,002980,华盛昌,电网设备,10.0,周线未呈多头排列,,,否,,
2026-09-03 02:07:36,002987,京北方,软件开发,0.58,周线未呈多头排列,,,否,,
2026-09-03 02:07:36,002997,瑞鹄模具,汽车零部件,0.42,周线未呈多头排列,,,否,,
2026-09-03 02:07:36,003007,直真科技,软件开发,2.57,周线未呈多头排列,,,否,,
2026-09-03 02:07:36,003018,金富科技,包装印刷,6.72,周线未呈多头排列,,,否,,
2026-09-03 02:07:36,003029,吉大正元,软件开发,0.92,周线未呈多头排列,,,否,,
2026-09-03 02:07:36,003037,三和管桩,水泥,0.51,周线未呈多头排列,,,否,,
2026-09-03 02:07:36,003816,中国广核,电力,2.54,周线未呈多头排列,,,否,,
2026-09-08 02:10:18,600053,*ST九鼎,多元金融,1.26,ST股,,,否,,
2026-09-08 02:10:18,600007,中国国贸,房地产开发,-0.42,均线未向上倾斜,,,否,,
2026-09-08 02:10:18,600082,ST海泰,房地产开发,1.65,ST股,,,否,,
2026-09-08 02:10:18,600008,首创环保,环境治理,0.72,均线未呈多头排列,,,否,,
2026-09-08 02:10:18,600010,包钢股份,普钢,0.46,均线未呈多头排列,,,否,,
2026-09-08 02:10:18,600017,日照港,航运港口,1.06,均线未呈多头排列,,,否,,
2026-09-08 02:10:18,600019,宝钢股份,普钢,0.87,均线未呈多头排列,,,否,,
2026-09-08 02:10:18,600022,山东钢铁,普钢,1.51,均线未呈多头排列,,,否,,
2026-09-08 02:10:18,600031,三一重工,工程机械,1.51,均线未向上倾斜,,,否,,
2026-09-08 02:10:18,600037,歌华有线,电视广播Ⅱ,0.84,均线未呈多头排列,,,否,,
2026-09-08 02:10:18,600048,保利发展,房地产开发,1.34,均线未呈多头排列,,,否,,
2026-09-08 02:10:18,600051,宁波联合,综合Ⅱ,1.1,均线未呈多头排列,,,否,,
2026-09-08 02:10:18,600058,五矿发展,贸易Ⅱ,0.52,均线未呈多头排列,,,否,,
2026-09-08 02:10:18,600064,南京高科,房地产开发,1.32,均线未呈多头排列,,,否,,
2026-09-08 02:10:18,600078,澄星股份,农化制品,2.53,均线未呈多头排列,,,否,,
2026-09-08 02:10:18,600094,大名城,房地产开发,0.5,均线未呈多头排列,,,否,,
2026-09-08 02:10:18,600096,云天化,农化制品,2.87,均线未呈多头排列,,,否,,
2026-09-08 02:10:18,600018,上港集团,航运港口,-0.18,近20日无涨停,,,否,,
2026-09-08 02:10:18,600103,青山纸业,造纸,2.81,均线未呈多头排列,,,否,,
2026-09-08 02:10:18,600105,永鼎股份,通信设备,0.69,均线未呈多头排列,,,否,,
2026-09-08 02:10:18,600136,ST明诚,房地产服务,2.0,ST股,,,否,,
2026-09-08 02:10:18,600026,中远海能,航运港口,2.79,周线未呈多头排列,,,否,,
2026-09-08 02:10:18,600028,中国石化,炼化及贸易,1.86,近20日无涨停,,,否,,
2026-09-08 02:10:18,600113,浙江东日,一般零售,5.55,均线未呈多头排列,,,否,,
2026-09-08 02:10:18,600038,中直股份,航空装备Ⅱ,1.9,周线未呈多头排列,,,否,,
2026-09-08 02:10:18,600039,四川路桥,基础建设,0.65,近20日无涨停,,,否,,
2026-09-08 02:10:18,600117,西宁特钢,特钢Ⅱ,1.76,均线未呈多头排列,,,否,,
2026-09-08 02:10:18,600118,中国卫星,航天装备Ⅱ,1.51,均线未呈多头排列,,,否,,
2026-09-08 02:10:18,600054,黄山旅游,旅游及景区,0.09,近20日无涨停,,,否,,
2026-09-08 02:10:18,600120,浙江东方,多元金融,1.02,均线未呈多头排列,,,否,,
2026-09-08 02:10:18,600075,新疆天业,化学原料,1.22,周线未呈多头排列,,,否,,
2026-09-08 02:10:18,600123,兰花科创,煤炭开采,1.14,均线未呈多头排列,,,否,,
2026-09-08 02:10:18,600187,*ST国中,环境治理,1.49,ST股,,,否,,
2026-09-08 02:10:18,600088,中视传媒,影视院线,4.92,周线未呈多头排列,,,否,,
2026-09-08 02:10:18,600126,杭钢股份,普钢,1.27,均线未呈多头排列,,,否,,
2026-09-08 02:10:18,600097,开创国际,渔业,-0.21,周线未呈多头排列,,,否,,
2026-09-08 02:10:18,600128,苏豪弘业,贸易Ⅱ,1.05,均线未向上倾斜,,,否,,
2026-09-08 02:10:18,600133,东湖高新,环境治理,0.36,均线未呈多头排列,,,否,,
2026-09-08 02:10:18,600141,兴发集团,农化制品,2.98,均线未呈多头排列,,,否,,
2026-09-08 02:10:18,600108,亚盛集团,种植业,10.0,周线未呈多头排列,,,否,,
2026-09-08 02:10:18,600160,巨化股份,化学制品,0.21,均线未呈多头排列,,,否,,
2026-09-08 02:10:18,600162,香江控股,房地产开发,6.6,均线未向上倾斜,,,否,,
2026-09-08 02:10:18,600165,宁科生物,化学制品,2.87,均线未呈多头排列,,,否,,
2026-09-08 02:10:18,600170,上海建工,房屋建设Ⅱ,0.88,均线未呈多头排列,,,否,,
2026-09-08 02:10:18,600173,卧龙新能,房地产开发,0.64,均线未呈多头排列,,,否,,
2026-09-08 02:10:18,600239,ST云城,房地产开发,1.39,ST股,,,否,,
2026-09-08 02:10:18,600121,郑州煤电,煤炭开采,4.66,周线未呈多头排列,,,否,,
2026-09-08 02:10:18,600179,安通控股,航运港口,0.0,均线未呈多头排列,,,否,,
2026-09-08 02:10:18,600188,兖矿能源,煤炭开采,1.68,均线未呈多头排列,,,否,,
2026-09-08 02:10:18,600191,华资实业,农产品加工,2.76,均线未呈多头排列,,,否,,
2026-09-08 02:10:18,600198,大唐电信,通信设备,1.72,均线未呈多头排列,,,否,,
2026-09-08 02:10:18,600208,衢州发展,房地产开发,1.38,均线未呈多头排列,,,否,,
2026-09-08 02:10:18,600217,中再资环,环境治理,1.55,均线未呈多头排列,,,否,,
2026-09-08 02:10:18,600138,中青旅,旅游及景区,1.07,周线未呈多头排列,,,否,,
2026-09-08 02:10:18,600227,赤天化,农化制品,8.65,均线未呈多头排列,,,否,,
2026-09-08 02:10:18,600150,中国船舶,航海装备Ⅱ,2.14,周线未呈多头排列,,,否,,
2026-09-08 02:10:18,600159,大龙地产,房地产开发,1.07,周线未呈多头排列,,,否,,
2026-09-08 02:10:18,600230,沧州大化,化学制品,1.59,均线未呈多头排列,,,否,,
2026-09-08 02:10:18,600231,凌钢股份,普钢,1.15,均线未呈多头排列,,,否,,
2026-09-08 02:10:18,600168,武汉控股,环境治理,1.12,周线未呈多头排列,,,否,,
2026-09-08 02:10:18,600235,民丰特纸,造纸,1.02,均线未呈多头排列,,,否,,
2026-09-08 02:10:18,600246,万通发展,房地产开发,0.39,均线未向上倾斜,,,否,,
2026-09-08 02:10:18,600248,陕建股份,房屋建设Ⅱ,1.72,均线未呈多头排列,,,否,,
2026-09-08 02:10:18,600250,南京商旅,旅游及景区,0.69,均线未向上倾斜,,,否,,
2026-09-08 02:10:18,600251,冠农股份,农产品加工,6.03,均线未呈多头排列,,,否,,
2026-09-08 02:10:18,600127,金健米业,农产品加工,5.54,通过,2026-08-17,173.6,是,否,无法获取分时数据
2026-09-08 02:10:18,600266,城建发展,房地产开发,1.88,均线未呈多头排列,,,否,,
2026-09-08 02:10:18,600219,南山铝业,工业金属,2.05,周线未呈多头排列,,,否,,
2026-09-08 02:10:18,600273,嘉化能源,化学制品,1.64,均线未呈多头排列,,,否,,
2026-09-08 02:10:18,600228,返利科技,数字媒体,0.0,近20日无涨停,,,否,,
2026-09-08 02:10:18,600229,城市传媒,出版,5.04,周线未呈多头排列,,,否,,
2026-09-08 02:10:18,600282,南钢股份,特钢Ⅱ,1.29,均线未呈多头排列,,,否,,
2026-09-08 02:10:18,600299,安迪苏,化学制品,1.97,均线未呈多头排列,,,否,,
2026-09-08 02:10:18,600249,两面针,个护用品,1.67,周线未呈多头排列,,,否,,
2026-09-08 02:10:18,600307,酒钢宏兴,普钢,2.69,均线未呈多头排列,,,否,,
2026-09-08 02:10:18,600308,华泰股份,造纸,0.9,均线未呈多头排列,,,否,,
2026-09-08 02:10:18,600256,广汇能源,炼化及贸易,6.57,周线未呈多头排列,,,否,,
2026-09-08 02:10:18,600257,大湖股份,渔业,0.0,近20日无涨停,,,否,,
2026-09-08 02:10:18,600278,东方创业,贸易Ⅱ,0.76,周线未呈多头排列,,,否,,
2026-09-08 02:10:18,600279,重庆港,航运港口,0.68,周线未呈多头排列,,,否,,
2026-09-08 02:10:18,600319,亚星化学,化学原料,1.22,均线未向上倾斜,,,否,,
2026-09-08 02:10:18,600280,中央商场,一般零售,2.04,周线未呈多头排列,,,否,,
2026-09-08 02:10:18,600340,*ST华幸,房地产开发,0.0,ST股,,,否,,
2026-09-08 02:10:18,600322,津投城开,房地产开发,1.09,均线未呈多头排列,,,否,,
2026-09-08 02:10:18,600323,瀚蓝环境,环境治理,0.47,均线未呈多头排列,,,否,,
2026-09-08 02:10:18,600283,钱江水利,环境治理,1.34,周线未呈多头排列,,,否,,
2026-09-08 02:10:18,600284,浦东建设,基础建设,0.58,周线未呈多头排列,,,否,,
2026-09-08 02:10:18,600287,苏豪时尚,贸易Ⅱ,0.98,周线未呈多头排列,,,否,,
2026-09-08 02:10:18,600295,鄂尔多斯,冶钢原料,0.29,周线未呈多头排列,,,否,,
2026-09-08 02:10:18,600325,华发股份,房地产开发,2.72,均线未向上倾斜,,,否,,
2026-09-08 02:10:18,600326,西藏天路,水泥,0.4,均线未呈多头排列,,,否,,
2026-09-08 02:10:18,600327,大东方,一般零售,-0.24,均线未呈多头排列,,,否,,
2026-09-08 02:10:18,600328,中盐化工,化学原料,2.05,均线未呈多头排列,,,否,,
2026-09-08 02:10:18,600365,ST通葡,互联网电商,0.69,ST股,,,否,,
2026-09-08 02:10:18,600331,宏达股份,农化制品,3.52,均线未呈多头排列,,,否,,
2026-09-08 02:10:18,600309,万华化学,化学制品,2.42,周线未呈多头排列,,,否,,
2026-09-08 02:10:18,600316,洪都航空,航空装备Ⅱ,3.4,周线未呈多头排列,,,否,,
2026-09-08 02:10:18,600318,新力金融,多元金融,9.97,周线未呈多头排列,,,否,,
2026-09-08 02:10:18,600335,国机汽车,汽车服务,1.15,均线未呈多头排列,,,否,,
2026-09-08 02:10:18,600338,西藏珠峰,工业金属,1.66,均线未呈多头排列,,,否,,
2026-09-08 02:10:18,600339,中油工程,油服工程,1.49,均线未呈多头排列,,,否,,
2026-09-08 02:10:18,600345,长江通信,通信设备,4.96,均线未呈多头排列,,,否,,
2026-09-08 02:10:18,600346,恒力石化,炼化及贸易,1.81,均线未呈多头排列,,,否,,
2026-09-08 02:10:18,600348,华阳股份,煤炭开采,1.15,均线未呈多头排列,,,否,,
2026-09-08 02:10:18,600352,浙江龙盛,化学制品,0.0,均线未呈多头排列,,,否,,
2026-09-08 02:10:18,600361,创新新材,工业金属,3.31,均线未呈多头排列,,,否,,
2026-09-08 02:10:18,600362,江西铜业,工业金属,6.43,均线未呈多头排列,,,否,,
2026-09-08 02:10:18,600367,红星发展,化学原料,0.14,均线未呈多头排列,,,否,,
2026-09-08 02:10:18,600333,长春燃气,燃气Ⅱ,1.48,近20日无涨停,,,否,,
2026-09-08 02:10:18,600372,中航机载,航空装备Ⅱ,4.07,均线未向上倾斜,,,否,,
2026-09-08 02:10:18,600373,中文传媒,出版,3.04,均线未向上倾斜,,,否,,
2026-09-08 02:10:18,600313,农发种业,种植业,3.21,通过,2026-08-17,141.5,是,否,无法获取分时数据
2026-09-08 02:10:18,600423,*ST柳化,化学原料,0.71,ST股,,,否,,
2026-09-08 02:10:18,600376,首开股份,房地产开发,0.3,均线未呈多头排列,,,否,,
2026-09-08 02:10:18,600378,昊华科技,化学制品,-1.85,均线未呈多头排列,,,否,,
2026-09-08 02:10:18,600382,广东明珠,冶钢原料,1.1,均线未呈多头排列,,,否,,
2026-09-08 02:10:18,600389,江山股份,农化制品,3.67,均线未呈多头排列,,,否,,
2026-09-08 02:10:18,600439,ST瑞贝卡,饰品,0.0,ST股,,,否,,
2026-09-08 02:10:18,600390,五矿资本,多元金融,1.82,均线未呈多头排列,,,否,,
2026-09-08 02:10:18,600356,恒丰纸业,造纸,0.55,周线未呈多头排列,,,否,,
2026-09-08 02:10:18,600358,国旅联合,广告营销,1.14,周线未呈多头排列,,,否,,
2026-09-08 02:10:18,600359,新农开发,种植业,0.89,周线未呈多头排列,,,否,,
2026-09-08 02:10:18,600395,盘江股份,煤炭开采,2.49,均线未呈多头排列,,,否,,
2026-09-08 02:10:18,600403,大有能源,煤炭开采,2.88,均线未呈多头排列,,,否,,
2026-09-08 02:10:18,600408,安泰集团,焦炭Ⅱ,2.94,均线未呈多头排列,,,否,,
2026-09-08 02:10:18,600409,三友化工,化学原料,0.29,均线未呈多头排列,,,否,,
2026-09-08 02:10:18,600425,青松建化,水泥,1.07,均线未呈多头排列,,,否,,
2026-09-08 02:10:18,600426,华鲁恒升,农化制品,2.31,均线未呈多头排列,,,否,,
2026-09-08 02:10:18,600491,ST龙元,房屋建设Ⅱ,0.6,ST股,,,否,,
2026-09-08 02:10:18,600428,中远海特,航运港口,0.44,均线未呈多头排列,,,否,,
2026-09-08 02:10:18,600433,冠豪高新,造纸,1.49,均线未呈多头排列,,,否,,
2026-09-08 02:10:18,600383,金地集团,房地产开发,1.27,周线未呈多头排列,,,否,,
2026-09-08 02:10:18,600386,北巴传媒,汽车服务,1.39,周线未呈多头排列,,,否,,
2026-09-08 02:10:18,600449,宁夏建材,水泥,0.0,均线未向上倾斜,,,否,,
2026-09-08 02:10:18,600458,时代新材,综合Ⅱ,-0.43,均线未呈多头排列,,,否,,
2026-09-08 02:10:18,600391,航发科技,航空装备Ⅱ,6.93,周线未呈多头排列,,,否,,
2026-09-08 02:10:18,600461,洪城环境,环境治理,0.34,均线未呈多头排列,,,否,,
2026-09-08 02:10:18,600354,敦煌种业,种植业,9.97,通过,2026-08-18,243.0,是,否,无法获取分时数据
2026-09-08 02:10:18,600470,六国化工,农化制品,3.92,均线未呈多头排列,,,否,,
2026-09-08 02:10:18,600399,抚顺特钢,特钢Ⅱ,2.21,周线未呈多头排列,,,否,,
2026-09-08 02:10:18,600486,扬农化工,农化制品,2.12,均线未向上倾斜,,,否,,
2026-09-08 02:10:18,600487,亨通光电,通信设备,0.16,均线未呈多头排列,,,否,,
2026-09-08 02:10:18,600371,万向德农,种植业,6.7,通过,2026-08-18,194.0,是,否,无法获取分时数据
2026-09-08 02:10:18,600489,中金黄金,贵金属,1.92,均线未呈多头排列,,,否,,
2026-09-08 02:10:18,600415,小商品城,一般零售,-1.99,近20日无涨停,,,否,,
2026-09-08 02:10:18,600490,鹏欣资源,工业金属,2.0,均线未呈多头排列,,,否,,
2026-09-08 02:10:18,600497,驰宏锌锗,工业金属,2.03,均线未呈多头排列,,,否,,
2026-09-08 02:10:18,600498,烽火通信,通信设备,2.54,均线未呈多头排列,,,否,,
2026-09-08 02:10:18,600500,中化国际,化学制品,4.91,均线未呈多头排列,,,否,,
2026-09-08 02:10:18,600502,安徽建工,基础建设,0.68,均线未呈多头排列,,,否,,
2026-09-08 02:10:18,600503,华丽家族,房地产开发,2.25,均线未呈多头排列,,,否,,
2026-09-08 02:10:18,600507,方大特钢,特钢Ⅱ,1.9,均线未呈多头排列,,,否,,
2026-09-08 02:10:18,600508,上海能源,煤炭开采,1.05,均线未呈多头排列,,,否,,
2026-09-08 02:10:18,600510,黑牡丹,房地产开发,1.32,均线未呈多头排列,,,否,,
2026-09-08 02:10:18,600463,空港股份,房地产开发,0.82,周线未呈多头排列,,,否,,
2026-09-08 02:10:18,600581,*ST八钢,普钢,0.82,ST股,,,否,,
2026-09-08 02:10:18,600467,好当家,渔业,1.19,近20日无涨停,,,否,,
2026-09-08 02:10:18,600515,海南机场,房地产开发,1.77,均线未呈多头排列,,,否,,
2026-09-08 02:10:18,600516,方大炭素,冶钢原料,0.58,均线未向上倾斜,,,否,,
2026-09-08 02:10:18,600517,国网英大,多元金融,1.79,均线未呈多头排列,,,否,,
2026-09-08 02:10:18,600522,中天科技,通信设备,-0.09,均线未呈多头排列,,,否,,
2026-09-08 02:10:18,600531,豫光金铅,工业金属,2.51,均线未呈多头排列,,,否,,
2026-09-08 02:10:18,600539,狮头股份,互联网电商,-1.84,均线未呈多头排列,,,否,,
2026-09-08 02:10:18,600546,山煤国际,煤炭开采,0.62,均线未呈多头排列,,,否,,
2026-09-08 02:10:18,600562,国睿科技,军工电子Ⅱ,4.31,均线未向上倾斜,,,否,,
2026-09-08 02:10:18,600506,统一股份,炼化及贸易,-3.62,周线未呈多头排列,,,否,,
2026-09-08 02:10:18,600567,山鹰国际,造纸,1.48,均线未呈多头排列,,,否,,
2026-09-08 02:10:18,600569,安阳钢铁,普钢,3.89,均线未呈多头排列,,,否,,
2026-09-08 02:10:18,600576,祥源文旅,旅游及景区,1.85,均线未向上倾斜,,,否,,
2026-09-08 02:10:18,600512,腾达建设,基础建设,1.43,周线未呈多头排列,,,否,,
2026-09-08 02:10:18,600583,海油工程,油服工程,1.49,均线未呈多头排列,,,否,,
2026-09-08 02:10:18,600585,海螺水泥,水泥,0.62,均线未呈多头排列,,,否,,
2026-09-08 02:10:18,600593,大连圣亚,旅游及景区,1.09,均线未呈多头排列,,,否,,
2026-09-08 02:10:18,600595,中孚实业,工业金属,1.6,均线未向上倾斜,,,否,,
2026-09-08 02:10:18,600598,北大荒,种植业,5.03,均线未呈多头排列,,,否,,
2026-09-08 02:10:18,600604,市北高新,房地产开发,-0.21,均线未呈多头排列,,,否,,
2026-09-08 02:10:18,600533,栖霞建设,房地产开发,1.77,周线未呈多头排列,,,否,,
2026-09-08 02:10:18,600540,新赛股份,种植业,-0.3,周线未呈多头排列,,,否,,
2026-09-08 02:10:18,600547,山东黄金,贵金属,0.44,近20日无涨停,,,否,,
2026-09-08 02:10:18,600551,时代出版,出版,1.35,周线未呈多头排列,,,否,,
2026-09-08 02:10:18,600556,天下秀,广告营销,2.03,周线未呈多头排列,,,否,,
2026-09-08 02:10:18,600610,中毅达,化学原料,0.81,均线未呈多头排列,,,否,,
2026-09-08 02:10:18,600612,老凤祥,饰品,0.94,均线未呈多头排列,,,否,,
2026-09-08 02:10:18,600615,鑫源智造,工业金属,0.1,均线未向上倾斜,,,否,,
2026-09-08 02:10:18,600617,国新能源,燃气Ⅱ,3.0,均线未呈多头排列,,,否,,
2026-09-08 02:10:18,600618,氯碱化工,化学原料,2.03,均线未呈多头排列,,,否,,
2026-09-08 02:10:18,600620,天宸股份,综合Ⅱ,1.8,均线未呈多头排列,,,否,,
2026-09-08 02:10:18,600623,华谊集团,化学原料,2.83,均线未呈多头排列,,,否,,
2026-09-08 02:10:18,600633,浙数文化,游戏Ⅱ,1.32,均线未呈多头排列,,,否,,
2026-09-08 02:10:18,600596,新安股份,农化制品,2.55,周线未呈多头排列,,,否,,
2026-09-08 02:10:18,600635,大众公用,燃气Ⅱ,0.85,均线未向上倾斜,,,否,,
2026-09-08 02:10:18,600638,新黄浦,房地产开发,1.19,均线未呈多头排列,,,否,,
2026-09-08 02:10:18,600605,汇通能源,一般零售,0.78,周线未呈多头排列,,,否,,
2026-09-08 02:10:18,600606,绿地控股,房地产开发,2.27,周线未呈多头排列,,,否,,
2026-09-08 02:10:18,600678,ST金顶,水泥,-1.32,ST股,,,否,,
2026-09-08 02:10:18,600653,申华控股,汽车服务,1.14,均线未呈多头排列,,,否,,
2026-09-08 02:10:18,600655,豫园股份,一般零售,1.32,均线未呈多头排列,,,否,,
2026-09-08 02:10:18,600661,昂立教育,教育,0.91,均线未呈多头排列,,,否,,
2026-09-08 02:10:18,600622,光大嘉宝,房地产开发,1.62,周线未呈多头排列,,,否,,
2026-09-08 02:10:18,600663,陆家嘴,房地产开发,0.44,均线未呈多头排列,,,否,,
2026-09-08 02:10:18,600628,新世界,一般零售,0.3,周线未呈多头排列,,,否,,
2026-09-08 02:10:18,600668,尖峰集团,水泥,0.8,均线未呈多头排列,,,否,,
2026-09-08 02:10:18,600673,东阳光,综合Ⅱ,-1.1,均线未呈多头排列,,,否,,
2026-09-08 02:10:18,600637,东方明珠,电视广播Ⅱ,1.85,周线未呈多头排列,,,否,,
2026-09-08 02:10:18,600676,久事动娱,汽车服务,0.75,均线未呈多头排列,,,否,,
2026-09-08 02:10:18,600639,浦东金桥,房地产开发,1.05,周线未呈多头排列,,,否,,
2026-09-08 02:10:18,600640,国脉文化,数字媒体,1.61,周线未呈多头排列,,,否,,
2026-09-08 02:10:18,600643,爱建集团,多元金融,1.93,周线未呈多头排列,,,否,,
2026-09-08 02:10:18,600648,外高桥,房地产开发,0.11,周线未呈多头排列,,,否,,
2026-09-08 02:10:18,600649,城投控股,房地产开发,0.75,周线未呈多头排列,,,否,,
2026-09-08 02:10:18,600682,南京新百,综合Ⅱ,1.57,均线未呈多头排列,,,否,,
2026-09-08 02:10:18,600683,京投发展,房地产开发,1.21,均线未呈多头排列,,,否,,
2026-09-08 02:10:18,600657,信达地产,房地产开发,1.2,周线未呈多头排列,,,否,,
2026-09-08 02:10:18,600658,电子城,房地产开发,1.89,周线未呈多头排列,,,否,,
2026-09-08 02:10:18,600684,珠江股份,房地产服务,1.94,均线未呈多头排列,,,否,,
2026-09-08 02:10:18,600688,上海石化,炼化及贸易,1.76,均线未呈多头排列,,,否,,
2026-09-08 02:10:18,600665,天地源,房地产开发,1.4,周线未呈多头排列,,,否,,
2026-09-08 02:10:18,600675,中华企业,房地产开发,2.17,周线未呈多头排列,,,否,,
2026-09-08 02:10:18,600681,百川能源,燃气Ⅱ,2.85,周线未呈多头排列,,,否,,
2026-09-08 02:10:18,600708,光明地产,房地产开发,2.28,均线未呈多头排列,,,否,,
2026-09-08 02:10:18,600710,苏美达,贸易Ⅱ,0.84,均线未向上倾斜,,,否,,
2026-09-08 02:10:18,600730,*ST高科,教育,-0.1,ST股,,,否,,
2026-09-08 02:10:18,600711,盛屯矿业,工业金属,3.02,均线未呈多头排列,,,否,,
2026-09-08 02:10:18,600734,*ST实达,通信设备,7.91,ST股,,,否,,
2026-09-08 02:10:18,600735,ST新华锦,饰品,-0.34,ST股,,,否,,
2026-09-08 02:10:18,600716,凤凰股份,房地产开发,0.81,均线未向上倾斜,,,否,,
2026-09-08 02:10:18,600717,天津港,航运港口,0.92,均线未向上倾斜,,,否,,
2026-09-08 02:10:18,600685,中船防务,航海装备Ⅱ,1.65,周线未呈多头排列,,,否,,
2026-09-08 02:10:18,600689,上海三毛,综合Ⅱ,0.32,周线未呈多头排列,,,否,,
2026-09-08 02:10:18,600724,宁波富达,房地产服务,0.97,均线未呈多头排列,,,否,,
2026-09-08 02:10:18,600691,潞化科技,农化制品,4.59,周线未呈多头排列,,,否,,
2026-09-08 02:10:18,600692,亚通股份,房地产开发,0.91,周线未呈多头排列,,,否,,
2026-09-08 02:10:18,600693,东百集团,一般零售,0.09,周线未呈多头排列,,,否,,
2026-09-08 02:10:18,600725,云维股份,焦炭Ⅱ,1.52,均线未呈多头排列,,,否,,
2026-09-08 02:10:18,600694,大商股份,一般零售,-0.27,周线未呈多头排列,,,否,,
2026-09-08 02:10:18,600697,欧亚集团,一般零售,0.35,周线未呈多头排列,,,否,,
2026-09-08 02:10:18,600727,鲁北化工,化学原料,1.68,均线未向上倾斜,,,否,,
2026-09-08 02:10:18,600706,曲江文旅,旅游及景区,0.34,周线未呈多头排列,,,否,,
2026-09-08 02:10:18,600729,重百集团,一般零售,0.35,均线未向上倾斜,,,否,,
2026-09-08 02:10:18,600736,苏州高新,房地产开发,0.75,均线未呈多头排列,,,否,,
2026-09-08 02:10:18,600712,南宁百货,一般零售,3.35,周线未呈多头排列,,,否,,
2026-09-08 02:10:18,600714,金瑞矿业,化学原料,2.13,周线未呈多头排列,,,否,,
2026-09-08 02:10:18,600715,文投控股,游戏Ⅱ,2.3,周线未呈多头排列,,,否,,
2026-09-08 02:10:18,600740,山西焦化,焦炭Ⅱ,2.89,均线未呈多头排列,,,否,,
2026-09-08 02:10:18,600743,华远控股,房地产服务,1.88,均线未呈多头排列,,,否,,
2026-09-08 02:10:18,600748,上实发展,房地产开发,2.59,均线未呈多头排列,,,否,,
2026-09-08 02:10:18,600751,海航科技,航运港口,1.62,均线未呈多头排列,,,否,,
2026-09-08 02:10:18,600757,长江传媒,出版,3.12,均线未呈多头排列,,,否,,
2026-09-08 02:10:18,600758,辽宁能源,煤炭开采,2.2,均线未呈多头排列,,,否,,
2026-09-08 02:10:18,600761,安徽合力,工程机械,0.74,均线未呈多头排列,,,否,,
2026-09-08 02:10:18,600764,中国海防,航海装备Ⅱ,1.31,均线未向上倾斜,,,否,,
2026-09-08 02:10:18,600731,湖南海利,农化制品,1.68,周线未呈多头排列,,,否,,
2026-09-08 02:10:18,600768,富邦新材,工业金属,0.8,均线未呈多头排列,,,否,,
2026-09-08 02:10:18,600769,祥龙电业,环境治理,2.67,均线未呈多头排列,,,否,,
2026-09-08 02:10:18,600773,西藏城投,房地产开发,1.93,均线未呈多头排列,,,否,,
2026-09-08 02:10:18,600738,丽尚国潮,一般零售,0.45,周线未呈多头排列,,,否,,
2026-09-08 02:10:18,600746,江苏索普,化学原料,2.09,周线未呈多头排列,,,否,,
2026-09-08 02:10:18,600722,金牛化工,化学原料,6.29,通过,2026-08-18,148.7,是,否,无法获取分时数据
2026-09-08 02:10:18,600749,西藏旅游,旅游及景区,0.45,周线未呈多头排列,,,否,,
2026-09-08 02:10:18,600782,新钢股份,普钢,2.54,均线未呈多头排列,,,否,,
2026-09-08 02:10:18,600784,鲁银投资,化学原料,0.0,均线未呈多头排列,,,否,,
2026-09-08 02:10:18,600760,中航沈飞,航空装备Ⅱ,1.61,近20日无涨停,,,否,,
2026-09-08 02:10:18,600791,京能置业,房地产开发,0.12,均线未呈多头排列,,,否,,
2026-09-08 02:10:18,600765,中航重机,航空装备Ⅱ,2.53,周线未呈多头排列,,,否,,
2026-09-08 02:10:18,600770,综艺股份,综合Ⅱ,0.89,周线未呈多头排列,,,否,,
2026-09-08 02:10:18,600737,中粮糖业,农产品加工,9.99,通过,2026-08-18,240.3,是,否,无法获取分时数据
2026-09-08 02:10:18,600800,渤海化学,炼化及贸易,1.74,均线未呈多头排列,,,否,,
2026-09-08 02:10:18,600775,南京熊猫,通信设备,1.22,周线未呈多头排列,,,否,,
2026-09-08 02:10:18,600776,东方通信,通信设备,5.1,周线未呈多头排列,,,否,,
2026-09-08 02:10:18,600778,友好集团,一般零售,1.51,周线未呈多头排列,,,否,,
2026-09-08 02:10:18,600805,悦达投资,综合Ⅱ,1.31,均线未呈多头排列,,,否,,
2026-09-08 02:10:18,600807,济高发展,综合Ⅱ,1.86,均线未向上倾斜,,,否,,
2026-09-08 02:10:18,600785,新华百货,一般零售,-1.91,周线未呈多头排列,,,否,,
2026-09-08 02:10:18,600808,马钢股份,普钢,2.75,均线未呈多头排列,,,否,,
2026-09-08 02:10:18,600790,轻纺城,一般零售,1.17,周线未呈多头排列,,,否,,
2026-09-08 02:10:18,600815,厦工股份,工程机械,4.23,均线未呈多头排列,,,否,,
2026-09-08 02:10:18,600792,云煤能源,焦炭Ⅱ,4.93,周线未呈多头排列,,,否,,
2026-09-08 02:10:18,600793,宜宾纸业,造纸,1.55,周线未呈多头排列,,,否,,
2026-09-08 02:10:18,600796,钱江生化,环境治理,1.33,周线未呈多头排列,,,否,,
2026-09-08 02:10:18,600816,建元信托,多元金融,0.81,均线未呈多头排列,,,否,,
2026-09-08 02:10:18,600798,宁波海运,航运港口,1.17,周线未呈多头排列,,,否,,
2026-09-08 02:10:18,600820,隧道股份,基础建设,1.1,均线未呈多头排列,,,否,,
2026-09-08 02:10:18,600801,华新建材,水泥,2.17,近20日无涨停,,,否,,
2026-09-08 02:10:18,600802,福建水泥,水泥,-1.53,周线未呈多头排列,,,否,,
2026-09-08 02:10:18,600827,百联股份,一般零售,0.12,均线未向上倾斜,,,否,,
2026-09-08 02:10:18,600803,新奥股份,燃气Ⅱ,-1.72,周线未呈多头排列,,,否,,
2026-09-08 02:10:18,600844,金煤科技,化学原料,4.74,均线未呈多头排列,,,否,,
2026-09-08 02:10:18,600814,杭州解百,一般零售,-1.71,周线未呈多头排列,,,否,,
2026-09-08 02:10:18,600848,上海临港,房地产开发,0.81,均线未呈多头排列,,,否,,
2026-09-08 02:10:18,600859,王府井,一般零售,1.17,均线未向上倾斜,,,否,,
2026-09-08 02:10:18,600862,中航高科,航空装备Ⅱ,1.71,均线未向上倾斜,,,否,,
2026-09-08 02:10:18,600822,上海物贸,汽车服务,2.62,周线未呈多头排列,,,否,,
2026-09-08 02:10:18,600824,益民集团,一般零售,0.52,周线未呈多头排列,,,否,,
2026-09-08 02:10:18,600825,新华传媒,出版,0.0,周线未呈多头排列,,,否,,
2026-09-08 02:10:18,600866,星湖科技,化学制品,2.49,均线未向上倾斜,,,否,,
2026-09-08 02:10:18,600871,石化油服,油服工程,1.79,均线未呈多头排列,,,否,,
2026-09-08 02:10:18,600873,梅花生物,化学制品,1.54,均线未呈多头排列,,,否,,
2026-09-08 02:10:18,600828,茂业商业,一般零售,0.98,周线未呈多头排列,,,否,,
2026-09-08 02:10:18,600830,香溢融通,多元金融,-0.21,周线未呈多头排列,,,否,,
2026-09-08 02:10:18,600831,广电网络,电视广播Ⅱ,2.32,周线未呈多头排列,,,否,,
2026-09-08 02:10:18,600838,上海九百,一般零售,-1.45,周线未呈多头排列,,,否,,
2026-09-08 02:10:18,600879,航天电子,航天装备Ⅱ,1.61,均线未呈多头排列,,,否,,
2026-09-08 02:10:18,600853,龙建股份,基础建设,1.19,周线未呈多头排列,,,否,,
2026-09-08 02:10:18,600855,航天长峰,军工电子Ⅱ,1.88,周线未呈多头排列,,,否,,
2026-09-08 02:10:18,600857,宁波中百,一般零售,-2.76,超额收益 -3.11%,2026-08-12,,否,,
2026-09-08 02:10:18,600858,银座股份,一般零售,0.77,周线未呈多头排列,,,否,,
2026-09-08 02:10:18,600881,亚泰集团,综合Ⅱ,2.66,均线未呈多头排列,,,否,,
2026-09-08 02:10:18,600888,新疆众和,工业金属,0.8,均线未呈多头排列,,,否,,
2026-09-08 02:10:18,600865,百大集团,一般零售,10.01,周线未呈多头排列,,,否,,
2026-09-08 02:10:18,600895,张江高科,房地产开发,-1.05,均线未呈多头排列,,,否,,
2026-09-08 02:10:18,600916,中国黄金,饰品,1.01,均线未呈多头排列,,,否,,
2026-09-08 02:10:18,600925,苏能股份,煤炭开采,0.24,均线未呈多头排列,,,否,,
2026-09-08 02:10:18,600927,永安期货,多元金融,1.5,均线未呈多头排列,,,否,,
2026-09-08 02:10:18,600874,创业环保,环境治理,0.89,周线未呈多头排列,,,否,,
2026-09-08 02:10:18,600880,博瑞传播,教育,10.1,周线未呈多头排列,,,否,,
2026-09-08 02:10:18,600936,北投科技,电视广播Ⅱ,-2.98,均线未向上倾斜,,,否,,
2026-09-08 02:10:18,600955,维远股份,化学原料,1.1,均线未呈多头排列,,,否,,
2026-09-08 02:10:18,600883,博闻科技,种植业,3.57,周线未呈多头排列,,,否,,
2026-09-08 02:10:18,600961,株冶集团,工业金属,1.23,均线未呈多头排列,,,否,,
2026-09-08 02:10:18,600892,大晟文化,游戏Ⅱ,1.03,超额收益 0.68%,2026-08-31,,否,,
2026-09-08 02:10:18,600962,国投中鲁,农产品加工,0.48,均线未呈多头排列,,,否,,
2026-09-08 02:10:18,600893,航发动力,航空装备Ⅱ,5.67,周线未呈多头排列,,,否,,
2026-09-08 02:10:18,600963,岳阳林纸,造纸,3.45,均线未呈多头排列,,,否,,
2026-09-08 02:10:18,600901,江苏金租,多元金融,1.2,近20日无涨停,,,否,,
2026-09-08 02:10:18,600903,贵州燃气,燃气Ⅱ,10.02,周线未呈多头排列,,,否,,
2026-09-08 02:10:18,600966,博汇纸业,造纸,1.24,均线未呈多头排列,,,否,,
2026-09-08 02:10:18,600917,重庆燃气,燃气Ⅱ,1.42,周线未呈多头排列,,,否,,
2026-09-08 02:10:18,600968,海油发展,油服工程,1.54,均线未呈多头排列,,,否,,
2026-09-08 02:10:18,600971,恒源煤电,煤炭开采,0.23,均线未呈多头排列,,,否,,
2026-09-08 02:10:18,601010,ST文峰,一般零售,0.65,ST股,,,否,,
2026-09-08 02:10:18,600977,中国电影,影视院线,1.0,均线未向上倾斜,,,否,,
2026-09-08 02:10:18,600929,雪天盐业,化学原料,0.0,周线未呈多头排列,,,否,,
2026-09-08 02:10:18,600981,苏豪汇鸿,贸易Ⅱ,2.01,均线未呈多头排列,,,否,,
2026-09-08 02:10:18,600935,华塑股份,化学原料,3.86,周线未呈多头排列,,,否,,
2026-09-08 02:10:18,600939,重庆建工,房屋建设Ⅱ,1.49,周线未呈多头排列,,,否,,
2026-09-08 02:10:18,600984,建设机械,工程机械,-0.27,均线未呈多头排列,,,否,,
2026-09-08 02:10:18,600985,淮北矿业,煤炭开采,0.42,均线未呈多头排列,,,否,,
2026-09-08 02:10:18,600959,江苏有线,电视广播Ⅱ,1.58,周线未呈多头排列,,,否,,
2026-09-08 02:10:18,600986,浙文互联,广告营销,1.6,均线未呈多头排列,,,否,,
2026-09-08 02:10:18,600988,赤峰黄金,贵金属,0.52,均线未呈多头排列,,,否,,
2026-09-08 02:10:18,600989,宝丰能源,化学原料,1.58,均线未向上倾斜,,,否,,
2026-09-08 02:10:18,600990,四创电子,军工电子Ⅱ,1.18,均线未向上倾斜,,,否,,
2026-09-08 02:10:18,600997,开滦股份,煤炭开采,2.96,均线未呈多头排列,,,否,,
2026-09-08 02:10:18,601000,唐山港,航运港口,-0.66,均线未向上倾斜,,,否,,
2026-09-08 02:10:18,601001,晋控煤业,煤炭开采,0.98,均线未呈多头排列,,,否,,
2026-09-08 02:10:18,601003,柳钢股份,普钢,2.94,均线未呈多头排列,,,否,,
2026-09-08 02:10:18,601005,重庆钢铁,普钢,2.5,均线未呈多头排列,,,否,,
2026-09-08 02:10:18,601011,宝泰隆,焦炭Ⅱ,3.47,均线未呈多头排列,,,否,,
2026-09-08 02:10:18,601015,陕西黑猫,焦炭Ⅱ,5.25,均线未呈多头排列,,,否,,
2026-09-08 02:10:18,601019,山东出版,出版,1.82,均线未向上倾斜,,,否,,
2026-09-08 02:10:18,601020,华钰矿业,工业金属,3.23,均线未呈多头排列,,,否,,
2026-09-08 02:10:18,601061,中信金属,贸易Ⅱ,2.38,均线未呈多头排列,,,否,,
2026-09-08 02:10:18,601065,江盐集团,化学原料,1.45,均线未呈多头排列,,,否,,
2026-09-08 02:10:18,601069,西部黄金,贵金属,1.02,均线未呈多头排列,,,否,,
2026-09-08 02:10:18,601083,锦江航运,航运港口,-0.99,均线未呈多头排列,,,否,,
2026-09-08 02:10:18,601088,中国神华,煤炭开采,-0.04,均线未呈多头排列,,,否,,
2026-09-08 02:10:18,600996,贵广网络,电视广播Ⅱ,2.54,周线未呈多头排列,,,否,,
2026-09-08 02:10:18,601098,中南传媒,出版,1.56,均线未呈多头排列,,,否,,
2026-09-08 02:10:18,601100,恒立液压,工程机械,2.4,均线未呈多头排列,,,否,,
2026-09-08 02:10:18,601101,昊华能源,煤炭开采,1.87,均线未呈多头排列,,,否,,
2026-09-08 02:10:18,601008,连云港,航运港口,1.11,周线未呈多头排列,,,否,,
2026-09-08 02:10:18,601121,宝地矿业,冶钢原料,1.24,均线未呈多头排列,,,否,,
2026-09-08 02:10:18,601139,深圳燃气,燃气Ⅱ,1.09,均线未向上倾斜,,,否,,
2026-09-08 02:10:18,601018,宁波港,航运港口,0.0,周线未呈多头排列,,,否,,
2026-09-08 02:10:18,601158,重庆水务,环境治理,0.24,均线未呈多头排列,,,否,,
2026-09-08 02:10:18,601022,宁波远洋,航运港口,0.71,周线未呈多头排列,,,否,,
2026-09-08 02:10:18,601033,永兴股份,环境治理,0.48,周线未呈多头排列,,,否,,
2026-09-08 02:10:18,601186,中国铁建,基础建设,0.49,均线未呈多头排列,,,否,,
2026-09-08 02:10:18,601199,江南水务,环境治理,1.04,均线未呈多头排列,,,否,,
2026-09-08 02:10:18,601200,上海环境,环境治理,1.15,均线未呈多头排列,,,否,,
2026-09-08 02:10:18,601212,白银有色,工业金属,3.86,均线未呈多头排列,,,否,,
2026-09-08 02:10:18,601216,君正集团,化学原料,0.42,均线未向上倾斜,,,否,,
2026-09-08 02:10:18,601225,陕西煤业,煤炭开采,-0.12,均线未呈多头排列,,,否,,
2026-09-08 02:10:18,601233,桐昆股份,炼化及贸易,0.16,均线未呈多头排列,,,否,,
2026-09-08 02:10:18,601116,三江购物,一般零售,-0.34,周线未呈多头排列,,,否,,
2026-09-08 02:10:18,601118,海南橡胶,种植业,6.94,周线未呈多头排列,,,否,,
2026-09-08 02:10:18,601155,新城控股,房地产开发,0.82,周线未呈多头排列,,,否,,
2026-09-08 02:10:18,601368,绿城水务,环境治理,1.33,均线未呈多头排列,,,否,,
2026-09-08 02:10:18,601388,怡球资源,工业金属,1.78,均线未呈多头排列,,,否,,
2026-09-08 02:10:18,601390,中国中铁,基础建设,0.92,均线未呈多头排列,,,否,,
2026-09-08 02:10:18,601168,西部矿业,工业金属,4.87,近20日无涨停,,,否,,
2026-09-08 02:10:18,601568,北元化工,化学原料,1.32,均线未呈多头排列,,,否,,
2026-09-08 02:10:18,601086,国芳集团,一般零售,3.88,通过,2026-08-28,100.6,是,否,无法获取分时数据
2026-09-08 02:10:18,601600,中国铝业,工业金属,1.57,均线未呈多头排列,,,否,,
2026-09-08 02:10:18,601228,广州港,航运港口,0.64,近20日无涨停,,,否,,
2026-09-08 02:10:18,601611,中国核建,基础建设,-0.19,均线未呈多头排列,,,否,,
2026-09-08 02:10:18,601666,平煤股份,煤炭开采,0.55,均线未呈多头排列,,,否,,
2026-09-08 02:10:18,601668,中国建筑,房屋建设Ⅱ,0.46,均线未呈多头排列,,,否,,
2026-09-08 02:10:18,601298,青岛港,航运港口,-0.86,近20日无涨停,,,否,,
2026-09-08 02:10:18,601326,秦港股份,航运港口,0.56,近20日无涨停,,,否,,
2026-09-08 02:10:18,601330,绿色动力,环境治理,1.12,周线未呈多头排列,,,否,,
2026-09-08 02:10:18,601366,利群股份,一般零售,1.03,周线未呈多头排列,,,否,,
2026-09-08 02:10:18,601669,中国电建,基础建设,0.22,均线未呈多头排列,,,否,,
2026-09-08 02:10:18,601677,明泰铝业,工业金属,1.47,均线未呈多头排列,,,否,,
2026-09-08 02:10:18,601678,滨化股份,化学原料,1.33,均线未呈多头排列,,,否,,
2026-09-08 02:10:18,601698,中国卫通,航天装备Ⅱ,1.71,均线未呈多头排列,,,否,,
2026-09-08 02:10:18,601512,中新集团,房地产开发,0.94,周线未呈多头排列,,,否,,
2026-09-08 02:10:18,601699,潞安环能,煤炭开采,0.31,均线未呈多头排列,,,否,,
2026-09-08 02:10:18,601588,北辰实业,房地产开发,1.7,周线未呈多头排列,,,否,,
2026-09-08 02:10:18,601595,上海电影,影视院线,6.59,周线未呈多头排列,,,否,,
2026-09-08 02:10:18,601702,华峰铝业,工业金属,0.98,均线未呈多头排列,,,否,,
2026-09-08 02:10:18,601789,宁波建工,房屋建设Ⅱ,0.47,均线未呈多头排列,,,否,,
2026-09-08 02:10:18,601609,金田股份,工业金属,-1.05,周线未呈多头排列,,,否,,
2026-09-08 02:10:18,601800,中国交建,基础建设,0.5,均线未呈多头排列,,,否,,
2026-09-08 02:10:18,601801,皖新传媒,出版,3.15,均线未呈多头排列,,,否,,
2026-09-08 02:10:18,601808,中海油服,油服工程,0.96,均线未呈多头排列,,,否,,
2026-09-08 02:10:18,601811,新华文轩,出版,2.12,均线未呈多头排列,,,否,,
2026-09-08 02:10:18,601827,三峰环境,环境治理,0.0,均线未呈多头排列,,,否,,
2026-09-08 02:10:18,601828,美凯龙,一般零售,2.22,均线未向上倾斜,,,否,,
2026-09-08 02:10:18,601857,中国石油,炼化及贸易,1.09,均线未呈多头排列,,,否,,
2026-09-08 02:10:18,601858,中国科传,出版,2.18,均线未呈多头排列,,,否,,
2026-09-08 02:10:18,601866,中远海发,航运港口,1.23,均线未向上倾斜,,,否,,
2026-09-08 02:10:18,601868,中国能建,基础建设,0.41,均线未呈多头排列,,,否,,
2026-09-08 02:10:18,601869,长飞光纤,通信设备,2.0,均线未呈多头排列,,,否,,
2026-09-08 02:10:18,601686,友发集团,普钢,0.96,周线未呈多头排列,,,否,,
2026-09-08 02:10:18,601880,辽港股份,航运港口,0.69,均线未呈多头排列,,,否,,
2026-09-08 02:10:18,601898,中煤能源,煤炭开采,1.51,均线未呈多头排列,,,否,,
2026-09-08 02:10:18,601899,紫金矿业,工业金属,3.25,均线未呈多头排列,,,否,,
2026-09-08 02:10:18,601918,新集能源,煤炭开采,1.26,均线未呈多头排列,,,否,,
2026-09-08 02:10:18,601919,中远海控,航运港口,0.25,均线未呈多头排列,,,否,,
2026-09-08 02:10:18,601928,凤凰传媒,出版,1.94,均线未呈多头排列,,,否,,
2026-09-08 02:10:18,601933,永辉超市,一般零售,4.56,均线未向上倾斜,,,否,,
2026-09-08 02:10:18,601965,中国汽研,汽车服务,0.58,均线未呈多头排列,,,否,,
2026-09-08 02:10:18,601969,海南矿业,冶钢原料,1.06,均线未呈多头排列,,,否,,
2026-09-08 02:10:18,601992,金隅集团,水泥,0.71,均线未呈多头排列,,,否,,
2026-09-08 02:10:18,601872,招商轮船,航运港口,2.14,近20日无涨停,,,否,,
2026-09-08 02:10:18,603004,鼎龙科技,化学制品,0.21,均线未呈多头排列,,,否,,
2026-09-08 02:10:18,601890,亚星锚链,航海装备Ⅱ,0.22,周线未呈多头排列,,,否,,
2026-09-08 02:10:18,603010,万盛股份,化学制品,-0.61,均线未呈多头排列,,,否,,
2026-09-08 02:10:18,601900,南方传媒,出版,4.67,近20日无涨停,,,否,,
2026-09-08 02:10:18,603041,美思德,化学制品,0.88,均线未向上倾斜,,,否,,
2026-09-08 02:10:18,601921,浙版传媒,出版,1.98,近20日无涨停,,,否,,
2026-09-08 02:10:18,601929,吉视传媒,电视广播Ⅱ,3.91,周线未呈多头排列,,,否,,
2026-09-08 02:10:18,603051,鹿山新材,化学制品,0.0,均线未呈多头排列,,,否,,
2026-09-08 02:10:18,601952,苏垦农发,种植业,9.97,周线未呈多头排列,,,否,,
2026-09-08 02:10:18,603053,成都燃气,燃气Ⅱ,1.13,均线未向上倾斜,,,否,,
2026-09-08 02:10:18,603057,紫燕食品,休闲食品,1.61,均线未呈多头排列,,,否,,
2026-09-08 02:10:18,601975,招商南油,航运港口,3.37,周线未呈多头排列,,,否,,
2026-09-08 02:10:18,603059,倍加洁,个护用品,-0.98,均线未呈多头排列,,,否,,
2026-09-08 02:10:18,603000,人民网,数字媒体,2.57,周线未呈多头排列,,,否,,
2026-09-08 02:10:18,603062,麦加芯彩,化学制品,0.72,均线未呈多头排列,,,否,,
2026-09-08 02:10:18,603065,宿迁联盛,化学制品,-3.29,均线未呈多头排列,,,否,,
2026-09-08 02:10:18,603077,和邦生物,农化制品,6.09,均线未呈多头排列,,,否,,
2026-09-08 02:10:18,603020,爱普股份,化学制品,0.86,周线未呈多头排列,,,否,,
2026-09-08 02:10:18,603079,圣达生物,化学制品,0.77,均线未呈多头排列,,,否,,
2026-09-08 02:10:18,603042,华脉科技,通信设备,9.98,周线未呈多头排列,,,否,,
2026-09-08 02:10:18,603043,广州酒家,休闲食品,0.35,周线未呈多头排列,,,否,,
2026-09-08 02:10:18,603086,先达股份,农化制品,3.04,均线未向上倾斜,,,否,,
2026-09-08 02:10:18,603093,南华期货,多元金融,2.51,均线未向上倾斜,,,否,,
2026-09-08 02:10:18,601949,中国出版,出版,9.98,通过,2026-09-04,237.2,是,否,无法获取分时数据
2026-09-08 02:10:18,603099,长白山,旅游及景区,2.31,均线未呈多头排列,,,否,,
2026-09-08 02:10:18,603110,东方材料,化学制品,0.53,均线未呈多头排列,,,否,,
2026-09-08 02:10:18,603113,金能科技,化学原料,1.3,均线未呈多头排列,,,否,,
2026-09-08 02:10:18,603118,共进股份,通信设备,1.68,均线未呈多头排列,,,否,,
2026-09-08 02:10:18,601999,出版传媒,出版,2.61,通过,2026-08-13,126.5,是,否,无法获取分时数据
2026-09-08 02:10:18,603120,肯特催化,化学制品,3.31,均线未呈多头排列,,,否,,
2026-09-08 02:10:18,603067,振华股份,化学原料,1.07,周线未呈多头排列,,,否,,
2026-09-08 02:10:18,603125,常青科技,化学制品,-0.53,均线未呈多头排列,,,否,,
2026-09-08 02:10:18,603132,金徽股份,工业金属,1.76,均线未向上倾斜,,,否,,
2026-09-08 02:10:18,603080,新疆火炬,燃气Ⅱ,0.64,周线未呈多头排列,,,否,,
2026-09-08 02:10:18,603083,XD剑桥科,通信设备,9.26,周线未呈多头排列,,,否,,
2026-09-08 02:10:18,603155,新亚强,化学制品,0.96,均线未呈多头排列,,,否,,
2026-09-08 02:10:18,603096,新经典,出版,3.28,周线未呈多头排列,,,否,,
2026-09-08 02:10:18,603167,渤海轮渡,航运港口,0.12,均线未呈多头排列,,,否,,
2026-09-08 02:10:18,603172,万丰股份,化学制品,-0.05,均线未向上倾斜,,,否,,
2026-09-08 02:10:18,603101,汇嘉时代,一般零售,0.63,周线未呈多头排列,,,否,,
2026-09-08 02:10:18,603103,横店影视,影视院线,2.41,周线未呈多头排列,,,否,,
2026-09-08 02:10:18,603181,皇马科技,化学制品,0.31,均线未呈多头排列,,,否,,
2026-09-08 02:10:18,603177,德创环保,环境治理,0.37,均线未呈多头排列,,,否,,
2026-09-08 02:10:18,603188,亚邦股份,化学制品,-0.81,均线未呈多头排列,,,否,,
2026-09-08 02:10:18,603192,汇得科技,化学制品,-1.44,均线未呈多头排列,,,否,,
2026-09-08 02:10:18,603123,翠微股份,一般零售,3.49,周线未呈多头排列,,,否,,
2026-09-08 02:10:18,603194,中力股份,工程机械,0.09,均线未呈多头排列,,,否,,
2026-09-08 02:10:18,603136,天目湖,旅游及景区,0.63,周线未呈多头排列,,,否,,
2026-09-08 02:10:18,603200,上海洗霸,环境治理,-1.86,均线未呈多头排列,,,否,,
2026-09-08 02:10:18,603162,海通发展,航运港口,-0.35,超额收益 -0.71%,2026-09-03,,否,,
2026-09-08 02:10:18,603165,XD荣晟环,造纸,-2.01,周线未呈多头排列,,,否,,
2026-09-08 02:10:18,603213,镇洋发展,化学原料,0.14,均线未呈多头排列,,,否,,
2026-09-08 02:10:18,603214,爱婴室,专业连锁Ⅱ,0.57,均线未向上倾斜,,,否,,
2026-09-08 02:10:18,603217,元利科技,化学制品,0.93,均线未呈多头排列,,,否,,
2026-09-08 02:10:18,603223,恒通股份,炼化及贸易,-3.96,均线未呈多头排列,,,否,,
2026-09-08 02:10:18,603227,雪峰科技,化学制品,1.3,均线未呈多头排列,,,否,,
2026-09-08 02:10:18,603176,汇通集团,基础建设,0.0,周线未呈多头排列,,,否,,
2026-09-08 02:10:18,603182,嘉华股份,农产品加工,0.64,周线未呈多头排列,,,否,,
2026-09-08 02:10:18,603235,天新药业,化学制品,-2.45,均线未向上倾斜,,,否,,
2026-09-08 02:10:18,603255,鼎际得,化学制品,-1.26,均线未呈多头排列,,,否,,
2026-09-08 02:10:18,603193,润本股份,个护用品,0.7,周线未呈多头排列,,,否,,
2026-09-08 02:10:18,603199,九华旅游,旅游及景区,0.26,周线未呈多头排列,,,否,,
2026-09-08 02:10:18,603260,合盛硅业,化学制品,1.77,均线未呈多头排列,,,否,,
2026-09-08 02:10:18,603261,立航科技,航空装备Ⅱ,-1.42,均线未向上倾斜,,,否,,
2026-09-08 02:10:18,603209,兴通股份,航运港口,0.41,近20日无涨停,,,否,,
2026-09-08 02:10:18,603267,鸿远电子,军工电子Ⅱ,-0.73,均线未呈多头排列,,,否,,
2026-09-08 02:10:18,603271,永杰新材,工业金属,-0.07,均线未呈多头排列,,,否,,
2026-09-08 02:10:18,603273,天元智能,工程机械,0.94,均线未呈多头排列,,,否,,
2026-09-08 02:10:18,603280,南方路机,工程机械,0.11,均线未呈多头排列,,,否,,
2026-09-08 02:10:18,603281,江瀚新材,化学制品,0.95,均线未呈多头排列,,,否,,
2026-09-08 02:10:18,603359,*ST东珠,基础建设,0.8,ST股,,,否,,
2026-09-08 02:10:18,603284,林平发展,造纸,0.12,均线未呈多头排列,,,否,,
2026-09-08 02:10:18,603377,ST东时,教育,0.98,ST股,,,否,,
2026-09-08 02:10:18,603230,内蒙新华,出版,3.92,周线未呈多头排列,,,否,,
2026-09-08 02:10:18,603231,索宝蛋白,农产品加工,0.12,周线未呈多头排列,,,否,,
2026-09-08 02:10:18,603285,键邦股份,化学制品,-1.2,均线未呈多头排列,,,否,,
2026-09-08 02:10:18,603291,联合水务,环境治理,1.8,均线未呈多头排列,,,否,,
2026-09-08 02:10:18,603236,移远通信,通信设备,-1.36,超额收益 -1.72%,2026-08-13,,否,,
2026-09-08 02:10:18,603298,杭叉集团,工程机械,0.04,均线未呈多头排列,,,否,,
2026-09-08 02:10:18,603299,苏盐井神,化学原料,1.24,均线未呈多头排列,,,否,,
2026-09-08 02:10:18,603258,电魂网络,游戏Ⅱ,2.66,周线未呈多头排列,,,否,,
2026-09-08 02:10:18,603300,海南华铁,多元金融,1.03,均线未呈多头排列,,,否,,
2026-09-08 02:10:18,603310,巍华新材,化学制品,0.48,均线未呈多头排列,,,否,,
2026-09-08 02:10:18,603517,ST绝味,休闲食品,-0.08,ST股,,,否,,
2026-09-08 02:10:18,603315,福鞍股份,环境治理,0.09,均线未呈多头排列,,,否,,
2026-09-08 02:10:18,603318,水发燃气,燃气Ⅱ,4.18,均线未呈多头排列,,,否,,
2026-09-08 02:10:18,603334,丰倍生物,化学制品,0.19,均线未呈多头排列,,,否,,
2026-09-08 02:10:18,603268,松发股份,航海装备Ⅱ,-1.82,近20日无涨停,,,否,,
2026-09-08 02:10:18,603336,宏辉果蔬,种植业,2.46,均线未向上倾斜,,,否,,
2026-09-08 02:10:18,603276,恒兴新材,化学制品,0.78,周线未呈多头排列,,,否,,
2026-09-08 02:10:18,603360,百傲化学,农化制品,0.98,均线未呈多头排列,,,否,,
2026-09-08 02:10:18,603379,三美股份,化学制品,1.03,均线未呈多头排列,,,否,,
2026-09-08 02:10:18,603393,新天然气,燃气Ⅱ,1.35,均线未向上倾斜,,,否,,
2026-09-08 02:10:18,603395,红四方,农化制品,1.28,均线未呈多头排列,,,否,,
2026-09-08 02:10:18,603399,永杉锂业,能源金属,0.65,均线未呈多头排列,,,否,,
2026-09-08 02:10:18,603421,鼎信通讯,通信设备,2.03,均线未呈多头排列,,,否,,
2026-09-08 02:10:18,603466,风语筑,数字媒体,2.71,均线未呈多头排列,,,否,,
2026-09-08 02:10:18,603505,金石资源,化学制品,0.13,均线未呈多头排列,,,否,,
2026-09-08 02:10:18,603527,众源新材,工业金属,2.01,均线未呈多头排列,,,否,,
2026-09-08 02:10:18,603565,中谷物流,航运港口,-1.31,均线未呈多头排列,,,否,,
2026-09-08 02:10:18,603568,伟明环保,环境治理,0.7,均线未呈多头排列,,,否,,
2026-09-08 02:10:18,603588,高能环境,环境治理,4.31,均线未向上倾斜,,,否,,
2026-09-08 02:10:18,603338,浙江鼎力,工程机械,0.46,近20日无涨停,,,否,,
2026-09-08 02:10:18,603353,和顺石油,炼化及贸易,2.75,周线未呈多头排列,,,否,,
2026-09-08 02:10:18,603599,广信股份,农化制品,2.23,均线未向上倾斜,,,否,,
2026-09-08 02:10:18,603611,诺力股份,工程机械,0.31,均线未呈多头排列,,,否,,
2026-09-08 02:10:18,603402,陕西旅游,旅游及景区,-0.35,周线未呈多头排列,,,否,,
2026-09-08 02:10:18,603619,中曼石油,油服工程,4.06,均线未呈多头排列,,,否,,
2026-09-08 02:10:18,603444,吉比特,游戏Ⅱ,0.72,近20日无涨停,,,否,,
2026-09-08 02:10:18,603638,艾迪精密,工程机械,0.7,均线未呈多头排列,,,否,,
2026-09-08 02:10:18,603639,海利尔,农化制品,1.67,均线未呈多头排列,,,否,,
2026-09-08 02:10:18,603506,南都物业,房地产服务,0.6,周线未呈多头排列,,,否,,
2026-09-08 02:10:18,603663,三祥新材,化学原料,-2.02,均线未呈多头排列,,,否,,
2026-09-08 02:10:18,603533,掌阅科技,数字媒体,0.36,周线未呈多头排列,,,否,,
2026-09-08 02:10:18,603729,ST龙韵,广告营销,1.45,ST股,,,否,,
2026-09-08 02:10:18,603678,火炬电子,军工电子Ⅱ,1.72,均线未呈多头排列,,,否,,
2026-09-08 02:10:18,603681,永冠新材,化学制品,-0.92,均线未呈多头排列,,,否,,
2026-09-08 02:10:18,603585,苏利股份,农化制品,2.04,周线未呈多头排列,,,否,,
2026-09-08 02:10:18,603682,锦和商管,一般零售,-0.46,均线未呈多头排列,,,否,,
2026-09-08 02:10:18,603598,引力传媒,广告营销,1.83,周线未呈多头排列,,,否,,
2026-09-08 02:10:18,603683,晶华新材,化学制品,-0.55,均线未呈多头排列,,,否,,
2026-09-08 02:10:18,603602,纵横通信,广告营销,1.02,周线未呈多头排列,,,否,,
2026-09-08 02:10:18,603697,有友食品,休闲食品,1.1,均线未向上倾斜,,,否,,
2026-09-08 02:10:18,603613,国联股份,互联网电商,0.95,周线未呈多头排列,,,否,,
2026-09-08 02:10:18,603616,韩建河山,水泥,1.2,周线未呈多头排列,,,否,,
2026-09-08 02:10:18,603706,东方环宇,燃气Ⅱ,0.51,均线未呈多头排列,,,否,,
2026-09-08 02:10:18,603712,七一二,军工电子Ⅱ,1.45,均线未向上倾斜,,,否,,
2026-09-08 02:10:18,603822,ST嘉澳,化学制品,0.58,ST股,,,否,,
2026-09-08 02:10:18,603719,良品铺子,休闲食品,0.92,均线未呈多头排列,,,否,,
2026-09-08 02:10:18,603825,ST华扬,广告营销,-0.6,ST股,,,否,,
2026-09-08 02:10:18,603843,*ST正平,基础建设,-0.28,ST股,,,否,,
2026-09-08 02:10:18,603722,阿科力,化学制品,-0.2,均线未呈多头排列,,,否,,
2026-09-08 02:10:18,603727,博迈科,油服工程,0.73,均线未呈多头排列,,,否,,
2026-09-08 02:10:18,603733,仙鹤股份,造纸,-0.74,均线未呈多头排列,,,否,,
2026-09-08 02:10:18,603759,海天股份,环境治理,1.48,均线未呈多头排列,,,否,,
2026-09-08 02:10:18,603790,雅运股份,化学制品,-1.21,均线未呈多头排列,,,否,,
2026-09-08 02:10:18,603797,联泰环保,环境治理,0.83,均线未向上倾斜,,,否,,
2026-09-08 02:10:18,603686,福龙马,环境治理,1.17,周线未呈多头排列,,,否,,
2026-09-08 02:10:18,603689,皖天然气,燃气Ⅱ,1.81,周线未呈多头排列,,,否,,
2026-09-08 02:10:18,603799,华友钴业,能源金属,1.08,均线未呈多头排列,,,否,,
2026-09-08 02:10:18,603803,瑞斯康达,通信设备,2.14,均线未呈多头排列,,,否,,
2026-09-08 02:10:18,603810,丰山集团,农化制品,0.89,均线未呈多头排列,,,否,,
2026-09-08 02:10:18,603815,交建股份,基础建设,1.29,均线未呈多头排列,,,否,,
2026-09-08 02:10:18,603708,家家悦,一般零售,0.93,周线未呈多头排列,,,否,,
2026-09-08 02:10:18,603823,百合花,化学制品,9.99,均线未呈多头排列,,,否,,
2026-09-08 02:10:18,603863,松炀资源,造纸,0.95,均线未呈多头排列,,,否,,
2026-09-08 02:10:18,603721,中广天择,影视院线,-0.72,周线未呈多头排列,,,否,,
2026-09-08 02:10:18,603876,鼎胜新材,工业金属,-0.74,均线未呈多头排列,,,否,,
2026-09-08 02:10:18,603739,蔚蓝生物,化学制品,2.53,周线未呈多头排列,,,否,,
2026-09-08 02:10:18,603878,武进不锈,普钢,0.98,均线未向上倾斜,,,否,,
2026-09-08 02:10:18,603777,来伊份,休闲食品,0.98,周线未呈多头排列,,,否,,
2026-09-08 02:10:18,603798,康普顿,炼化及贸易,-0.62,周线未呈多头排列,,,否,,
2026-09-08 02:10:18,603900,莱绅通灵,饰品,0.9,均线未呈多头排列,,,否,,
2026-09-08 02:10:18,603903,中持股份,环境治理,0.77,均线未呈多头排列,,,否,,
2026-09-08 02:10:18,603916,苏博特,化学制品,-0.36,均线未呈多头排列,,,否,,
2026-09-08 02:10:18,603937,丽岛新材,工业金属,0.77,均线未呈多头排列,,,否,,
2026-09-08 02:10:18,603938,三孚股份,化学原料,10.0,均线未呈多头排列,,,否,,
2026-09-08 02:10:18,603817,海峡环保,环境治理,0.85,周线未呈多头排列,,,否,,
2026-09-08 02:10:18,603948,建业股份,化学制品,1.06,均线未呈多头排列,,,否,,
2026-09-08 02:10:18,603968,醋化股份,化学制品,2.04,均线未向上倾斜,,,否,,
2026-09-08 02:10:18,603866,桃李面包,休闲食品,1.35,周线未呈多头排列,,,否,,
2026-09-08 02:10:18,603867,新化股份,化学制品,-0.2,周线未呈多头排列,,,否,,
2026-09-08 02:10:18,603977,国泰集团,化学制品,1.1,均线未呈多头排列,,,否,,
2026-09-08 02:10:18,603979,金诚信,工业金属,2.97,均线未呈多头排列,,,否,,
2026-09-08 02:10:18,603993,洛阳钼业,工业金属,3.38,均线未呈多头排列,,,否,,
2026-09-08 02:10:18,603886,元祖股份,休闲食品,-0.46,周线未呈多头排列,,,否,,
2026-09-08 02:10:18,603888,新华网,数字媒体,4.54,周线未呈多头排列,,,否,,
2026-09-08 02:10:18,603995,甬金股份,特钢Ⅱ,-0.08,均线未呈多头排列,,,否,,
2026-09-08 02:10:18,603899,晨光股份,文娱用品,0.59,近20日无涨停,,,否,,
2026-09-08 02:10:18,605007,五洲特纸,造纸,-0.54,均线未呈多头排列,,,否,,
2026-09-08 02:10:18,605009,豪悦护理,个护用品,0.68,均线未呈多头排列,,,否,,
2026-09-08 02:10:18,605016,百龙创园,化学制品,3.11,均线未向上倾斜,,,否,,
2026-09-08 02:10:18,605020,永和股份,化学制品,-0.96,均线未呈多头排列,,,否,,
2026-09-08 02:10:18,605033,美邦股份,农化制品,0.49,均线未呈多头排列,,,否,,
2026-09-08 02:10:18,605069,正和生态,环境治理,0.0,均线未呈多头排列,,,否,,
2026-09-08 02:10:18,603955,大千生态,基础建设,0.69,周线未呈多头排列,,,否,,
2026-09-08 02:10:18,603970,中农立华,农化制品,1.91,周线未呈多头排列,,,否,,
2026-09-08 02:10:18,605090,九丰能源,燃气Ⅱ,0.48,均线未呈多头排列,,,否,,
2026-09-08 02:10:18,605098,行动教育,教育,0.39,均线未呈多头排列,,,否,,
2026-09-08 02:10:18,605122,四方新材,水泥,1.1,均线未向上倾斜,,,否,,
2026-09-08 02:10:18,603980,吉华集团,化学制品,-1.57,超额收益 -1.93%,2026-09-01,,否,,
2026-09-08 02:10:18,603999,读者传媒,出版,9.96,周线未呈多头排列,,,否,,
2026-09-08 02:10:18,605198,安德利,农产品加工,1.37,均线未呈多头排列,,,否,,
2026-09-08 02:10:18,605305,中际联合,工程机械,0.5,均线未呈多头排列,,,否,,
2026-09-08 02:10:18,605339,南侨食品,休闲食品,-0.21,均线未呈多头排列,,,否,,
2026-09-08 02:10:18,605366,宏柏新材,化学制品,0.51,均线未呈多头排列,,,否,,
2026-09-08 02:10:18,605077,华康股份,化学制品,5.79,周线未呈多头排列,,,否,,
2026-09-08 02:10:18,605080,浙江自然,文娱用品,0.34,周线未呈多头排列,,,否,,
2026-09-08 02:10:18,605376,博迁新材,能源金属,-1.72,均线未呈多头排列,,,否,,
2026-09-08 02:10:18,000010,*ST美丽,基础建设,2.92,ST股,,,否,,
2026-09-08 02:10:18,605377,华旺科技,造纸,0.12,均线未呈多头排列,,,否,,
2026-09-08 02:10:18,605389,XD长龄液,工程机械,-2.16,均线未呈多头排列,,,否,,
2026-09-08 02:10:18,605123,派克新材,航空装备Ⅱ,1.0,周线未呈多头排列,,,否,,
2026-09-08 02:10:18,605136,丽人丽妆,互联网电商,1.96,周线未呈多头排列,,,否,,
2026-09-08 02:10:18,605168,三人行,广告营销,2.29,周线未呈多头排列,,,否,,
2026-09-08 02:10:18,605169,洪通燃气,燃气Ⅱ,0.7,周线未呈多头排列,,,否,,
2026-09-08 02:10:18,605188,国光连锁,一般零售,1.68,周线未呈多头排列,,,否,,
2026-09-08 02:10:18,605208,永茂泰,工业金属,0.07,周线未呈多头排列,,,否,,
2026-09-08 02:10:18,605299,舒华体育,文娱用品,3.91,周线未呈多头排列,,,否,,
2026-09-08 02:10:18,605303,园林股份,基础建设,-0.24,周线未呈多头排列,,,否,,
2026-09-08 02:10:18,605599,菜百股份,饰品,1.58,均线未呈多头排列,,,否,,
2026-09-08 02:10:18,000056,*ST皇庭,房地产服务,-2.97,ST股,,,否,,
2026-09-08 02:10:18,000002,万 科Ａ,房地产开发,2.19,均线未向上倾斜,,,否,,
2026-09-08 02:10:18,000006,深振业Ａ,房地产开发,2.81,均线未呈多头排列,,,否,,
2026-09-08 02:10:18,605368,蓝天燃气,燃气Ⅱ,0.86,周线未呈多头排列,,,否,,
2026-09-08 02:10:18,000007,全新好,一般零售,-0.17,均线未呈多头排列,,,否,,
2026-09-08 02:10:18,000011,深物业A,房地产开发,7.18,均线未呈多头排列,,,否,,
2026-09-08 02:10:18,000014,沙河股份,房地产开发,1.61,均线未呈多头排列,,,否,,
2026-09-08 02:10:18,000017,深中华A,饰品,2.45,均线未呈多头排列,,,否,,
2026-09-08 02:10:18,605399,晨光新材,化学制品,1.5,周线未呈多头排列,,,否,,
2026-09-08 02:10:18,000019,深粮控股,农产品加工,2.44,均线未呈多头排列,,,否,,
2026-09-08 02:10:18,000025,特 力Ａ,综合Ⅱ,1.46,均线未呈多头排列,,,否,,
2026-09-08 02:10:18,000026,飞亚达,饰品,-3.6,均线未呈多头排列,,,否,,
2026-09-08 02:10:18,000029,深深房Ａ,房地产开发,2.1,均线未呈多头排列,,,否,,
2026-09-08 02:10:18,605500,森林包装,造纸,1.23,周线未呈多头排列,,,否,,
2026-09-08 02:10:18,605566,福莱蒽特,化学制品,-1.52,周线未呈多头排列,,,否,,
2026-09-08 02:10:18,000035,中国天楹,环境治理,1.62,均线未向上倾斜,,,否,,
2026-09-08 02:10:18,000036,华联控股,房地产开发,0.76,均线未呈多头排列,,,否,,
2026-09-08 02:10:18,000042,中洲控股,房地产开发,0.12,均线未呈多头排列,,,否,,
2026-09-08 02:10:18,000060,中金岭南,工业金属,2.33,均线未呈多头排列,,,否,,
2026-09-08 02:10:18,000063,中兴通讯,通信设备,0.12,均线未呈多头排列,,,否,,
2026-09-08 02:10:18,000070,特发信息,通信设备,0.56,均线未呈多头排列,,,否,,
2026-09-08 02:10:18,000088,盐 田 港,航运港口,1.32,均线未呈多头排列,,,否,,
2026-09-08 02:10:18,000090,天健集团,房地产开发,1.69,均线未呈多头排列,,,否,,
2026-09-08 02:10:18,000031,大悦城,房地产开发,3.07,周线未呈多头排列,,,否,,
2026-09-08 02:10:18,000157,中联重科,工程机械,0.6,均线未呈多头排列,,,否,,
2026-09-08 02:10:18,000401,金隅冀东,水泥,1.67,均线未呈多头排列,,,否,,
2026-09-08 02:10:18,000407,胜利股份,燃气Ⅱ,1.43,均线未向上倾斜,,,否,,
2026-09-08 02:10:18,605577,龙版传媒,出版,9.99,通过,2026-08-18,237.3,是,否,无法获取分时数据
2026-09-08 02:10:18,000488,ST晨鸣,造纸,5.16,ST股,,,否,,
2026-09-08 02:10:18,000058,深 赛 格,一般零售,0.83,周线未呈多头排列,,,否,,
2026-09-08 02:10:18,000408,藏格矿业,农化制品,3.01,均线未呈多头排列,,,否,,
2026-09-08 02:10:18,000061,农 产 品,一般零售,2.93,周线未呈多头排列,,,否,,
2026-09-08 02:10:18,000415,渤海租赁,多元金融,1.11,均线未呈多头排列,,,否,,
2026-09-08 02:10:18,000068,华控赛格,环境治理,2.44,周线未呈多头排列,,,否,,
2026-09-08 02:10:18,000069,华侨城Ａ,房地产开发,2.75,周线未呈多头排列,,,否,,
2026-09-08 02:10:18,000096,广聚能源,炼化及贸易,1.34,周线未呈多头排列,,,否,,
2026-09-08 02:10:18,000151,中成股份,贸易Ⅱ,1.07,周线未呈多头排列,,,否,,
2026-09-08 02:10:18,000156,华数传媒,电视广播Ⅱ,1.27,周线未呈多头排列,,,否,,
2026-09-08 02:10:18,000422,湖北宜化,农化制品,2.65,均线未呈多头排列,,,否,,
2026-09-08 02:10:18,000425,徐工机械,工程机械,1.93,均线未向上倾斜,,,否,,
2026-09-08 02:10:18,000301,东方盛虹,炼化及贸易,0.21,近20日无涨停,,,否,,
2026-09-08 02:10:18,000426,兴业银锡,工业金属,2.11,均线未呈多头排列,,,否,,
2026-09-08 02:10:18,000402,金 融 街,房地产开发,1.55,周线未呈多头排列,,,否,,
2026-09-08 02:10:18,000498,山东路桥,基础建设,1.01,均线未呈多头排列,,,否,,
2026-09-08 02:10:18,000505,京粮控股,农产品加工,3.67,均线未呈多头排列,,,否,,
2026-09-08 02:10:18,000506,招金黄金,贵金属,0.0,均线未呈多头排列,,,否,,
2026-09-08 02:10:18,000059,华锦股份,炼化及贸易,3.76,通过,2026-08-19,119.8,是,否,无法获取分时数据
2026-09-08 02:10:18,000510,新金路,化学原料,2.34,均线未呈多头排列,,,否,,
2026-09-08 02:10:18,000517,荣安地产,房地产开发,1.85,均线未呈多头排列,,,否,,
2026-09-08 02:10:18,000417,合百集团,一般零售,0.58,周线未呈多头排列,,,否,,
2026-09-08 02:10:18,000419,通程控股,一般零售,0.76,周线未呈多头排列,,,否,,
2026-09-08 02:10:18,000421,南京公用,综合Ⅱ,1.38,周线未呈多头排列,,,否,,
2026-09-08 02:10:18,000525,红太阳,农化制品,2.31,均线未向上倾斜,,,否,,
2026-09-08 02:10:18,000528,柳 工,工程机械,2.98,均线未呈多头排列,,,否,,
2026-09-08 02:10:18,000544,中原环保,环境治理,0.68,均线未向上倾斜,,,否,,
2026-09-08 02:10:18,000430,张家界,旅游及景区,-1.35,周线未呈多头排列,,,否,,
2026-09-08 02:10:18,000545,金浦钛业,化学原料,1.31,均线未呈多头排列,,,否,,
2026-09-08 02:10:18,000501,武商集团,一般零售,-0.77,周线未呈多头排列,,,否,,
2026-09-08 02:10:18,000546,金圆股份,环境治理,1.09,均线未呈多头排列,,,否,,
2026-09-08 02:10:18,000547,航天发展,军工电子Ⅱ,3.69,均线未呈多头排列,,,否,,
2026-09-08 02:10:18,000552,甘肃能化,煤炭开采,3.95,均线未呈多头排列,,,否,,
2026-09-08 02:10:18,000514,渝 开 发,房地产开发,1.63,周线未呈多头排列,,,否,,
2026-09-08 02:10:18,000554,泰山石油,炼化及贸易,1.37,均线未呈多头排列,,,否,,
2026-09-08 02:10:18,000520,凤凰航运,航运港口,0.23,周线未呈多头排列,,,否,,
2026-09-08 02:10:18,000523,红棉股份,综合Ⅱ,10.0,周线未呈多头排列,,,否,,
2026-09-08 02:10:18,000524,岭南控股,旅游及景区,-0.29,近20日无涨停,,,否,,
2026-09-08 02:10:18,000563,陕国投Ａ,多元金融,1.34,均线未呈多头排列,,,否,,
2026-09-08 02:10:18,000609,*ST中迪,房地产开发,2.39,ST股,,,否,,
2026-09-08 02:10:18,000610,*ST西旅,旅游及景区,3.58,ST股,,,否,,
2026-09-08 02:10:18,000526,学大教育,教育,0.13,超额收益 -0.22%,2026-08-18,,否,,
2026-09-08 02:10:18,000532,华金资本,多元金融,0.88,周线未呈多头排列,,,否,,
2026-09-08 02:10:18,000565,渝三峡Ａ,化学制品,0.78,均线未向上倾斜,,,否,,
2026-09-08 02:10:18,000567,海德股份,多元金融,0.3,均线未向上倾斜,,,否,,
2026-09-08 02:10:18,000571,新大洲A,煤炭开采,0.17,均线未呈多头排列,,,否,,
2026-09-08 02:10:18,000573,粤宏远Ａ,房地产开发,1.05,均线未向上倾斜,,,否,,
2026-09-08 02:10:18,000632,ST三木,综合Ⅱ,1.48,ST股,,,否,,
2026-09-08 02:10:18,000582,北部湾港,航运港口,-3.31,均线未向上倾斜,,,否,,
2026-09-08 02:10:18,000586,汇源通信,通信设备,0.8,均线未呈多头排列,,,否,,
2026-09-08 02:10:18,000593,德龙汇能,燃气Ⅱ,-1.28,均线未呈多头排列,,,否,,
2026-09-08 02:10:18,000553,安道麦A,农化制品,3.14,周线未呈多头排列,,,否,,
2026-09-08 02:10:18,000598,兴蓉环境,环境治理,1.26,均线未向上倾斜,,,否,,
2026-09-08 02:10:18,000603,盛达资源,工业金属,1.1,均线未呈多头排列,,,否,,
2026-09-08 02:10:18,000558,天府文旅,旅游及景区,0.74,周线未呈多头排列,,,否,,
2026-09-08 02:10:18,000669,ST金鸿,燃气Ⅱ,-0.72,ST股,,,否,,
2026-09-08 02:10:18,000560,我爱我家,房地产服务,5.11,周线未呈多头排列,,,否,,
2026-09-08 02:10:18,000561,烽火电子,航空装备Ⅱ,1.03,周线未呈多头排列,,,否,,
2026-09-08 02:10:18,000608,阳光股份,房地产开发,0.26,均线未呈多头排列,,,否,,
2026-09-08 02:10:18,000612,焦作万方,工业金属,1.76,均线未呈多头排列,,,否,,
2026-09-08 02:10:18,000617,中油资本,多元金融,1.97,均线未呈多头排列,,,否,,
2026-09-08 02:10:18,000564,供销大集,一般零售,6.06,周线未呈多头排列,,,否,,
2026-09-08 02:10:18,000620,盈新发展,房地产开发,0.33,均线未呈多头排列,,,否,,
2026-09-08 02:10:18,000629,钒钛股份,冶钢原料,1.0,均线未呈多头排列,,,否,,
2026-09-08 02:10:18,000630,铜陵有色,工业金属,3.76,均线未呈多头排列,,,否,,
2026-09-08 02:10:18,000698,ST沈化,炼化及贸易,0.55,ST股,,,否,,
2026-09-08 02:10:18,000652,泰达股份,综合Ⅱ,1.14,均线未呈多头排列,,,否,,
2026-09-08 02:10:18,000655,金岭矿业,冶钢原料,1.53,均线未呈多头排列,,,否,,
2026-09-08 02:10:18,000656,金科股份,房地产开发,0.81,均线未呈多头排列,,,否,,
2026-09-08 02:10:18,000668,荣丰控股,房地产开发,-1.11,均线未呈多头排列,,,否,,
2026-09-08 02:10:18,000676,智度股份,广告营销,1.13,均线未向上倾斜,,,否,,
2026-09-08 02:10:18,000605,渤海股份,环境治理,0.99,周线未呈多头排列,,,否,,
2026-09-08 02:10:18,000607,华媒控股,广告营销,3.09,周线未呈多头排列,,,否,,
2026-09-08 02:10:18,000680,山推股份,工程机械,1.32,均线未向上倾斜,,,否,,
2026-09-08 02:10:18,000681,视觉中国,数字媒体,1.81,均线未呈多头排列,,,否,,
2026-09-08 02:10:18,000683,博源化工,化学原料,1.46,均线未呈多头排列,,,否,,
2026-09-08 02:10:18,000685,中山公用,环境治理,0.62,均线未呈多头排列,,,否,,
2026-09-08 02:10:18,000691,亚太实业,化学原料,0.99,均线未呈多头排列,,,否,,
2026-09-08 02:10:18,000628,高新发展,房屋建设Ⅱ,1.2,周线未呈多头排列,,,否,,
2026-09-08 02:10:18,000635,英 力 特,化学原料,0.81,周线未呈多头排列,,,否,,
2026-09-08 02:10:18,000637,茂化实华,炼化及贸易,1.87,周线未呈多头排列,,,否,,
2026-09-08 02:10:18,000703,恒逸石化,炼化及贸易,2.21,均线未呈多头排列,,,否,,
2026-09-08 02:10:18,000707,双环科技,化学原料,1.93,均线未呈多头排列,,,否,,
2026-09-08 02:10:18,000708,中信特钢,特钢Ⅱ,0.37,均线未呈多头排列,,,否,,
2026-09-08 02:10:18,000665,湖北广电,电视广播Ⅱ,2.38,周线未呈多头排列,,,否,,
2026-09-08 02:10:18,000709,河钢股份,普钢,1.93,均线未呈多头排列,,,否,,
2026-09-08 02:10:18,000672,上峰材料,水泥,-0.13,周线未呈多头排列,,,否,,
2026-09-08 02:10:18,000711,京蓝科技,环境治理,-0.36,均线未呈多头排列,,,否,,
2026-09-08 02:10:18,000679,大连友谊,一般零售,1.53,周线未呈多头排列,,,否,,
2026-09-08 02:10:18,000716,黑芝麻,休闲食品,2.27,均线未向上倾斜,,,否,,
2026-09-08 02:10:18,000717,中南股份,普钢,1.78,均线未呈多头排列,,,否,,
2026-09-08 02:10:18,000719,中原传媒,出版,1.38,均线未呈多头排列,,,否,,
2026-09-08 02:10:18,000723,美锦能源,焦炭Ⅱ,1.61,均线未呈多头排列,,,否,,
2026-09-08 02:10:18,000697,炼石航空,航空装备Ⅱ,0.66,周线未呈多头排列,,,否,,
2026-09-08 02:10:18,000701,厦门信达,贸易Ⅱ,1.92,周线未呈多头排列,,,否,,
2026-09-08 02:10:18,000733,振华科技,军工电子Ⅱ,0.03,均线未呈多头排列,,,否,,
2026-09-08 02:10:18,000793,ST华闻,出版,2.4,ST股,,,否,,
2026-09-08 02:10:18,000737,北方铜业,工业金属,9.98,均线未呈多头排列,,,否,,
2026-09-08 02:10:18,000751,锌业股份,工业金属,4.07,均线未呈多头排列,,,否,,
2026-09-08 02:10:18,000757,浩物股份,汽车服务,0.0,均线未呈多头排列,,,否,,
2026-09-08 02:10:18,000758,中色股份,工业金属,2.8,均线未呈多头排列,,,否,,
2026-09-08 02:10:18,000759,中百集团,一般零售,10.0,均线未呈多头排列,,,否,,
2026-09-08 02:10:18,000761,本钢板材,普钢,3.04,均线未呈多头排列,,,否,,
2026-09-08 02:10:18,000715,中兴商业,一般零售,0.17,周线未呈多头排列,,,否,,
2026-09-08 02:10:18,000762,西藏矿业,能源金属,1.22,均线未呈多头排列,,,否,,
2026-09-08 02:10:18,000718,苏宁环球,房地产开发,2.0,周线未呈多头排列,,,否,,
2026-09-08 02:10:18,000778,新兴铸管,普钢,4.1,均线未呈多头排列,,,否,,
2026-09-08 02:10:18,000826,*ST启环,环境治理,-0.54,ST股,,,否,,
2026-09-08 02:10:18,000731,四川美丰,农化制品,0.8,近20日无涨停,,,否,,
2026-09-08 02:10:18,000789,万年青,水泥,1.94,均线未呈多头排列,,,否,,
2026-09-08 02:10:18,000792,盐湖股份,农化制品,1.14,均线未呈多头排列,,,否,,
2026-09-08 02:10:18,000838,*ST发展,房地产开发,-4.54,ST股,,,否,,
2026-09-08 02:10:18,000736,中交发展,房地产开发,2.76,周线未呈多头排列,,,否,,
2026-09-08 02:10:18,000738,航发控制,航空装备Ⅱ,3.32,周线未呈多头排列,,,否,,
2026-09-08 02:10:18,000753,漳州发展,综合Ⅱ,1.18,周线未呈多头排列,,,否,,
2026-09-08 02:10:18,000802,北京文化,影视院线,2.62,均线未呈多头排列,,,否,,
2026-09-08 02:10:18,000803,山高环能,环境治理,1.35,均线未向上倾斜,,,否,,
2026-09-08 02:10:18,000818,航锦科技,化学原料,0.65,均线未呈多头排列,,,否,,
2026-09-08 02:10:18,000713,国投丰乐,种植业,3.83,通过,2026-08-18,150.9,是,否,无法获取分时数据
2026-09-08 02:10:18,000819,岳阳兴长,炼化及贸易,0.73,均线未向上倾斜,,,否,,
2026-09-08 02:10:18,000768,中航西飞,航空装备Ⅱ,1.46,周线未呈多头排列,,,否,,
2026-09-08 02:10:18,000825,太钢不锈,特钢Ⅱ,2.02,均线未呈多头排列,,,否,,
2026-09-08 02:10:18,000785,居然智家,一般零售,2.13,周线未呈多头排列,,,否,,
2026-09-08 02:10:18,000830,鲁西化工,化学原料,2.17,均线未呈多头排列,,,否,,
2026-09-08 02:10:18,000833,粤桂股份,综合Ⅱ,10.02,均线未呈多头排列,,,否,,
2026-09-08 02:10:18,000909,*ST数源,房地产开发,1.32,ST股,,,否,,
2026-09-08 02:10:18,000911,*ST广糖,农产品加工,10.08,ST股,,,否,,
2026-09-08 02:10:18,000863,三湘印象,房地产开发,3.77,均线未向上倾斜,,,否,,
2026-09-08 02:10:18,000796,凯撒旅业,旅游及景区,0.44,周线未呈多头排列,,,否,,
2026-09-08 02:10:18,000877,天山股份,水泥,2.68,均线未呈多头排列,,,否,,
2026-09-08 02:10:18,000797,中国武夷,房地产开发,1.92,周线未呈多头排列,,,否,,
2026-09-08 02:10:18,000885,城发环境,环境治理,0.33,均线未呈多头排列,,,否,,
2026-09-08 02:10:18,000807,云铝股份,工业金属,1.6,周线未呈多头排列,,,否,,
2026-09-08 02:10:18,000893,亚钾国际,农化制品,0.75,均线未呈多头排列,,,否,,
2026-09-08 02:10:18,000822,山东海化,化学原料,0.87,周线未呈多头排列,,,否,,
2026-09-08 02:10:18,000898,鞍钢股份,普钢,2.46,均线未呈多头排列,,,否,,
2026-09-08 02:10:18,000829,天音控股,专业连锁Ⅱ,0.99,周线未呈多头排列,,,否,,
2026-09-08 02:10:18,000902,新洋丰,农化制品,2.02,均线未向上倾斜,,,否,,
2026-09-08 02:10:18,000912,泸天化,农化制品,10.0,均线未向上倾斜,,,否,,
2026-09-08 02:10:18,000917,电广传媒,电视广播Ⅱ,2.06,均线未向上倾斜,,,否,,
2026-09-08 02:10:18,000923,河钢资源,冶钢原料,4.6,均线未向上倾斜,,,否,,
2026-09-08 02:10:18,000926,福星股份,房地产开发,1.35,均线未呈多头排列,,,否,,
2026-09-08 02:10:18,000878,云南铜业,工业金属,5.85,周线未呈多头排列,,,否,,
2026-09-08 02:10:18,000881,中广核技,化学制品,1.04,周线未呈多头排列,,,否,,
2026-09-08 02:10:18,000798,中水渔业,渔业,3.77,通过,2026-08-28,89.9,是,否,无法获取分时数据
2026-09-08 02:10:18,000882,华联股份,一般零售,3.85,周线未呈多头排列,,,否,,
2026-09-08 02:10:18,000932,华菱钢铁,普钢,1.68,均线未呈多头排列,,,否,,
2026-09-08 02:10:18,000933,神火股份,工业金属,1.15,均线未向上倾斜,,,否,,
2026-09-08 02:10:18,000888,峨眉山Ａ,旅游及景区,1.04,周线未呈多头排列,,,否,,
2026-09-08 02:10:18,000892,欢瑞世纪,影视院线,-1.54,超额收益 -1.89%,2026-08-31,,否,,
2026-09-08 02:10:18,000935,四川双马,多元金融,0.65,均线未呈多头排列,,,否,,
2026-09-08 02:10:18,000937,冀中能源,煤炭开采,2.12,均线未呈多头排列,,,否,,
2026-09-08 02:10:18,000897,津滨发展,房地产开发,3.19,周线未呈多头排列,,,否,,
2026-09-08 02:10:18,000959,首钢股份,普钢,2.48,均线未呈多头排列,,,否,,
2026-09-08 02:10:18,000965,天保基建,房地产开发,2.4,均线未向上倾斜,,,否,,
2026-09-08 02:10:18,000905,厦门港务,航运港口,0.44,周线未呈多头排列,,,否,,
2026-09-08 02:10:18,000975,山金国际,贵金属,1.4,均线未呈多头排列,,,否,,
2026-09-08 02:10:18,000983,山西焦煤,煤炭开采,3.02,均线未呈多头排列,,,否,,
2026-09-08 02:10:18,000930,中粮科技,农产品加工,10.0,周线未呈多头排列,,,否,,
2026-09-08 02:10:18,000987,越秀资本,多元金融,1.33,均线未呈多头排列,,,否,,
2026-09-08 02:10:18,000990,诚志股份,化学原料,1.23,均线未呈多头排列,,,否,,
2026-09-08 02:10:18,001203,大中矿业,冶钢原料,-0.81,均线未呈多头排列,,,否,,
2026-09-08 02:10:18,001206,依依股份,个护用品,0.18,均线未呈多头排列,,,否,,
2026-09-08 02:10:18,001217,华尔泰,化学原料,1.06,均线未呈多头排列,,,否,,
2026-09-08 02:10:18,001218,丽臣实业,化学制品,0.55,均线未呈多头排列,,,否,,
2026-09-08 02:10:18,001230,劲旅环境,环境治理,-0.2,均线未呈多头排列,,,否,,
2026-09-08 02:10:18,000972,中基健康,农产品加工,2.07,周线未呈多头排列,,,否,,
2026-09-08 02:10:18,001236,弘业期货,多元金融,3.87,均线未向上倾斜,,,否,,
2026-09-08 02:10:18,001238,浙江正特,文娱用品,-0.08,均线未呈多头排列,,,否,,
2026-09-08 02:10:18,000978,桂林旅游,旅游及景区,10.03,周线未呈多头排列,,,否,,
2026-09-08 02:10:18,001239,永达股份,工程机械,1.15,均线未向上倾斜,,,否,,
2026-09-08 02:10:18,000985,大庆华科,炼化及贸易,0.39,周线未呈多头排列,,,否,,
2026-09-08 02:10:18,001267,汇绿生态,通信设备,-2.02,均线未呈多头排列,,,否,,
2026-09-08 02:10:18,001270,铖昌科技,军工电子Ⅱ,2.74,均线未呈多头排列,,,否,,
2026-09-08 02:10:18,001205,盛航股份,航运港口,0.48,周线未呈多头排列,,,否,,
2026-09-08 02:10:18,001328,登康口腔,个护用品,-2.13,均线未向上倾斜,,,否,,
2026-09-08 02:10:18,001219,青岛食品,休闲食品,-0.3,周线未呈多头排列,,,否,,
2026-09-08 02:10:18,001222,源飞宠物,文娱用品,-1.59,周线未呈多头排列,,,否,,
2026-09-08 02:10:18,001226,拓山重工,工程机械,0.04,周线未呈多头排列,,,否,,
2026-09-08 02:10:18,001331,胜通能源,燃气Ⅱ,-1.4,均线未呈多头排列,,,否,,
2026-09-08 02:10:18,001231,农心科技,农化制品,2.69,周线未呈多头排列,,,否,,
2026-09-08 02:10:18,002024,ST易购,互联网电商,0.85,ST股,,,否,,
2026-09-08 02:10:18,001337,四川黄金,贵金属,0.43,均线未呈多头排列,,,否,,
2026-09-08 02:10:18,001358,兴欣新材,化学制品,-0.5,均线未呈多头排列,,,否,,
2026-09-08 02:10:18,001396,誉帆科技,基础建设,0.06,均线未呈多头排列,,,否,,
2026-09-08 02:10:18,001872,招商港口,航运港口,-0.78,均线未向上倾斜,,,否,,
2026-09-08 02:10:18,001299,美能能源,燃气Ⅱ,0.46,周线未呈多头排列,,,否,,
2026-09-08 02:10:18,001300,三柏硕,文娱用品,2.55,周线未呈多头排列,,,否,,
2026-09-08 02:10:18,000998,隆平高科,种植业,3.93,通过,2026-08-18,152.3,是,否,无法获取分时数据
2026-09-08 02:10:18,001979,招商蛇口,房地产开发,1.02,均线未呈多头排列,,,否,,
2026-09-08 02:10:18,001316,润贝航科,炼化及贸易,0.1,周线未呈多头排列,,,否,,
2026-09-08 02:10:18,001330,博纳影业,影视院线,-2.05,周线未呈多头排列,,,否,,
2026-09-08 02:10:18,002001,新 和 成,化学制品,0.79,均线未呈多头排列,,,否,,
2026-09-08 02:10:18,002023,海特高新,航空装备Ⅱ,0.72,均线未呈多头排列,,,否,,
2026-09-08 02:10:18,002025,航天电器,军工电子Ⅱ,-1.82,均线未向上倾斜,,,否,,
2026-09-08 02:10:18,001335,信凯科技,化学制品,0.09,周线未呈多头排列,,,否,,
2026-09-08 02:10:18,002027,分众传媒,广告营销,1.43,均线未呈多头排列,,,否,,
2026-09-08 02:10:18,001338,永顺泰,农产品加工,2.34,周线未呈多头排列,,,否,,
2026-09-08 02:10:18,001368,通达创智,文娱用品,3.9,周线未呈多头排列,,,否,,
2026-09-08 02:10:18,001914,招商积余,房地产服务,1.32,周线未呈多头排列,,,否,,
2026-09-08 02:10:18,002041,登海种业,种植业,3.19,均线未呈多头排列,,,否,,
2026-09-08 02:10:18,002054,德美化工,化学制品,0.69,均线未呈多头排列,,,否,,
2026-09-08 02:10:18,002060,广东建工,基础建设,1.58,均线未呈多头排列,,,否,,
2026-09-08 02:10:18,002061,浙江交科,基础建设,0.86,均线未呈多头排列,,,否,,
2026-09-08 02:10:18,002012,凯恩股份,造纸,1.53,周线未呈多头排列,,,否,,
2026-09-08 02:10:18,002016,世荣兆业,房地产开发,2.12,周线未呈多头排列,,,否,,
2026-09-08 02:10:18,002017,东信和平,通信设备,10.03,周线未呈多头排列,,,否,,
2026-09-08 02:10:18,002067,景兴纸业,造纸,0.0,均线未呈多头排列,,,否,,
2026-09-08 02:10:18,002109,ST兴化,化学原料,1.77,ST股,,,否,,
2026-09-08 02:10:18,002072,凯瑞德,贸易Ⅱ,-0.35,均线未呈多头排列,,,否,,
2026-09-08 02:10:18,002075,沙钢股份,特钢Ⅱ,1.64,均线未呈多头排列,,,否,,
2026-09-08 02:10:18,002078,太阳纸业,造纸,0.07,均线未呈多头排列,,,否,,
2026-09-08 02:10:18,002033,丽江股份,旅游及景区,0.86,近20日无涨停,,,否,,
2026-09-08 02:10:18,002034,旺能环境,环境治理,0.41,周线未呈多头排列,,,否,,
2026-09-08 02:10:18,002037,保利联合,化学制品,0.14,周线未呈多头排列,,,否,,
2026-09-08 02:10:18,002091,江苏国泰,贸易Ⅱ,0.13,均线未呈多头排列,,,否,,
2026-09-08 02:10:18,002040,南 京 港,航运港口,0.34,周线未呈多头排列,,,否,,
2026-09-08 02:10:18,002096,易普力,化学制品,1.26,均线未呈多头排列,,,否,,
2026-09-08 02:10:18,002062,宏润建设,基础建设,0.34,周线未呈多头排列,,,否,,
2026-09-08 02:10:18,002110,三钢闽光,普钢,2.01,均线未呈多头排列,,,否,,
2026-09-08 02:10:18,002069,獐子岛,渔业,0.77,周线未呈多头排列,,,否,,
2026-09-08 02:10:18,002114,罗平锌电,工业金属,3.15,均线未呈多头排列,,,否,,
2026-09-08 02:10:18,002127,南极电商,互联网电商,2.99,均线未向上倾斜,,,否,,
2026-09-08 02:10:18,002128,电投能源,煤炭开采,0.32,均线未向上倾斜,,,否,,
2026-09-08 02:10:18,002086,东方海洋,农产品加工,0.44,近20日无涨停,,,否,,
2026-09-08 02:10:18,002133,广宇集团,房地产开发,3.15,均线未呈多头排列,,,否,,
2026-09-08 02:10:18,002136,安 纳 达,化学原料,0.55,均线未向上倾斜,,,否,,
2026-09-08 02:10:18,002145,钛能化学,化学原料,0.94,均线未呈多头排列,,,否,,
2026-09-08 02:10:18,002092,中泰化学,化学原料,1.45,周线未呈多头排列,,,否,,
2026-09-08 02:10:18,002093,国脉科技,教育,10.01,周线未呈多头排列,,,否,,
2026-09-08 02:10:18,002095,生 意 宝,数字媒体,9.98,周线未呈多头排列,,,否,,
2026-09-08 02:10:18,002059,云南旅游,旅游及景区,3.46,通过,2026-09-02,61.3,是,否,无法获取分时数据
2026-09-08 02:10:18,002151,北斗星通,军工电子Ⅱ,1.48,均线未呈多头排列,,,否,,
2026-09-08 02:10:18,002155,湖南黄金,贵金属,1.43,均线未呈多头排列,,,否,,
2026-09-08 02:10:18,002097,山河智能,工程机械,2.01,周线未呈多头排列,,,否,,
2026-09-08 02:10:18,002103,广博股份,文娱用品,1.6,周线未呈多头排列,,,否,,
2026-09-08 02:10:18,002104,恒宝股份,通信设备,0.89,周线未呈多头排列,,,否,,
2026-09-08 02:10:18,002160,常铝股份,工业金属,1.72,均线未呈多头排列,,,否,,
2026-09-08 02:10:18,002111,威海广泰,航空装备Ⅱ,0.9,周线未呈多头排列,,,否,,
2026-09-08 02:10:18,002207,*ST准油,油服工程,0.34,ST股,,,否,,
2026-09-08 02:10:18,002165,红 宝 丽,化学制品,0.98,均线未呈多头排列,,,否,,
2026-09-08 02:10:18,002166,莱茵生物,化学制品,3.93,均线未向上倾斜,,,否,,
2026-09-08 02:10:18,002211,ST宏达,化学制品,0.51,ST股,,,否,,
2026-09-08 02:10:18,002174,游族网络,游戏Ⅱ,1.72,均线未呈多头排列,,,否,,
2026-09-08 02:10:18,002177,御银股份,一般零售,1.83,均线未呈多头排列,,,否,,
2026-09-08 02:10:18,002179,中航光电,军工电子Ⅱ,0.29,均线未呈多头排列,,,否,,
2026-09-08 02:10:18,002146,荣盛发展,房地产开发,2.5,周线未呈多头排列,,,否,,
2026-09-08 02:10:18,002183,怡 亚 通,贸易Ⅱ,2.06,均线未呈多头排列,,,否,,
2026-09-08 02:10:18,002188,中天服务,房地产服务,1.06,均线未向上倾斜,,,否,,
2026-09-08 02:10:18,002192,融捷股份,能源金属,1.62,均线未呈多头排列,,,否,,
2026-09-08 02:10:18,002194,武汉凡谷,通信设备,10.03,均线未呈多头排列,,,否,,
2026-09-08 02:10:18,002200,交投生态,基础建设,0.43,均线未呈多头排列,,,否,,
2026-09-08 02:10:18,002203,海亮股份,工业金属,0.36,均线未呈多头排列,,,否,,
2026-09-08 02:10:18,002159,三特索道,旅游及景区,0.56,周线未呈多头排列,,,否,,
2026-09-08 02:10:18,002208,合肥城建,房地产开发,0.0,均线未呈多头排列,,,否,,
2026-09-08 02:10:18,002210,飞马国际,环境治理,2.19,均线未呈多头排列,,,否,,
2026-09-08 02:10:18,002170,芭田股份,农化制品,1.88,周线未呈多头排列,,,否,,
2026-09-08 02:10:18,002171,楚江新材,工业金属,1.37,周线未呈多头排列,,,否,,
2026-09-08 02:10:18,002226,江南化工,化学制品,0.59,均线未呈多头排列,,,否,,
2026-09-08 02:10:18,002233,塔牌集团,水泥,0.84,均线未呈多头排列,,,否,,
2026-09-08 02:10:18,002181,粤 传 媒,出版,3.78,周线未呈多头排列,,,否,,
2026-09-08 02:10:18,002235,安妮股份,造纸,1.84,均线未呈多头排列,,,否,,
2026-09-08 02:10:18,002187,广百股份,一般零售,1.01,周线未呈多头排列,,,否,,
2026-09-08 02:10:18,002237,恒邦股份,贵金属,1.66,均线未呈多头排列,,,否,,
2026-09-08 02:10:18,002189,中光学,军工电子Ⅱ,0.0,周线未呈多头排列,,,否,,
2026-09-08 02:10:18,002238,天威视讯,电视广播Ⅱ,1.34,均线未呈多头排列,,,否,,
2026-09-08 02:10:18,002240,盛新锂能,能源金属,0.79,均线未呈多头排列,,,否,,
2026-09-08 02:10:18,002244,滨江集团,房地产开发,0.58,均线未呈多头排列,,,否,,
2026-09-08 02:10:18,002250,联化科技,农化制品,-1.08,均线未呈多头排列,,,否,,
2026-09-08 02:10:18,002205,国统股份,水泥,1.18,周线未呈多头排列,,,否,,
2026-09-08 02:10:18,002214,大立科技,军工电子Ⅱ,1.32,周线未呈多头排列,,,否,,
2026-09-08 02:10:18,002215,诺 普 信,种植业,1.04,近20日无涨停,,,否,,
2026-09-08 02:10:18,002221,东华能源,炼化及贸易,2.04,周线未呈多头排列,,,否,,
2026-09-08 02:10:18,002305,*ST南置,房地产开发,0.48,ST股,,,否,,
2026-09-08 02:10:18,002266,浙富控股,环境治理,1.68,均线未呈多头排列,,,否,,
2026-09-08 02:10:18,002267,陕天然气,燃气Ⅱ,1.5,均线未向上倾斜,,,否,,
2026-09-08 02:10:18,002277,友阿股份,一般零售,1.15,均线未呈多头排列,,,否,,
2026-09-08 02:10:18,002281,光迅科技,通信设备,-1.03,均线未呈多头排列,,,否,,
2026-09-08 02:10:18,002295,精艺股份,工业金属,10.03,均线未呈多头排列,,,否,,
2026-09-08 02:10:18,002246,北化股份,化学制品,1.4,周线未呈多头排列,,,否,,
2026-09-08 02:10:18,002251,步步高,一般零售,4.83,周线未呈多头排列,,,否,,
2026-09-08 02:10:18,002259,升达林业,燃气Ⅱ,2.34,周线未呈多头排列,,,否,,
2026-09-08 02:10:18,002264,新 华 都,广告营销,9.99,周线未呈多头排列,,,否,,
2026-09-08 02:10:18,002302,西部建设,水泥,1.05,均线未呈多头排列,,,否,,
2026-09-08 02:10:18,002313,日海智能,通信设备,1.39,均线未向上倾斜,,,否,,
2026-09-08 02:10:18,002315,焦点科技,互联网电商,0.85,均线未向上倾斜,,,否,,
2026-09-08 02:10:18,002285,世联行,房地产服务,1.7,周线未呈多头排列,,,否,,
2026-09-08 02:10:18,002286,保龄宝,农产品加工,7.25,周线未呈多头排列,,,否,,
2026-09-08 02:10:18,002291,遥望科技,广告营销,1.55,周线未呈多头排列,,,否,,
2026-09-08 02:10:18,002292,奥飞娱乐,影视院线,0.69,近20日无涨停,,,否,,
2026-09-08 02:10:18,002316,亚联发展,综合Ⅱ,1.56,均线未呈多头排列,,,否,,
2026-09-08 02:10:18,002360,ST同德,化学制品,-1.25,ST股,,,否,,
2026-09-08 02:10:18,002318,久立特材,特钢Ⅱ,0.68,均线未呈多头排列,,,否,,
2026-09-08 02:10:18,002296,辉煌科技,通信设备,0.77,周线未呈多头排列,,,否,,
2026-09-08 02:10:18,002297,博云新材,航空装备Ⅱ,-0.62,周线未呈多头排列,,,否,,
2026-09-08 02:10:18,002319,乐通股份,化学制品,0.76,均线未呈多头排列,,,否,,
2026-09-08 02:10:18,002301,齐心集团,文娱用品,-0.87,周线未呈多头排列,,,否,,
2026-09-08 02:10:18,002258,利尔化学,农化制品,2.81,通过,2026-08-17,120.5,是,否,无法获取分时数据
2026-09-08 02:10:18,002326,永太科技,化学制品,0.51,均线未呈多头排列,,,否,,
2026-09-08 02:10:18,002338,奥普光电,军工电子Ⅱ,-0.32,均线未呈多头排列,,,否,,
2026-09-08 02:10:18,002307,北新路桥,基础建设,1.6,周线未呈多头排列,,,否,,
2026-09-08 02:10:18,002312,川发龙蟒,农化制品,10.01,周线未呈多头排列,,,否,,
2026-09-08 02:10:18,002314,南山控股,房地产开发,2.22,周线未呈多头排列,,,否,,
2026-09-08 02:10:18,002274,华昌化工,化学原料,3.62,通过,2026-09-02,108.7,是,否,无法获取分时数据
2026-09-08 02:10:18,002345,潮宏基,饰品,1.18,均线未呈多头排列,,,否,,
2026-09-08 02:10:18,002348,高乐股份,文娱用品,-0.47,均线未呈多头排列,,,否,,
2026-09-08 02:10:18,002377,国创高新,炼化及贸易,2.19,均线未呈多头排列,,,否,,
2026-09-08 02:10:18,002379,宏桥控股,工业金属,1.93,均线未呈多头排列,,,否,,
2026-09-08 02:10:18,002386,天原股份,化学原料,0.85,均线未呈多头排列,,,否,,
2026-09-08 02:10:18,002391,长青股份,农化制品,1.67,均线未向上倾斜,,,否,,
2026-09-08 02:10:18,002431,ST棕榈,基础建设,0.72,ST股,,,否,,
2026-09-08 02:10:18,002320,海峡股份,航运港口,2.26,周线未呈多头排列,,,否,,
2026-09-08 02:10:18,002400,省广集团,广告营销,2.65,均线未呈多头排列,,,否,,
2026-09-08 02:10:18,002407,多氟多,化学制品,1.71,均线未呈多头排列,,,否,,
2026-09-08 02:10:18,002408,齐翔腾达,炼化及贸易,1.84,均线未呈多头排列,,,否,,
2026-09-08 02:10:18,002413,雷科防务,军工电子Ⅱ,1.61,均线未呈多头排列,,,否,,
2026-09-08 02:10:18,002343,慈文传媒,影视院线,9.95,周线未呈多头排列,,,否,,
2026-09-08 02:10:18,002414,高德红外,军工电子Ⅱ,0.4,均线未呈多头排列,,,否,,
2026-09-08 02:10:18,002416,爱施德,专业连锁Ⅱ,0.72,均线未呈多头排列,,,否,,
2026-09-08 02:10:18,002344,海宁皮城,一般零售,1.47,周线未呈多头排列,,,否,,
2026-09-08 02:10:18,002354,天娱数科,广告营销,-0.47,超额收益 -0.83%,2026-08-28,,否,,
2026-09-08 02:10:18,002356,鹏飞绿能,一般零售,1.75,周线未呈多头排列,,,否,,
2026-09-08 02:10:18,002423,中粮资本,多元金融,2.37,均线未呈多头排列,,,否,,
2026-09-08 02:10:18,002383,合众思壮,军工电子Ⅱ,1.13,周线未呈多头排列,,,否,,
2026-09-08 02:10:18,002389,航天彩虹,航空装备Ⅱ,0.94,周线未呈多头排列,,,否,,
2026-09-08 02:10:18,002440,闰土股份,化学制品,0.24,均线未呈多头排列,,,否,,
2026-09-08 02:10:18,002396,星网锐捷,通信设备,-0.03,超额收益 -0.38%,2026-08-13,,否,,
2026-09-08 02:10:18,002501,*ST利源,工业金属,1.57,ST股,,,否,,
2026-09-08 02:10:18,002446,盛路通信,军工电子Ⅱ,3.22,均线未呈多头排列,,,否,,
2026-09-08 02:10:18,002453,华软科技,化学制品,0.66,均线未呈多头排列,,,否,,
2026-09-08 02:10:18,002455,百川股份,化学制品,-0.26,均线未呈多头排列,,,否,,
2026-09-08 02:10:18,002460,赣锋锂业,能源金属,0.96,均线未呈多头排列,,,否,,
2026-09-08 02:10:18,002465,海格通信,军工电子Ⅱ,2.91,均线未呈多头排列,,,否,,
2026-09-08 02:10:18,002538,ST司特,农化制品,2.33,ST股,,,否,,
2026-09-08 02:10:18,002466,天齐锂业,能源金属,0.77,均线未呈多头排列,,,否,,
2026-09-08 02:10:18,002419,天虹股份,一般零售,1.02,周线未呈多头排列,,,否,,
2026-09-08 02:10:18,002420,毅昌科技,综合Ⅱ,0.97,周线未呈多头排列,,,否,,
2026-09-08 02:10:18,002478,常宝股份,特钢Ⅱ,-0.15,均线未向上倾斜,,,否,,
2026-09-08 02:10:18,002491,通鼎互联,通信设备,-0.52,均线未呈多头排列,,,否,,
2026-09-08 02:10:18,002425,凯撒文化,游戏Ⅱ,0.58,周线未呈多头排列,,,否,,
2026-09-08 02:10:18,002493,荣盛石化,炼化及贸易,1.0,均线未呈多头排列,,,否,,
2026-09-08 02:10:18,002430,杭氧股份,化学制品,2.55,周线未呈多头排列,,,否,,
2026-09-08 02:10:18,002496,辉丰股份,农化制品,1.8,均线未向上倾斜,,,否,,
2026-09-08 02:10:18,002497,雅化集团,化学制品,0.9,均线未呈多头排列,,,否,,
2026-09-08 02:10:18,002511,中顺洁柔,个护用品,0.69,均线未向上倾斜,,,否,,
2026-09-08 02:10:18,002443,金洲管道,特钢Ⅱ,-2.08,周线未呈多头排列,,,否,,
2026-09-08 02:10:18,002513,蓝丰生化,农化制品,2.37,均线未向上倾斜,,,否,,
2026-09-08 02:10:18,002517,恺英网络,游戏Ⅱ,1.76,均线未呈多头排列,,,否,,
2026-09-08 02:10:18,002521,齐峰新材,造纸,0.46,均线未呈多头排列,,,否,,
2026-09-08 02:10:18,002539,云图控股,农化制品,1.38,均线未呈多头排列,,,否,,
2026-09-08 02:10:18,002540,亚太科技,工业金属,0.0,均线未呈多头排列,,,否,,
2026-09-08 02:10:18,002470,金正大,农化制品,10.0,周线未呈多头排列,,,否,,
2026-09-08 02:10:18,002476,新叶股份,炼化及贸易,-0.57,周线未呈多头排列,,,否,,
2026-09-08 02:10:18,002545,东方铁塔,农化制品,2.29,均线未呈多头排列,,,否,,
2026-09-08 02:10:18,002549,凯美特气,化学制品,-0.14,均线未呈多头排列,,,否,,
2026-09-08 02:10:18,002554,惠博普,油服工程,1.73,均线未呈多头排列,,,否,,
2026-09-08 02:10:18,002481,双塔食品,农产品加工,1.33,近20日无涨停,,,否,,
2026-09-08 02:10:18,002555,三七互娱,游戏Ⅱ,0.8,均线未呈多头排列,,,否,,
2026-09-08 02:10:18,002557,洽洽食品,休闲食品,1.14,均线未呈多头排列,,,否,,
2026-09-08 02:10:18,002558,巨人网络,游戏Ⅱ,0.84,均线未呈多头排列,,,否,,
2026-09-08 02:10:18,002562,兄弟科技,化学制品,1.81,均线未呈多头排列,,,否,,
2026-09-08 02:10:18,002573,清新环境,环境治理,1.86,均线未呈多头排列,,,否,,
2026-09-08 02:10:18,002582,好想你,休闲食品,2.0,均线未呈多头排列,,,否,,
2026-09-08 02:10:18,002583,海能达,通信设备,1.77,均线未向上倾斜,,,否,,
2026-09-08 02:10:18,002532,天山铝业,工业金属,1.62,周线未呈多头排列,,,否,,
2026-09-08 02:10:18,002586,围海股份,基础建设,1.0,均线未呈多头排列,,,否,,
2026-09-08 02:10:18,002588,史丹利,农化制品,2.98,均线未呈多头排列,,,否,,
2026-09-08 02:10:18,002591,恒大高新,化学制品,-0.15,均线未向上倾斜,,,否,,
2026-09-08 02:10:18,002601,龙佰集团,化学原料,1.16,均线未呈多头排列,,,否,,
2026-09-08 02:10:18,002605,姚记科技,游戏Ⅱ,1.08,均线未呈多头排列,,,否,,
2026-09-08 02:10:18,002607,中公教育,教育,3.42,均线未呈多头排列,,,否,,
2026-09-08 02:10:18,002624,完美世界,游戏Ⅱ,2.27,均线未呈多头排列,,,否,,
2026-09-08 02:10:18,002625,光启技术,航空装备Ⅱ,0.85,均线未呈多头排列,,,否,,
2026-09-08 02:10:18,002561,徐家汇,一般零售,-1.43,周线未呈多头排列,,,否,,
2026-09-08 02:10:18,002628,成都路桥,基础建设,-1.7,均线未呈多头排列,,,否,,
2026-09-08 02:10:18,002574,明牌珠宝,饰品,2.52,周线未呈多头排列,,,否,,
2026-09-08 02:10:18,002575,群兴玩具,综合Ⅱ,-0.18,周线未呈多头排列,,,否,,
2026-09-08 02:10:18,002578,闽发铝业,工业金属,-0.95,周线未呈多头排列,,,否,,
2026-09-08 02:10:18,002629,仁智股份,油服工程,1.44,均线未呈多头排列,,,否,,
2026-09-08 02:10:18,002647,仁东控股,多元金融,-0.17,均线未呈多头排列,,,否,,
2026-09-08 02:10:18,002648,卫星化学,化学原料,1.89,均线未呈多头排列,,,否,,
2026-09-08 02:10:18,002596,海南瑞泽,水泥,2.06,周线未呈多头排列,,,否,,
2026-09-08 02:10:18,002597,金禾实业,化学制品,3.35,周线未呈多头排列,,,否,,
2026-09-08 02:10:18,002602,世纪华通,游戏Ⅱ,1.36,周线未呈多头排列,,,否,,
2026-09-08 02:10:18,002717,*ST岭南,基础建设,0.0,ST股,,,否,,
2026-09-08 02:10:18,002719,ST麦趣,休闲食品,0.71,ST股,,,否,,
2026-09-08 02:10:18,002663,普邦股份,基础建设,1.71,均线未呈多头排列,,,否,,
2026-09-08 02:10:18,002731,*ST萃华,饰品,0.0,ST股,,,否,,
2026-09-08 02:10:18,002666,德联集团,化学制品,1.17,均线未向上倾斜,,,否,,
2026-09-08 02:10:18,002669,康达新材,化学制品,-0.73,均线未呈多头排列,,,否,,
2026-09-08 02:10:18,002672,东江环保,环境治理,1.6,均线未呈多头排列,,,否,,
2026-09-08 02:10:18,002627,三峡旅游,旅游及景区,0.55,周线未呈多头排列,,,否,,
2026-09-08 02:10:18,002678,珠江钢琴,文娱用品,0.62,均线未呈多头排列,,,否,,
2026-09-08 02:10:18,002685,华东重机,工程机械,0.0,均线未呈多头排列,,,否,,
2026-09-08 02:10:18,002695,煌上煌,休闲食品,1.05,均线未呈多头排列,,,否,,
2026-09-08 02:10:18,002637,赞宇科技,化学制品,4.93,周线未呈多头排列,,,否,,
2026-09-08 02:10:18,002640,跨境通,互联网电商,1.14,周线未呈多头排列,,,否,,
2026-09-08 02:10:18,002651,利君股份,航空装备Ⅱ,0.82,周线未呈多头排列,,,否,,
2026-09-08 02:10:18,002716,湖南白银,贵金属,2.15,均线未呈多头排列,,,否,,
2026-09-08 02:10:18,002659,凯文教育,教育,3.44,周线未呈多头排列,,,否,,
2026-09-08 02:10:18,002739,儒意电影,影视院线,1.27,均线未呈多头排列,,,否,,
2026-09-08 02:10:18,002671,龙泉股份,水泥,1.49,周线未呈多头排列,,,否,,
2026-09-08 02:10:18,002756,永兴材料,能源金属,0.3,均线未呈多头排列,,,否,,
2026-09-08 02:10:18,002683,广东宏大,化学制品,1.33,周线未呈多头排列,,,否,,
2026-09-08 02:10:18,002697,红旗连锁,一般零售,0.61,周线未呈多头排列,,,否,,
2026-09-08 02:10:18,002775,文科股份,基础建设,0.84,均线未呈多头排列,,,否,,
2026-09-08 02:10:18,002700,万憬能源,燃气Ⅱ,0.77,周线未呈多头排列,,,否,,
2026-09-08 02:10:18,002707,众信旅游,旅游及景区,0.7,周线未呈多头排列,,,否,,
2026-09-08 02:10:18,002783,凯龙股份,化学制品,0.75,均线未向上倾斜,,,否,,
2026-09-08 02:10:18,002712,思美传媒,广告营销,4.98,周线未呈多头排列,,,否,,
2026-09-08 02:10:18,002792,通宇通讯,通信设备,10.01,均线未呈多头排列,,,否,,
2026-09-08 02:10:18,002796,世嘉科技,通信设备,0.63,均线未呈多头排列,,,否,,
2026-09-08 02:10:18,002734,利民股份,农化制品,4.14,周线未呈多头排列,,,否,,
2026-09-08 02:10:18,002748,世龙实业,化学原料,0.49,周线未呈多头排列,,,否,,
2026-09-08 02:10:18,002749,国光股份,农化制品,1.95,周线未呈多头排列,,,否,,
2026-09-08 02:10:18,002809,红墙股份,化学制品,0.92,均线未呈多头排列,,,否,,
2026-09-08 02:10:18,002758,浙农股份,农化制品,3.02,近20日无涨停,,,否,,
2026-09-08 02:10:18,002810,山东赫达,化学制品,-0.41,均线未呈多头排列,,,否,,
2026-09-08 02:10:18,002761,浙江建投,房屋建设Ⅱ,0.67,周线未呈多头排列,,,否,,
2026-09-08 02:10:18,002772,众兴菌业,种植业,3.51,周线未呈多头排列,,,否,,
2026-09-08 02:10:18,002818,富森美,一般零售,0.45,均线未呈多头排列,,,否,,
2026-09-08 02:10:18,002820,桂发祥,休闲食品,0.0,均线未向上倾斜,,,否,,
2026-09-08 02:10:18,002778,中晟高科,环境治理,-0.89,周线未呈多头排列,,,否,,
2026-09-08 02:10:18,002828,贝肯能源,油服工程,2.73,均线未呈多头排列,,,否,,
2026-09-08 02:10:18,002847,盐津铺子,休闲食品,2.85,均线未呈多头排列,,,否,,
2026-09-08 02:10:18,002721,金一文化,饰品,2.69,通过,2026-08-11,36.7,是,否,无法获取分时数据
2026-09-08 02:10:18,002802,洪汇新材,化学制品,1.37,周线未呈多头排列,,,否,,
2026-09-08 02:10:18,002867,周大生,饰品,0.47,均线未呈多头排列,,,否,,
2026-09-08 02:10:18,002803,吉宏股份,互联网电商,0.9,周线未呈多头排列,,,否,,
2026-09-08 02:10:18,002887,绿茵生态,环境治理,1.6,均线未呈多头排列,,,否,,
2026-09-08 02:10:18,002895,川恒股份,农化制品,2.13,均线未呈多头排列,,,否,,
2026-09-08 02:10:18,002899,英派斯,文娱用品,3.33,均线未呈多头排列,,,否,,
2026-09-08 02:10:18,002902,铭普光磁,通信设备,0.22,均线未呈多头排列,,,否,,
2026-09-08 02:10:18,002824,和胜股份,工业金属,-3.8,周线未呈多头排列,,,否,,
2026-09-08 02:10:18,002827,高争民爆,化学制品,-9.99,超额收益 -10.35%,2026-09-04,,否,,
2026-09-08 02:10:18,002911,佛燃能源,燃气Ⅱ,2.12,均线未向上倾斜,,,否,,
2026-09-08 02:10:18,002829,星网宇达,航天装备Ⅱ,0.72,周线未呈多头排列,,,否,,
2026-09-08 02:10:18,002977,*ST天箭,军工电子Ⅱ,0.57,ST股,,,否,,
2026-09-08 02:10:18,002915,中欣氟材,化学制品,-0.06,均线未向上倾斜,,,否,,
2026-09-08 02:10:18,002852,道道全,农产品加工,2.35,周线未呈多头排列,,,否,,
2026-09-08 02:10:18,002862,实丰文化,文娱用品,0.37,周线未呈多头排列,,,否,,
2026-09-08 02:10:18,002919,名臣健康,游戏Ⅱ,0.39,均线未呈多头排列,,,否,,
2026-09-08 02:10:18,002935,天奥电子,军工电子Ⅱ,1.66,均线未呈多头排列,,,否,,
2026-09-08 02:10:18,002878,元隆雅图,广告营销,1.6,周线未呈多头排列,,,否,,
2026-09-08 02:10:18,002881,美格智能,通信设备,-0.63,周线未呈多头排列,,,否,,
2026-09-08 02:10:18,002941,新疆交建,基础建设,1.0,均线未向上倾斜,,,否,,
2026-09-08 02:10:18,002942,新农股份,农化制品,1.35,均线未呈多头排列,,,否,,
2026-09-08 02:10:18,002897,意华股份,通信设备,-0.1,周线未呈多头排列,,,否,,
2026-09-08 02:10:18,002956,西麦食品,休闲食品,0.36,均线未呈多头排列,,,否,,
2026-09-08 02:10:18,002961,瑞达期货,多元金融,1.96,均线未向上倾斜,,,否,,
2026-09-08 02:10:18,002905,金逸影视,影视院线,1.5,周线未呈多头排列,,,否,,
2026-09-08 02:10:18,002909,集泰股份,化学制品,4.92,周线未呈多头排列,,,否,,
2026-09-08 02:10:18,002971,和远气体,化学制品,0.78,均线未呈多头排列,,,否,,
2026-09-08 02:10:18,002986,宇新股份,炼化及贸易,1.06,均线未呈多头排列,,,否,,
2026-09-08 02:10:18,002991,甘源食品,休闲食品,0.56,均线未呈多头排列,,,否,,
2026-09-08 02:10:18,002917,金奥博,化学制品,0.66,周线未呈多头排列,,,否,,
2026-09-08 02:10:18,002933,新兴装备,航空装备Ⅱ,0.98,周线未呈多头排列,,,否,,
2026-09-08 02:10:18,002996,顺博合金,工业金属,1.3,均线未呈多头排列,,,否,,
2026-09-08 02:10:18,003000,劲仔食品,休闲食品,0.2,均线未呈多头排列,,,否,,
2026-09-08 02:10:18,003006,百亚股份,个护用品,2.21,均线未向上倾斜,,,否,,
2026-09-08 02:10:18,003009,中天火箭,航天装备Ⅱ,1.58,均线未呈多头排列,,,否,,
2026-09-08 02:10:18,003017,大洋生物,化学原料,0.18,均线未呈多头排列,,,否,,
2026-09-08 02:10:18,003027,同兴科技,环境治理,0.65,均线未呈多头排列,,,否,,
2026-09-08 02:10:18,002968,新大正,房地产服务,0.72,周线未呈多头排列,,,否,,
2026-09-08 02:10:18,003031,中瓷电子,通信设备,-2.58,均线未呈多头排列,,,否,,
2026-09-08 02:10:18,002973,侨银股份,环境治理,0.32,周线未呈多头排列,,,否,,
2026-09-08 02:10:18,002985,北摩高科,航空装备Ⅱ,1.85,周线未呈多头排列,,,否,,
2026-09-08 02:10:18,003032,传智教育,教育,4.76,均线未呈多头排列,,,否,,
2026-09-08 02:10:18,002988,豪美新材,工业金属,1.25,周线未呈多头排列,,,否,,
2026-09-08 02:10:18,003038,鑫铂股份,工业金属,0.82,均线未呈多头排列,,,否,,
2026-09-08 02:10:18,002995,天地在线,广告营销,1.65,周线未呈多头排列,,,否,,
2026-09-08 02:10:18,002999,天禾股份,农化制品,2.24,周线未呈多头排列,,,否,,
2026-09-08 02:10:18,003042,中农联合,农化制品,3.16,均线未向上倾斜,,,否,,
2026-09-08 02:10:18,003002,壶化股份,化学制品,4.77,周线未呈多头排列,,,否,,
2026-09-08 02:10:18,003010,若羽臣,互联网电商,1.79,超额收益 1.43%,2026-08-20,,否,,
2026-09-08 02:10:18,003030,祖名股份,农产品加工,0.8,周线未呈多头排列,,,否,,
2026-09-08 02:10:18,003037,三和管桩,水泥,0.86,周线未呈多头排列,,,否,,
2026-09-08 02:10:18,003039,顺控发展,环境治理,1.41,周线未呈多头排列,,,否,,
2026-09-08 02:10:18,003040,楚天龙,通信设备,-0.3,超额收益 -0.66%,2026-08-21,,否,,
2026-09-08 02:48:19,600082,ST海泰,房地产开发,1.65,ST股,,,否,,
2026-09-08 02:48:19,600053,*ST九鼎,多元金融,3.79,ST股,,,否,,
2026-09-08 02:48:19,600008,首创环保,环境治理,0.72,均线未呈多头排列,,,否,,
2026-09-08 02:48:19,600007,中国国贸,房地产开发,1.0,均线未向上倾斜,,,否,,
2026-09-08 02:48:19,600010,包钢股份,普钢,0.46,均线未呈多头排列,,,否,,
2026-09-08 02:48:19,600019,宝钢股份,普钢,0.35,均线未呈多头排列,,,否,,
2026-09-08 02:48:19,600022,山东钢铁,普钢,1.51,均线未呈多头排列,,,否,,
2026-09-08 02:48:19,600037,歌华有线,电视广播Ⅱ,0.84,均线未呈多头排列,,,否,,
2026-09-08 02:48:19,600048,保利发展,房地产开发,0.77,均线未呈多头排列,,,否,,
2026-09-08 02:48:19,600051,宁波联合,综合Ⅱ,1.1,均线未呈多头排列,,,否,,
2026-09-08 02:48:19,600064,南京高科,房地产开发,2.63,均线未呈多头排列,,,否,,
2026-09-08 02:48:19,600058,五矿发展,贸易Ⅱ,0.0,均线未呈多头排列,,,否,,
2026-09-08 02:48:19,600078,澄星股份,农化制品,3.1,均线未呈多头排列,,,否,,
2026-09-08 02:48:19,600136,ST明诚,房地产服务,2.0,ST股,,,否,,
2026-09-08 02:48:19,600094,大名城,房地产开发,2.75,均线未呈多头排列,,,否,,
2026-09-08 02:48:19,600096,云天化,农化制品,2.97,均线未呈多头排列,,,否,,
2026-09-08 02:48:19,600103,青山纸业,造纸,4.35,均线未向上倾斜,,,否,,
2026-09-08 02:48:19,600105,永鼎股份,通信设备,2.54,均线未呈多头排列,,,否,,
2026-09-08 02:48:19,600111,北方稀土,小金属,0.15,均线未呈多头排列,,,否,,
2026-09-08 02:48:19,600113,浙江东日,一般零售,5.66,均线未呈多头排列,,,否,,
2026-09-08 02:48:19,600117,西宁特钢,特钢Ⅱ,1.76,均线未呈多头排列,,,否,,
2026-09-08 02:48:19,600118,中国卫星,航天装备Ⅱ,1.23,均线未呈多头排列,,,否,,
2026-09-08 02:48:19,600028,中国石化,炼化及贸易,2.05,近20日无涨停,,,否,,
2026-09-08 02:48:19,600120,浙江东方,多元金融,0.81,均线未呈多头排列,,,否,,
2026-09-08 02:48:19,600187,*ST国中,环境治理,0.75,ST股,,,否,,
2026-09-08 02:48:19,600038,中直股份,航空装备Ⅱ,1.57,周线未呈多头排列,,,否,,
2026-09-08 02:48:19,600126,杭钢股份,普钢,0.95,均线未呈多头排列,,,否,,
2026-09-08 02:48:19,600128,苏豪弘业,贸易Ⅱ,1.16,均线未向上倾斜,,,否,,
2026-09-08 02:48:19,600133,东湖高新,环境治理,0.48,均线未呈多头排列,,,否,,
2026-09-08 02:48:19,600075,新疆天业,化学原料,0.81,周线未呈多头排列,,,否,,
2026-09-08 02:48:19,600141,兴发集团,农化制品,3.44,均线未呈多头排列,,,否,,
2026-09-08 02:48:19,600088,中视传媒,影视院线,5.4,周线未呈多头排列,,,否,,
2026-09-08 02:48:19,600097,开创国际,渔业,0.31,周线未呈多头排列,,,否,,
2026-09-08 02:48:19,600160,巨化股份,化学制品,0.95,均线未呈多头排列,,,否,,
2026-09-08 02:48:19,600162,香江控股,房地产开发,10.0,均线未向上倾斜,,,否,,
2026-09-08 02:48:19,600108,亚盛集团,种植业,10.0,周线未呈多头排列,,,否,,
2026-09-08 02:48:19,600165,宁科生物,化学制品,3.19,均线未呈多头排列,,,否,,
2026-09-08 02:48:19,600173,卧龙新能,房地产开发,0.8,均线未呈多头排列,,,否,,
2026-09-08 02:48:19,600176,中国巨石,玻璃玻纤,1.68,均线未呈多头排列,,,否,,
2026-09-08 02:48:19,600183,生益科技,元件,0.76,均线未向上倾斜,,,否,,
2026-09-08 02:48:19,600239,ST云城,房地产开发,1.39,ST股,,,否,,
2026-09-08 02:48:19,600191,华资实业,农产品加工,2.86,均线未呈多头排列,,,否,,
2026-09-08 02:48:19,600198,大唐电信,通信设备,1.58,均线未呈多头排列,,,否,,
2026-09-08 02:48:19,600201,生物股份,动物保健Ⅱ,0.81,均线未呈多头排列,,,否,,
2026-09-08 02:48:19,600208,衢州发展,房地产开发,1.38,均线未呈多头排列,,,否,,
2026-09-08 02:48:19,600217,中再资环,环境治理,1.55,均线未呈多头排列,,,否,,
2026-09-08 02:48:19,600150,中国船舶,航海装备Ⅱ,1.41,周线未呈多头排列,,,否,,
2026-09-08 02:48:19,600227,赤天化,农化制品,9.98,均线未呈多头排列,,,否,,
2026-09-08 02:48:19,600159,大龙地产,房地产开发,1.43,周线未呈多头排列,,,否,,
2026-09-08 02:48:19,600230,沧州大化,化学制品,2.01,均线未呈多头排列,,,否,,
2026-09-08 02:48:19,600231,凌钢股份,普钢,1.72,均线未呈多头排列,,,否,,
2026-09-08 02:48:19,600234,科新发展,装修装饰Ⅱ,2.09,均线未呈多头排列,,,否,,
2026-09-08 02:48:19,600168,武汉控股,环境治理,1.12,周线未呈多头排列,,,否,,
2026-09-08 02:48:19,600235,民丰特纸,造纸,0.85,均线未呈多头排列,,,否,,
2026-09-08 02:48:19,600237,铜峰电子,元件,0.48,均线未呈多头排列,,,否,,
2026-09-08 02:48:19,600246,万通发展,房地产开发,1.95,均线未向上倾斜,,,否,,
2026-09-08 02:48:19,600195,中牧股份,动物保健Ⅱ,1.99,周线未呈多头排列,,,否,,
2026-09-08 02:48:19,600251,冠农股份,农产品加工,4.7,均线未呈多头排列,,,否,,
2026-09-08 02:48:19,600127,金健米业,农产品加工,6.28,通过,2026-08-17,182.6,是,是,
2026-09-08 02:48:19,600259,中稀有色,小金属,0.0,均线未呈多头排列,,,否,,
2026-09-08 02:48:19,600219,南山铝业,工业金属,1.23,周线未呈多头排列,,,否,,
2026-09-08 02:48:19,600266,城建发展,房地产开发,1.88,均线未呈多头排列,,,否,,
2026-09-08 02:48:19,600273,嘉化能源,化学制品,1.64,均线未呈多头排列,,,否,,
2026-09-08 02:48:19,600228,返利科技,数字媒体,2.52,近20日无涨停,,,否,,
2026-09-08 02:48:19,600229,城市传媒,出版,5.22,周线未呈多头排列,,,否,,
2026-09-08 02:48:19,600281,华阳新材,小金属,0.0,均线未呈多头排列,,,否,,
2026-09-08 02:48:19,600282,南钢股份,特钢Ⅱ,1.07,均线未呈多头排列,,,否,,
2026-09-08 02:48:19,600293,三峡新材,玻璃玻纤,1.36,均线未呈多头排列,,,否,,
2026-09-08 02:48:19,600299,安迪苏,化学制品,1.51,均线未呈多头排列,,,否,,
2026-09-08 02:48:19,600301,华锡有色,小金属,4.16,均线未呈多头排列,,,否,,
2026-09-08 02:48:19,600256,广汇能源,炼化及贸易,6.87,周线未呈多头排列,,,否,,
2026-09-08 02:48:19,600307,酒钢宏兴,普钢,2.69,均线未呈多头排列,,,否,,
2026-09-08 02:48:19,600257,大湖股份,渔业,-0.82,近20日无涨停,,,否,,
2026-09-08 02:48:19,600308,华泰股份,造纸,0.9,均线未呈多头排列,,,否,,
2026-09-08 02:48:19,600261,阳光照明,照明设备Ⅱ,0.93,周线未呈多头排列,,,否,,
2026-09-08 02:48:19,600340,*ST华幸,房地产开发,0.93,ST股,,,否,,
2026-09-08 02:48:19,600278,东方创业,贸易Ⅱ,0.46,周线未呈多头排列,,,否,,
2026-09-08 02:48:19,600319,亚星化学,化学原料,1.53,均线未向上倾斜,,,否,,
2026-09-08 02:48:19,600322,津投城开,房地产开发,1.82,均线未呈多头排列,,,否,,
2026-09-08 02:48:19,600280,中央商场,一般零售,1.46,周线未呈多头排列,,,否,,
2026-09-08 02:48:19,600323,瀚蓝环境,环境治理,0.37,均线未呈多头排列,,,否,,
2026-09-08 02:48:19,600325,华发股份,房地产开发,2.33,均线未向上倾斜,,,否,,
2026-09-08 02:48:19,600283,钱江水利,环境治理,1.46,周线未呈多头排列,,,否,,
2026-09-08 02:48:19,600287,苏豪时尚,贸易Ⅱ,0.98,周线未呈多头排列,,,否,,
2026-09-08 02:48:19,600326,西藏天路,水泥,0.13,均线未呈多头排列,,,否,,
2026-09-08 02:48:19,600327,大东方,一般零售,-0.49,均线未呈多头排列,,,否,,
2026-09-08 02:48:19,600365,ST通葡,互联网电商,0.35,ST股,,,否,,
2026-09-08 02:48:19,600328,中盐化工,化学原料,2.05,均线未呈多头排列,,,否,,
2026-09-08 02:48:19,600331,宏达股份,农化制品,1.84,均线未呈多头排列,,,否,,
2026-09-08 02:48:19,600335,国机汽车,汽车服务,1.34,均线未呈多头排列,,,否,,
2026-09-08 02:48:19,600338,西藏珠峰,工业金属,1.05,均线未呈多头排列,,,否,,
2026-09-08 02:48:19,600339,中油工程,油服工程,2.39,均线未呈多头排列,,,否,,
2026-09-08 02:48:19,600309,万华化学,化学制品,1.67,周线未呈多头排列,,,否,,
2026-09-08 02:48:19,600345,长江通信,通信设备,5.21,均线未呈多头排列,,,否,,
2026-09-08 02:48:19,600313,农发种业,种植业,2.05,超额收益 1.49%,2026-08-17,,否,,
2026-09-08 02:48:19,600316,洪都航空,航空装备Ⅱ,2.68,周线未呈多头排列,,,否,,
2026-09-08 02:48:19,600318,新力金融,多元金融,7.02,周线未呈多头排列,,,否,,
2026-09-08 02:48:19,600346,恒力石化,炼化及贸易,1.21,均线未呈多头排列,,,否,,
2026-09-08 02:48:19,600352,浙江龙盛,化学制品,0.49,均线未呈多头排列,,,否,,
2026-09-08 02:48:19,600353,旭光电子,其他电子Ⅱ,-2.0,均线未呈多头排列,,,否,,
2026-09-08 02:48:19,600361,创新新材,工业金属,3.04,均线未呈多头排列,,,否,,
2026-09-08 02:48:19,600362,江西铜业,工业金属,4.37,均线未呈多头排列,,,否,,
2026-09-08 02:48:19,600367,红星发展,化学原料,0.92,均线未呈多头排列,,,否,,
2026-09-08 02:48:19,600423,*ST柳化,化学原料,0.71,ST股,,,否,,
2026-09-08 02:48:19,600372,中航机载,航空装备Ⅱ,3.54,均线未向上倾斜,,,否,,
2026-09-08 02:48:19,600373,中文传媒,出版,3.04,均线未向上倾斜,,,否,,
2026-09-08 02:48:19,600376,首开股份,房地产开发,0.6,均线未呈多头排列,,,否,,
2026-09-08 02:48:19,600378,昊华科技,化学制品,0.74,均线未呈多头排列,,,否,,
2026-09-08 02:48:19,600390,五矿资本,多元金融,1.22,均线未呈多头排列,,,否,,
2026-09-08 02:48:19,600389,江山股份,农化制品,3.83,均线未呈多头排列,,,否,,
2026-09-08 02:48:19,600392,盛和资源,小金属,0.55,均线未呈多头排列,,,否,,
2026-09-08 02:48:19,600408,安泰集团,焦炭Ⅱ,3.27,均线未向上倾斜,,,否,,
2026-09-08 02:48:19,600356,恒丰纸业,造纸,1.75,周线未呈多头排列,,,否,,
2026-09-08 02:48:19,600358,国旅联合,广告营销,1.14,周线未呈多头排列,,,否,,
2026-09-08 02:48:19,600359,新农开发,种植业,0.38,周线未呈多头排列,,,否,,
2026-09-08 02:48:19,600409,三友化工,化学原料,0.0,均线未呈多头排列,,,否,,
2026-09-08 02:48:19,600425,青松建化,水泥,1.07,均线未呈多头排列,,,否,,
2026-09-08 02:48:19,600426,华鲁恒升,农化制品,1.97,均线未呈多头排列,,,否,,
2026-09-08 02:48:19,600433,冠豪高新,造纸,1.49,均线未呈多头排列,,,否,,
2026-09-08 02:48:19,600449,宁夏建材,水泥,1.19,均线未向上倾斜,,,否,,
2026-09-08 02:48:19,600456,宝钛股份,小金属,0.94,均线未呈多头排列,,,否,,
2026-09-08 02:48:19,600383,金地集团,房地产开发,1.27,周线未呈多头排列,,,否,,
2026-09-08 02:48:19,600386,北巴传媒,汽车服务,1.39,周线未呈多头排列,,,否,,
2026-09-08 02:48:19,600458,时代新材,综合Ⅱ,0.69,均线未呈多头排列,,,否,,
2026-09-08 02:48:19,600459,贵研铂业,小金属,1.0,均线未呈多头排列,,,否,,
2026-09-08 02:48:19,600391,航发科技,航空装备Ⅱ,6.14,周线未呈多头排列,,,否,,
2026-09-08 02:48:19,600461,洪城环境,环境治理,0.79,均线未呈多头排列,,,否,,
2026-09-08 02:48:19,600399,抚顺特钢,特钢Ⅱ,2.43,周线未呈多头排列,,,否,,
2026-09-08 02:48:19,600354,敦煌种业,种植业,9.97,通过,2026-08-18,240.9,是,是,
2026-09-08 02:48:19,600470,六国化工,农化制品,4.08,均线未呈多头排列,,,否,,
2026-09-08 02:48:19,600487,亨通光电,通信设备,1.98,均线未呈多头排列,,,否,,
2026-09-08 02:48:19,600415,小商品城,一般零售,-2.07,近20日无涨停,,,否,,
2026-09-08 02:48:19,600490,鹏欣资源,工业金属,1.33,均线未呈多头排列,,,否,,
2026-09-08 02:48:19,600497,驰宏锌锗,工业金属,2.33,均线未呈多头排列,,,否,,
2026-09-08 02:48:19,600371,万向德农,种植业,6.97,通过,2026-08-18,195.9,是,是,
2026-09-08 02:48:19,600498,烽火通信,通信设备,4.59,均线未呈多头排列,,,否,,
2026-09-08 02:48:19,600500,中化国际,化学制品,6.91,均线未向上倾斜,,,否,,
2026-09-08 02:48:19,600503,华丽家族,房地产开发,2.25,均线未呈多头排列,,,否,,
2026-09-08 02:48:19,600507,方大特钢,特钢Ⅱ,1.66,均线未呈多头排列,,,否,,
2026-09-08 02:48:19,600581,*ST八钢,普钢,0.41,ST股,,,否,,
2026-09-08 02:48:19,600510,黑牡丹,房地产开发,1.76,均线未呈多头排列,,,否,,
2026-09-08 02:48:19,600515,海南机场,房地产开发,1.41,均线未呈多头排列,,,否,,
2026-09-08 02:48:19,600517,国网英大,多元金融,1.39,均线未呈多头排列,,,否,,
2026-09-08 02:48:19,600522,中天科技,通信设备,1.47,均线未呈多头排列,,,否,,
2026-09-08 02:48:19,600531,豫光金铅,工业金属,2.11,均线未呈多头排列,,,否,,
2026-09-08 02:48:19,600463,空港股份,房地产开发,0.94,周线未呈多头排列,,,否,,
2026-09-08 02:48:19,600467,好当家,渔业,1.58,近20日无涨停,,,否,,
2026-09-08 02:48:19,600539,狮头股份,互联网电商,-1.7,均线未呈多头排列,,,否,,
2026-09-08 02:48:19,600486,扬农化工,农化制品,2.91,周线未呈多头排列,,,否,,
2026-09-08 02:48:19,600549,厦门钨业,小金属,0.2,均线未呈多头排列,,,否,,
2026-09-08 02:48:19,600562,国睿科技,军工电子Ⅱ,3.27,均线未向上倾斜,,,否,,
2026-09-08 02:48:19,600563,法拉电子,元件,-1.59,均线未呈多头排列,,,否,,
2026-09-08 02:48:19,600567,山鹰国际,造纸,0.74,均线未呈多头排列,,,否,,
2026-09-08 02:48:19,600569,安阳钢铁,普钢,3.89,均线未呈多头排列,,,否,,
2026-09-08 02:48:19,600506,统一股份,炼化及贸易,-3.17,周线未呈多头排列,,,否,,
2026-09-08 02:48:19,600583,海油工程,油服工程,0.99,均线未呈多头排列,,,否,,
2026-09-08 02:48:19,600586,金晶科技,玻璃玻纤,1.21,均线未呈多头排列,,,否,,
2026-09-08 02:48:19,600585,海螺水泥,水泥,0.62,均线未呈多头排列,,,否,,
2026-09-08 02:48:19,600595,中孚实业,工业金属,0.64,均线未向上倾斜,,,否,,
2026-09-08 02:48:19,600598,北大荒,种植业,5.18,均线未呈多头排列,,,否,,
2026-09-08 02:48:19,600533,栖霞建设,房地产开发,2.65,周线未呈多头排列,,,否,,
2026-09-08 02:48:19,600604,市北高新,房地产开发,-0.21,均线未呈多头排列,,,否,,
2026-09-08 02:48:19,600540,新赛股份,种植业,-1.94,周线未呈多头排列,,,否,,
2026-09-08 02:48:19,600610,中毅达,化学原料,0.0,均线未呈多头排列,,,否,,
2026-09-08 02:48:19,600551,时代出版,出版,1.47,周线未呈多头排列,,,否,,
2026-09-08 02:48:19,600556,天下秀,广告营销,1.63,周线未呈多头排列,,,否,,
2026-09-08 02:48:19,600615,鑫源智造,工业金属,-0.3,均线未向上倾斜,,,否,,
2026-09-08 02:48:19,600618,氯碱化工,化学原料,2.03,均线未呈多头排列,,,否,,
2026-09-08 02:48:19,600620,天宸股份,综合Ⅱ,1.8,均线未呈多头排列,,,否,,
2026-09-08 02:48:19,600623,华谊集团,化学原料,3.42,均线未呈多头排列,,,否,,
2026-09-08 02:48:19,600638,新黄浦,房地产开发,0.79,均线未呈多头排列,,,否,,
2026-09-08 02:48:19,600596,新安股份,农化制品,3.64,周线未呈多头排列,,,否,,
2026-09-08 02:48:19,600601,方正科技,元件,6.08,周线未呈多头排列,,,否,,
2026-09-08 02:48:19,600605,汇通能源,一般零售,1.91,周线未呈多头排列,,,否,,
2026-09-08 02:48:19,600606,绿地控股,房地产开发,2.27,周线未呈多头排列,,,否,,
2026-09-08 02:48:19,600653,申华控股,汽车服务,1.14,均线未呈多头排列,,,否,,
2026-09-08 02:48:19,600655,豫园股份,一般零售,2.41,均线未呈多头排列,,,否,,
2026-09-08 02:48:19,600661,昂立教育,教育,0.57,均线未呈多头排列,,,否,,
2026-09-08 02:48:19,600678,ST金顶,水泥,-0.66,ST股,,,否,,
2026-09-08 02:48:19,600622,光大嘉宝,房地产开发,1.22,周线未呈多头排列,,,否,,
2026-09-08 02:48:19,600628,新世界,一般零售,-0.46,周线未呈多头排列,,,否,,
2026-09-08 02:48:19,600629,华建集团,工程咨询服务Ⅱ,-1.79,近20日无涨停,,,否,,
2026-09-08 02:48:19,600637,东方明珠,电视广播Ⅱ,1.62,周线未呈多头排列,,,否,,
2026-09-08 02:48:19,600663,陆家嘴,房地产开发,0.44,均线未呈多头排列,,,否,,
2026-09-08 02:48:19,600639,浦东金桥,房地产开发,1.05,周线未呈多头排列,,,否,,
2026-09-08 02:48:19,600667,太极实业,工程咨询服务Ⅱ,5.51,均线未呈多头排列,,,否,,
2026-09-08 02:48:19,600640,国脉文化,数字媒体,2.14,周线未呈多头排列,,,否,,
2026-09-08 02:48:19,600643,爱建集团,多元金融,1.45,周线未呈多头排列,,,否,,
2026-09-08 02:48:19,600668,尖峰集团,水泥,0.94,均线未呈多头排列,,,否,,
2026-09-08 02:48:19,600673,东阳光,综合Ⅱ,-0.13,均线未呈多头排列,,,否,,
2026-09-08 02:48:19,600648,外高桥,房地产开发,1.19,周线未呈多头排列,,,否,,
2026-09-08 02:48:19,600649,城投控股,房地产开发,1.25,周线未呈多头排列,,,否,,
2026-09-08 02:48:19,600676,久事动娱,汽车服务,0.45,均线未呈多头排列,,,否,,
2026-09-08 02:48:19,600657,信达地产,房地产开发,0.3,周线未呈多头排列,,,否,,
2026-09-08 02:48:19,600658,电子城,房地产开发,1.66,周线未呈多头排列,,,否,,
2026-09-08 02:48:19,600682,南京新百,综合Ⅱ,2.27,均线未呈多头排列,,,否,,
2026-09-08 02:48:19,600683,京投发展,房地产开发,1.3,均线未呈多头排列,,,否,,
2026-09-08 02:48:19,600662,外服控股,专业服务,1.64,周线未呈多头排列,,,否,,
2026-09-08 02:48:19,600684,珠江股份,房地产服务,1.94,均线未呈多头排列,,,否,,
2026-09-08 02:48:19,600688,上海石化,炼化及贸易,2.11,均线未呈多头排列,,,否,,
2026-09-08 02:48:19,600665,天地源,房地产开发,1.4,周线未呈多头排列,,,否,,
2026-09-08 02:48:19,600708,光明地产,房地产开发,2.61,均线未呈多头排列,,,否,,
2026-09-08 02:48:19,600730,*ST高科,教育,0.32,ST股,,,否,,
2026-09-08 02:48:19,600710,苏美达,贸易Ⅱ,0.28,均线未呈多头排列,,,否,,
2026-09-08 02:48:19,600734,*ST实达,通信设备,7.91,ST股,,,否,,
2026-09-08 02:48:19,600711,盛屯矿业,工业金属,2.24,均线未呈多头排列,,,否,,
2026-09-08 02:48:19,600675,中华企业,房地产开发,1.74,周线未呈多头排列,,,否,,
2026-09-08 02:48:19,600716,凤凰股份,房地产开发,0.81,均线未向上倾斜,,,否,,
2026-09-08 02:48:19,600720,中交设计,工程咨询服务Ⅱ,1.15,均线未呈多头排列,,,否,,
2026-09-08 02:48:19,600724,宁波富达,房地产服务,0.78,均线未呈多头排列,,,否,,
2026-09-08 02:48:19,600725,云维股份,焦炭Ⅱ,1.83,均线未呈多头排列,,,否,,
2026-09-08 02:48:19,600685,中船防务,航海装备Ⅱ,0.81,周线未呈多头排列,,,否,,
2026-09-08 02:48:19,600727,鲁北化工,化学原料,3.36,均线未向上倾斜,,,否,,
2026-09-08 02:48:19,600689,上海三毛,综合Ⅱ,1.2,周线未呈多头排列,,,否,,
2026-09-08 02:48:19,600729,重百集团,一般零售,-0.2,均线未向上倾斜,,,否,,
2026-09-08 02:48:19,600691,潞化科技,农化制品,4.26,周线未呈多头排列,,,否,,
2026-09-08 02:48:19,600692,亚通股份,房地产开发,0.76,周线未呈多头排列,,,否,,
2026-09-08 02:48:19,600693,东百集团,一般零售,-1.13,周线未呈多头排列,,,否,,
2026-09-08 02:48:19,600694,大商股份,一般零售,-0.2,周线未呈多头排列,,,否,,
2026-09-08 02:48:19,600697,欧亚集团,一般零售,0.0,周线未呈多头排列,,,否,,
2026-09-08 02:48:19,600736,苏州高新,房地产开发,0.9,均线未呈多头排列,,,否,,
2026-09-08 02:48:19,600712,南宁百货,一般零售,2.18,周线未呈多头排列,,,否,,
2026-09-08 02:48:19,600714,金瑞矿业,化学原料,-1.43,周线未呈多头排列,,,否,,
2026-09-08 02:48:19,600740,山西焦化,焦炭Ⅱ,2.89,均线未呈多头排列,,,否,,
2026-09-08 02:48:19,600743,华远控股,房地产服务,3.29,均线未呈多头排列,,,否,,
2026-09-08 02:48:19,600748,上实发展,房地产开发,2.07,均线未呈多头排列,,,否,,
2026-09-08 02:48:19,600757,长江传媒,出版,3.39,均线未呈多头排列,,,否,,
2026-09-08 02:48:19,600764,中国海防,航海装备Ⅱ,1.2,均线未向上倾斜,,,否,,
2026-09-08 02:48:19,600768,富邦新材,工业金属,0.2,均线未呈多头排列,,,否,,
2026-09-08 02:48:19,600769,祥龙电业,环境治理,7.09,均线未呈多头排列,,,否,,
2026-09-08 02:48:19,600773,西藏城投,房地产开发,1.93,均线未呈多头排列,,,否,,
2026-09-08 02:48:19,600731,湖南海利,农化制品,1.85,周线未呈多头排列,,,否,,
2026-09-08 02:48:19,600738,丽尚国潮,一般零售,0.45,周线未呈多头排列,,,否,,
2026-09-08 02:48:19,600782,新钢股份,普钢,2.18,均线未呈多头排列,,,否,,
2026-09-08 02:48:19,600784,鲁银投资,化学原料,-1.33,均线未呈多头排列,,,否,,
2026-09-08 02:48:19,600746,江苏索普,化学原料,2.51,周线未呈多头排列,,,否,,
2026-09-08 02:48:19,600722,金牛化工,化学原料,4.9,通过,2026-08-18,98.9,是,是,
2026-09-08 02:48:19,600791,京能置业,房地产开发,-0.12,均线未呈多头排列,,,否,,
2026-09-08 02:48:19,600760,中航沈飞,航空装备Ⅱ,1.25,近20日无涨停,,,否,,
2026-09-08 02:48:19,600765,中航重机,航空装备Ⅱ,2.53,周线未呈多头排列,,,否,,
2026-09-08 02:48:19,600770,综艺股份,综合Ⅱ,10.02,周线未呈多头排列,,,否,,
2026-09-08 02:48:19,600800,渤海化学,炼化及贸易,2.61,均线未呈多头排列,,,否,,
2026-09-08 02:48:19,600775,南京熊猫,通信设备,1.11,周线未呈多头排列,,,否,,
2026-09-08 02:48:19,600776,东方通信,通信设备,4.48,周线未呈多头排列,,,否,,
2026-09-08 02:48:19,600737,中粮糖业,农产品加工,9.99,通过,2026-08-18,238.3,是,是,
2026-09-08 02:48:19,600778,友好集团,一般零售,0.67,周线未呈多头排列,,,否,,
2026-09-08 02:48:19,600805,悦达投资,综合Ⅱ,1.31,均线未呈多头排列,,,否,,
2026-09-08 02:48:19,600807,济高发展,综合Ⅱ,1.86,均线未向上倾斜,,,否,,
2026-09-08 02:48:19,600785,新华百货,一般零售,-2.71,周线未呈多头排列,,,否,,
2026-09-08 02:48:19,600808,马钢股份,普钢,2.35,均线未呈多头排列,,,否,,
2026-09-08 02:48:19,600790,轻纺城,一般零售,1.17,周线未呈多头排列,,,否,,
2026-09-08 02:48:19,600816,建元信托,多元金融,0.81,均线未呈多头排列,,,否,,
2026-09-08 02:48:19,600792,云煤能源,焦炭Ⅱ,10.1,周线未呈多头排列,,,否,,
2026-09-08 02:48:19,600793,宜宾纸业,造纸,1.22,周线未呈多头排列,,,否,,
2026-09-08 02:48:19,600796,钱江生化,环境治理,1.52,周线未呈多头排列,,,否,,
2026-09-08 02:48:19,600826,兰生股份,专业服务,1.7,均线未呈多头排列,,,否,,
2026-09-08 02:48:19,600801,华新建材,水泥,3.76,近20日无涨停,,,否,,
2026-09-08 02:48:19,600827,百联股份,一般零售,0.0,均线未向上倾斜,,,否,,
2026-09-08 02:48:19,600802,福建水泥,水泥,-1.34,周线未呈多头排列,,,否,,
2026-09-08 02:48:19,600844,金煤科技,化学原料,4.74,均线未呈多头排列,,,否,,
2026-09-08 02:48:19,600846,同济科技,工程咨询服务Ⅱ,-0.42,均线未呈多头排列,,,否,,
2026-09-08 02:48:19,600814,杭州解百,一般零售,-2.89,周线未呈多头排列,,,否,,
2026-09-08 02:48:19,600848,上海临港,房地产开发,0.7,均线未呈多头排列,,,否,,
2026-09-08 02:48:19,600819,耀皮玻璃,玻璃玻纤,1.36,周线未呈多头排列,,,否,,
2026-09-08 02:48:19,600822,上海物贸,汽车服务,2.96,周线未呈多头排列,,,否,,
2026-09-08 02:48:19,600824,益民集团,一般零售,0.0,周线未呈多头排列,,,否,,
2026-09-08 02:48:19,600859,王府井,一般零售,0.58,均线未向上倾斜,,,否,,
2026-09-08 02:48:19,600825,新华传媒,出版,0.0,周线未呈多头排列,,,否,,
2026-09-08 02:48:19,600861,北京人力,专业服务,0.0,均线未呈多头排列,,,否,,
2026-09-08 02:48:19,600862,中航高科,航空装备Ⅱ,1.21,均线未向上倾斜,,,否,,
2026-09-08 02:48:19,600866,星湖科技,化学制品,2.71,均线未向上倾斜,,,否,,
2026-09-08 02:48:19,600828,茂业商业,一般零售,-0.59,周线未呈多头排列,,,否,,
2026-09-08 02:48:19,600830,香溢融通,多元金融,-1.26,周线未呈多头排列,,,否,,
2026-09-08 02:48:19,600831,广电网络,电视广播Ⅱ,2.32,周线未呈多头排列,,,否,,
2026-09-08 02:48:19,600838,上海九百,一般零售,-2.68,周线未呈多头排列,,,否,,
2026-09-08 02:48:19,600871,石化油服,油服工程,2.24,均线未呈多头排列,,,否,,
2026-09-08 02:48:19,600873,梅花生物,化学制品,1.93,均线未呈多头排列,,,否,,
2026-09-08 02:48:19,600876,凯盛新能,玻璃玻纤,0.84,均线未呈多头排列,,,否,,
2026-09-08 02:48:19,600855,航天长峰,军工电子Ⅱ,0.94,周线未呈多头排列,,,否,,
2026-09-08 02:48:19,600857,宁波中百,一般零售,-2.49,超额收益 -3.05%,2026-08-12,,否,,
2026-09-08 02:48:19,600879,航天电子,航天装备Ⅱ,1.05,均线未呈多头排列,,,否,,
2026-09-08 02:48:19,600858,银座股份,一般零售,0.38,周线未呈多头排列,,,否,,
2026-09-08 02:48:19,600881,亚泰集团,综合Ⅱ,6.92,均线未呈多头排列,,,否,,
2026-09-08 02:48:19,600888,新疆众和,工业金属,0.9,均线未呈多头排列,,,否,,
2026-09-08 02:48:19,600895,张江高科,房地产开发,-0.61,均线未呈多头排列,,,否,,
2026-09-08 02:48:19,600865,百大集团,一般零售,10.01,周线未呈多头排列,,,否,,
2026-09-08 02:48:19,600927,永安期货,多元金融,0.79,均线未呈多头排列,,,否,,
2026-09-08 02:48:19,600928,西安银行,城商行Ⅱ,2.56,均线未向上倾斜,,,否,,
2026-09-08 02:48:19,600874,创业环保,环境治理,0.71,周线未呈多头排列,,,否,,
2026-09-08 02:48:19,600936,北投科技,电视广播Ⅱ,-3.72,均线未向上倾斜,,,否,,
2026-09-08 02:48:19,600955,维远股份,化学原料,1.5,均线未呈多头排列,,,否,,
2026-09-08 02:48:19,600880,博瑞传播,教育,10.1,周线未呈多头排列,,,否,,
2026-09-08 02:48:19,600961,株冶集团,工业金属,1.43,均线未呈多头排列,,,否,,
2026-09-08 02:48:19,600962,国投中鲁,农产品加工,0.59,均线未呈多头排列,,,否,,
2026-09-08 02:48:19,600883,博闻科技,种植业,2.96,周线未呈多头排列,,,否,,
2026-09-08 02:48:19,600963,岳阳林纸,造纸,2.87,均线未呈多头排列,,,否,,
2026-09-08 02:48:19,601010,ST文峰,一般零售,0.0,ST股,,,否,,
2026-09-08 02:48:19,600893,航发动力,航空装备Ⅱ,5.23,周线未呈多头排列,,,否,,
2026-09-08 02:48:19,600966,博汇纸业,造纸,1.03,均线未呈多头排列,,,否,,
2026-09-08 02:48:19,600968,海油发展,油服工程,1.28,均线未呈多头排列,,,否,,
2026-09-08 02:48:19,600901,江苏金租,多元金融,0.75,近20日无涨停,,,否,,
2026-09-08 02:48:19,600908,无锡银行,农商行Ⅱ,1.39,近20日无涨停,,,否,,
2026-09-08 02:48:19,600919,江苏银行,城商行Ⅱ,0.82,近20日无涨停,,,否,,
2026-09-08 02:48:19,600926,杭州银行,城商行Ⅱ,0.53,近20日无涨停,,,否,,
2026-09-08 02:48:19,600977,中国电影,影视院线,0.84,均线未向上倾斜,,,否,,
2026-09-08 02:48:19,600981,苏豪汇鸿,贸易Ⅱ,2.41,均线未呈多头排列,,,否,,
2026-09-08 02:48:19,600929,雪天盐业,化学原料,0.0,周线未呈多头排列,,,否,,
2026-09-08 02:48:19,600986,浙文互联,广告营销,1.86,均线未呈多头排列,,,否,,
2026-09-08 02:48:19,600935,华塑股份,化学原料,3.86,周线未呈多头排列,,,否,,
2026-09-08 02:48:19,600989,宝丰能源,化学原料,1.02,均线未向上倾斜,,,否,,
2026-09-08 02:48:19,600990,四创电子,军工电子Ⅱ,0.64,均线未向上倾斜,,,否,,
2026-09-08 02:48:19,600959,江苏有线,电视广播Ⅱ,1.58,周线未呈多头排列,,,否,,
2026-09-08 02:48:19,601003,柳钢股份,普钢,2.67,均线未呈多头排列,,,否,,
2026-09-08 02:48:19,601005,重庆钢铁,普钢,1.67,均线未呈多头排列,,,否,,
2026-09-08 02:48:19,601011,宝泰隆,焦炭Ⅱ,3.82,均线未呈多头排列,,,否,,
2026-09-08 02:48:19,601015,陕西黑猫,焦炭Ⅱ,5.8,均线未呈多头排列,,,否,,
2026-09-08 02:48:19,601019,山东出版,出版,1.96,均线未向上倾斜,,,否,,
2026-09-08 02:48:19,601020,华钰矿业,工业金属,2.73,均线未呈多头排列,,,否,,
2026-09-08 02:48:19,601061,中信金属,贸易Ⅱ,2.12,均线未呈多头排列,,,否,,
2026-09-08 02:48:19,601065,江盐集团,化学原料,1.6,均线未呈多头排列,,,否,,
2026-09-08 02:48:19,601077,渝农商行,农商行Ⅱ,-0.45,均线未呈多头排列,,,否,,
2026-09-08 02:48:19,601098,中南传媒,出版,2.15,均线未呈多头排列,,,否,,
2026-09-08 02:48:19,601112,振石股份,玻璃玻纤,-0.13,均线未向上倾斜,,,否,,
2026-09-08 02:48:19,601158,重庆水务,环境治理,0.49,均线未呈多头排列,,,否,,
2026-09-08 02:48:19,600996,贵广网络,电视广播Ⅱ,2.96,周线未呈多头排列,,,否,,
2026-09-08 02:48:19,601009,南京银行,城商行Ⅱ,0.59,近20日无涨停,,,否,,
2026-09-08 02:48:19,601187,厦门银行,城商行Ⅱ,1.27,均线未呈多头排列,,,否,,
2026-09-08 02:48:19,601199,江南水务,环境治理,0.86,均线未呈多头排列,,,否,,
2026-09-08 02:48:19,601200,上海环境,环境治理,1.3,均线未呈多头排列,,,否,,
2026-09-08 02:48:19,601212,白银有色,工业金属,1.71,均线未呈多头排列,,,否,,
2026-09-08 02:48:19,601033,永兴股份,环境治理,0.34,周线未呈多头排列,,,否,,
2026-09-08 02:48:19,601216,君正集团,化学原料,0.63,均线未向上倾斜,,,否,,
2026-09-08 02:48:19,601229,上海银行,城商行Ⅱ,0.63,均线未呈多头排列,,,否,,
2026-09-08 02:48:19,601233,桐昆股份,炼化及贸易,-0.36,均线未呈多头排列,,,否,,
2026-09-08 02:48:19,601116,三江购物,一般零售,-1.1,周线未呈多头排列,,,否,,
2026-09-08 02:48:19,601118,海南橡胶,种植业,10.0,周线未呈多头排列,,,否,,
2026-09-08 02:48:19,601128,常熟银行,农商行Ⅱ,1.11,周线未呈多头排列,,,否,,
2026-09-08 02:48:19,601155,新城控股,房地产开发,0.58,周线未呈多头排列,,,否,,
2026-09-08 02:48:19,601368,绿城水务,环境治理,1.33,均线未呈多头排列,,,否,,
2026-09-08 02:48:19,601388,怡球资源,工业金属,1.48,均线未呈多头排列,,,否,,
2026-09-08 02:48:19,601168,西部矿业,工业金属,5.59,近20日无涨停,,,否,,
2026-09-08 02:48:19,601169,北京银行,城商行Ⅱ,1.09,近20日无涨停,,,否,,
2026-09-08 02:48:19,601568,北元化工,化学原料,1.84,均线未呈多头排列,,,否,,
2026-09-08 02:48:19,601600,中国铝业,工业金属,1.05,均线未呈多头排列,,,否,,
2026-09-08 02:48:19,601636,旗滨集团,玻璃玻纤,-1.01,均线未呈多头排列,,,否,,
2026-09-08 02:48:19,601086,国芳集团,一般零售,4.6,通过,2026-08-28,63.4,是,是,
2026-09-08 02:48:19,601330,绿色动力,环境治理,1.12,周线未呈多头排列,,,否,,
2026-09-08 02:48:19,601366,利群股份,一般零售,0.52,周线未呈多头排列,,,否,,
2026-09-08 02:48:19,601677,明泰铝业,工业金属,1.29,均线未呈多头排列,,,否,,
2026-09-08 02:48:19,601678,滨化股份,化学原料,2.33,均线未呈多头排列,,,否,,
2026-09-08 02:48:19,601698,中国卫通,航天装备Ⅱ,1.13,均线未呈多头排列,,,否,,
2026-09-08 02:48:19,601702,华峰铝业,工业金属,0.98,均线未呈多头排列,,,否,,
2026-09-08 02:48:19,601801,皖新传媒,出版,2.78,均线未呈多头排列,,,否,,
2026-09-08 02:48:19,601808,中海油服,油服工程,0.88,均线未呈多头排列,,,否,,
2026-09-08 02:48:19,601512,中新集团,房地产开发,1.99,周线未呈多头排列,,,否,,
2026-09-08 02:48:19,601528,瑞丰银行,农商行Ⅱ,1.56,近20日无涨停,,,否,,
2026-09-08 02:48:19,601577,长沙银行,城商行Ⅱ,0.7,近20日无涨停,,,否,,
2026-09-08 02:48:19,601811,新华文轩,出版,2.63,均线未呈多头排列,,,否,,
2026-09-08 02:48:19,601588,北辰实业,房地产开发,1.7,周线未呈多头排列,,,否,,
2026-09-08 02:48:19,601595,上海电影,影视院线,8.0,周线未呈多头排列,,,否,,
2026-09-08 02:48:19,601609,金田股份,工业金属,-1.43,周线未呈多头排列,,,否,,
2026-09-08 02:48:19,601827,三峰环境,环境治理,-0.49,均线未呈多头排列,,,否,,
2026-09-08 02:48:19,601828,美凯龙,一般零售,2.22,均线未向上倾斜,,,否,,
2026-09-08 02:48:19,601857,中国石油,炼化及贸易,1.45,均线未呈多头排列,,,否,,
2026-09-08 02:48:19,601665,齐鲁银行,城商行Ⅱ,0.43,近20日无涨停,,,否,,
2026-09-08 02:48:19,601858,中国科传,出版,3.31,均线未呈多头排列,,,否,,
2026-09-08 02:48:19,601860,紫金银行,农商行Ⅱ,1.92,均线未向上倾斜,,,否,,
2026-09-08 02:48:19,601686,友发集团,普钢,0.77,周线未呈多头排列,,,否,,
2026-09-08 02:48:19,601869,长飞光纤,通信设备,3.99,均线未呈多头排列,,,否,,
2026-09-08 02:48:19,601899,紫金矿业,工业金属,2.31,均线未呈多头排列,,,否,,
2026-09-08 02:48:19,601928,凤凰传媒,出版,1.48,均线未呈多头排列,,,否,,
2026-09-08 02:48:19,601933,永辉超市,一般零售,2.43,均线未向上倾斜,,,否,,
2026-09-08 02:48:19,601825,沪农商行,农商行Ⅱ,1.57,近20日无涨停,,,否,,
2026-09-08 02:48:19,601958,金钼股份,小金属,1.52,均线未呈多头排列,,,否,,
2026-09-08 02:48:19,601838,成都银行,城商行Ⅱ,1.75,近20日无涨停,,,否,,
2026-09-08 02:48:19,601965,中国汽研,汽车服务,0.0,均线未呈多头排列,,,否,,
2026-09-08 02:48:19,601992,金隅集团,水泥,1.43,均线未呈多头排列,,,否,,
2026-09-08 02:48:19,601997,贵阳银行,城商行Ⅱ,1.26,均线未呈多头排列,,,否,,
2026-09-08 02:48:19,603004,鼎龙科技,化学制品,0.32,均线未呈多头排列,,,否,,
2026-09-08 02:48:19,601886,江河集团,装修装饰Ⅱ,-3.2,超额收益 -3.76%,2026-08-12,,否,,
2026-09-08 02:48:19,601890,亚星锚链,航海装备Ⅱ,-0.77,周线未呈多头排列,,,否,,
2026-09-08 02:48:19,603010,万盛股份,化学制品,0.0,均线未呈多头排列,,,否,,
2026-09-08 02:48:19,601900,南方传媒,出版,3.96,近20日无涨停,,,否,,
2026-09-08 02:48:19,601921,浙版传媒,出版,2.37,近20日无涨停,,,否,,
2026-09-08 02:48:19,601929,吉视传媒,电视广播Ⅱ,3.91,周线未呈多头排列,,,否,,
2026-09-08 02:48:19,603018,华设集团,工程咨询服务Ⅱ,0.75,均线未呈多头排列,,,否,,
2026-09-08 02:48:19,601952,苏垦农发,种植业,9.97,周线未呈多头排列,,,否,,
2026-09-08 02:48:19,601963,重庆银行,城商行Ⅱ,0.18,近20日无涨停,,,否,,
2026-09-08 02:48:19,603033,三维股份,橡胶,-0.27,均线未呈多头排列,,,否,,
2026-09-08 02:48:19,603038,华立股份,装修建材,3.29,均线未呈多头排列,,,否,,
2026-09-08 02:48:19,603041,美思德,化学制品,0.97,均线未向上倾斜,,,否,,
2026-09-08 02:48:19,603000,人民网,数字媒体,3.51,周线未呈多头排列,,,否,,
2026-09-08 02:48:19,603051,鹿山新材,化学制品,0.28,均线未呈多头排列,,,否,,
2026-09-08 02:48:19,603060,国检集团,专业服务,0.9,均线未向上倾斜,,,否,,
2026-09-08 02:48:19,603062,麦加芯彩,化学制品,0.96,均线未呈多头排列,,,否,,
2026-09-08 02:48:19,603065,宿迁联盛,化学制品,-2.19,均线未呈多头排列,,,否,,
2026-09-08 02:48:19,603077,和邦生物,农化制品,7.39,均线未呈多头排列,,,否,,
2026-09-08 02:48:19,603017,中衡设计,工程咨询服务Ⅱ,0.2,周线未呈多头排列,,,否,,
2026-09-08 02:48:19,603079,圣达生物,化学制品,1.07,均线未呈多头排列,,,否,,
2026-09-08 02:48:19,601949,中国出版,出版,9.98,通过,2026-09-04,229.2,是,是,
2026-09-08 02:48:19,603020,爱普股份,化学制品,0.96,周线未呈多头排列,,,否,,
2026-09-08 02:48:19,603086,先达股份,农化制品,3.19,均线未向上倾斜,,,否,,
2026-09-08 02:48:19,603030,全筑股份,装修装饰Ⅱ,0.0,周线未呈多头排列,,,否,,
2026-09-08 02:48:19,603093,南华期货,多元金融,1.29,均线未向上倾斜,,,否,,
2026-09-08 02:48:19,603042,华脉科技,通信设备,9.98,周线未呈多头排列,,,否,,
2026-09-08 02:48:19,603110,东方材料,化学制品,0.82,均线未呈多头排列,,,否,,
2026-09-08 02:48:19,601999,出版传媒,出版,5.08,通过,2026-08-13,155.5,是,是,
2026-09-08 02:48:19,603113,金能科技,化学原料,1.11,均线未呈多头排列,,,否,,
2026-09-08 02:48:19,603118,共进股份,通信设备,2.18,均线未呈多头排列,,,否,,
2026-09-08 02:48:19,603120,肯特催化,化学制品,4.24,均线未呈多头排列,,,否,,
2026-09-08 02:48:19,603067,振华股份,化学原料,0.55,周线未呈多头排列,,,否,,
2026-09-08 02:48:19,603125,常青科技,化学制品,0.48,均线未呈多头排列,,,否,,
2026-09-08 02:48:19,603132,金徽股份,工业金属,0.55,均线未向上倾斜,,,否,,
2026-09-08 02:48:19,603137,恒尚节能,装修装饰Ⅱ,0.84,均线未呈多头排列,,,否,,
2026-09-08 02:48:19,603083,XD剑桥科,通信设备,10.0,周线未呈多头排列,,,否,,
2026-09-08 02:48:19,603155,新亚强,化学制品,2.5,均线未呈多头排列,,,否,,
2026-09-08 02:48:19,603172,万丰股份,化学制品,-0.27,均线未向上倾斜,,,否,,
2026-09-08 02:48:19,603096,新经典,出版,4.67,周线未呈多头排列,,,否,,
2026-09-08 02:48:19,603175,超颖电子,元件,2.44,均线未呈多头排列,,,否,,
2026-09-08 02:48:19,603101,汇嘉时代,一般零售,0.13,周线未呈多头排列,,,否,,
2026-09-08 02:48:19,603103,横店影视,影视院线,2.35,周线未呈多头排列,,,否,,
2026-09-08 02:48:19,603177,德创环保,环境治理,1.67,均线未呈多头排列,,,否,,
2026-09-08 02:48:19,603181,皇马科技,化学制品,0.23,均线未呈多头排列,,,否,,
2026-09-08 02:48:19,603123,翠微股份,一般零售,1.28,周线未呈多头排列,,,否,,
2026-09-08 02:48:19,603188,亚邦股份,化学制品,-1.21,均线未呈多头排列,,,否,,
2026-09-08 02:48:19,603192,汇得科技,化学制品,-1.72,均线未呈多头排列,,,否,,
2026-09-08 02:48:19,603200,上海洗霸,环境治理,-1.54,均线未呈多头排列,,,否,,
2026-09-08 02:48:19,603213,镇洋发展,化学原料,0.07,均线未呈多头排列,,,否,,
2026-09-08 02:48:19,603217,元利科技,化学制品,1.37,均线未呈多头排列,,,否,,
2026-09-08 02:48:19,603223,恒通股份,炼化及贸易,-3.58,均线未呈多头排列,,,否,,
2026-09-08 02:48:19,603153,上海建科,工程咨询服务Ⅱ,1.2,周线未呈多头排列,,,否,,
2026-09-08 02:48:19,603227,雪峰科技,化学制品,1.04,均线未呈多头排列,,,否,,
2026-09-08 02:48:19,603165,XD荣晟环,造纸,-2.64,周线未呈多头排列,,,否,,
2026-09-08 02:48:19,603235,天新药业,化学制品,-0.55,均线未向上倾斜,,,否,,
2026-09-08 02:48:19,603255,鼎际得,化学制品,-0.22,均线未呈多头排列,,,否,,
2026-09-08 02:48:19,603256,宏和科技,玻璃玻纤,6.59,均线未呈多头排列,,,否,,
2026-09-08 02:48:19,603182,嘉华股份,农产品加工,0.64,周线未呈多头排列,,,否,,
2026-09-08 02:48:19,603183,建研院,专业服务,-0.41,近20日无涨停,,,否,,
2026-09-08 02:48:19,603260,合盛硅业,化学制品,2.11,均线未呈多头排列,,,否,,
2026-09-08 02:48:19,603267,鸿远电子,军工电子Ⅱ,1.54,均线未呈多头排列,,,否,,
2026-09-08 02:48:19,603271,永杰新材,工业金属,0.07,均线未呈多头排列,,,否,,
2026-09-08 02:48:19,603281,江瀚新材,化学制品,1.64,均线未呈多头排列,,,否,,
2026-09-08 02:48:19,603284,林平发展,造纸,0.39,均线未呈多头排列,,,否,,
2026-09-08 02:48:19,603285,键邦股份,化学制品,-0.06,均线未呈多头排列,,,否,,
2026-09-08 02:48:19,603230,内蒙新华,出版,4.92,周线未呈多头排列,,,否,,
2026-09-08 02:48:19,603231,索宝蛋白,农产品加工,0.12,周线未呈多头排列,,,否,,
2026-09-08 02:48:19,603291,联合水务,环境治理,3.7,均线未呈多头排列,,,否,,
2026-09-08 02:48:19,603236,移远通信,通信设备,-1.77,超额收益 -2.33%,2026-08-13,,否,,
2026-09-08 02:48:19,603299,苏盐井神,化学原料,1.7,均线未呈多头排列,,,否,,
2026-09-08 02:48:19,603377,ST东时,教育,1.63,ST股,,,否,,
2026-09-08 02:48:19,603378,*ST亚士,装修建材,-0.99,ST股,,,否,,
2026-09-08 02:48:19,603300,海南华铁,多元金融,0.62,均线未呈多头排列,,,否,,
2026-09-08 02:48:19,603310,巍华新材,化学制品,0.55,均线未呈多头排列,,,否,,
2026-09-08 02:48:19,603257,中国瑞林,工程咨询服务Ⅱ,1.78,周线未呈多头排列,,,否,,
2026-09-08 02:48:19,603186,华正新材,元件,6.87,通过,2026-08-14,173.5,是,否,股价 192.63 < 均价 196.04; 9:45-10:00最低价 192.63 < 9:45均价的0.98 192.65
2026-09-08 02:48:19,603315,福鞍股份,环境治理,0.17,均线未呈多头排列,,,否,,
2026-09-08 02:48:19,603261,立航科技,航空装备Ⅱ,0.09,超额收益 -0.47%,2026-08-13,,否,,
2026-09-08 02:48:19,603268,松发股份,航海装备Ⅱ,-0.21,近20日无涨停,,,否,,
2026-09-08 02:48:19,603328,依顿电子,元件,1.08,均线未呈多头排列,,,否,,
2026-09-08 02:48:19,603276,恒兴新材,化学制品,1.21,周线未呈多头排列,,,否,,
2026-09-08 02:48:19,603334,丰倍生物,化学制品,0.03,均线未呈多头排列,,,否,,
2026-09-08 02:48:19,603336,宏辉果蔬,种植业,4.59,均线未向上倾斜,,,否,,
2026-09-08 02:48:19,603228,景旺电子,元件,3.88,通过,2026-08-12,128.6,是,否,股价 107.56 < 均价 108.36; 9:45-10:00有13/16分钟低于均价线
2026-09-08 02:48:19,603360,百傲化学,农化制品,1.59,均线未呈多头排列,,,否,,
2026-09-08 02:48:19,603373,安邦护卫,专业服务,0.0,均线未呈多头排列,,,否,,
2026-09-08 02:48:19,603379,三美股份,化学制品,1.59,均线未呈多头排列,,,否,,
2026-09-08 02:48:19,603303,得邦照明,照明设备Ⅱ,1.42,周线未呈多头排列,,,否,,
2026-09-08 02:48:19,603395,红四方,农化制品,0.47,均线未呈多头排列,,,否,,
2026-09-08 02:48:19,603407,长裕集团,小金属,0.97,均线未呈多头排列,,,否,,
2026-09-08 02:48:19,603421,鼎信通讯,通信设备,1.86,均线未呈多头排列,,,否,,
2026-09-08 02:48:19,603459,红板科技,元件,0.0,均线未呈多头排列,,,否,,
2026-09-08 02:48:19,603323,苏农银行,农商行Ⅱ,2.01,近20日无涨停,,,否,,
2026-09-08 02:48:19,603466,风语筑,数字媒体,5.25,均线未呈多头排列,,,否,,
2026-09-08 02:48:19,603505,金石资源,化学制品,0.59,均线未呈多头排列,,,否,,
2026-09-08 02:48:19,603515,欧普照明,照明设备Ⅱ,-2.18,均线未呈多头排列,,,否,,
2026-09-08 02:48:19,603527,众源新材,工业金属,3.21,均线未呈多头排列,,,否,,
2026-09-08 02:48:19,603353,和顺石油,炼化及贸易,10.0,周线未呈多头排列,,,否,,
2026-09-08 02:48:19,603357,设计总院,工程咨询服务Ⅱ,0.66,周线未呈多头排列,,,否,,
2026-09-08 02:48:19,603366,日出东方,厨卫电器,-0.52,周线未呈多头排列,,,否,,
2026-09-08 02:48:19,603568,伟明环保,环境治理,0.63,均线未呈多头排列,,,否,,
2026-09-08 02:48:19,603386,骏亚科技,元件,1.94,周线未呈多头排列,,,否,,
2026-09-08 02:48:19,603588,高能环境,环境治理,5.9,均线未向上倾斜,,,否,,
2026-09-08 02:48:19,603599,广信股份,农化制品,4.36,均线未向上倾斜,,,否,,
2026-09-08 02:48:19,603458,勘设股份,工程咨询服务Ⅱ,2.59,周线未呈多头排列,,,否,,
2026-09-08 02:48:19,603601,再升科技,玻璃玻纤,1.0,均线未呈多头排列,,,否,,
2026-09-08 02:48:19,603612,索通发展,非金属材料Ⅱ,3.36,均线未呈多头排列,,,否,,
2026-09-08 02:48:19,603506,南都物业,房地产服务,0.95,周线未呈多头排列,,,否,,
2026-09-08 02:48:19,603619,中曼石油,油服工程,5.26,均线未呈多头排列,,,否,,
2026-09-08 02:48:19,603639,海利尔,农化制品,1.49,均线未呈多头排列,,,否,,
2026-09-08 02:48:19,603533,掌阅科技,数字媒体,0.93,周线未呈多头排列,,,否,,
2026-09-08 02:48:19,603650,彤程新材,橡胶,2.77,均线未呈多头排列,,,否,,
2026-09-08 02:48:19,603729,ST龙韵,广告营销,2.66,ST股,,,否,,
2026-09-08 02:48:19,603551,奥普科技,厨卫电器,-0.1,周线未呈多头排列,,,否,,
2026-09-08 02:48:19,603663,三祥新材,化学原料,-0.3,均线未呈多头排列,,,否,,
2026-09-08 02:48:19,603566,普莱柯,动物保健Ⅱ,0.56,周线未呈多头排列,,,否,,
2026-09-08 02:48:19,603678,火炬电子,军工电子Ⅱ,3.54,均线未呈多头排列,,,否,,
2026-09-08 02:48:19,603585,苏利股份,农化制品,2.04,周线未呈多头排列,,,否,,
2026-09-08 02:48:19,603681,永冠新材,化学制品,0.0,均线未呈多头排列,,,否,,
2026-09-08 02:48:19,603682,锦和商管,一般零售,-0.65,均线未呈多头排列,,,否,,
2026-09-08 02:48:19,603598,引力传媒,广告营销,1.77,周线未呈多头排列,,,否,,
2026-09-08 02:48:19,603683,晶华新材,化学制品,0.86,均线未呈多头排列,,,否,,
2026-09-08 02:48:19,603688,石英股份,非金属材料Ⅱ,3.35,均线未呈多头排列,,,否,,
2026-09-08 02:48:19,603602,纵横通信,广告营销,0.85,周线未呈多头排列,,,否,,
2026-09-08 02:48:19,603822,ST嘉澳,化学制品,1.2,ST股,,,否,,
2026-09-08 02:48:19,603613,国联股份,互联网电商,0.45,周线未呈多头排列,,,否,,
2026-09-08 02:48:19,603825,ST华扬,广告营销,-0.36,ST股,,,否,,
2026-09-08 02:48:19,603712,七一二,军工电子Ⅱ,1.11,均线未向上倾斜,,,否,,
2026-09-08 02:48:19,603828,*ST利达,装修装饰Ⅱ,8.04,ST股,,,否,,
2026-09-08 02:48:19,603616,韩建河山,水泥,1.37,周线未呈多头排列,,,否,,
2026-09-08 02:48:19,603722,阿科力,化学制品,0.2,均线未呈多头排列,,,否,,
2026-09-08 02:48:19,603727,博迈科,油服工程,0.51,均线未呈多头排列,,,否,,
2026-09-08 02:48:19,603733,仙鹤股份,造纸,-0.63,均线未呈多头排列,,,否,,
2026-09-08 02:48:19,603737,三棵树,装修建材,0.0,均线未呈多头排列,,,否,,
2026-09-08 02:48:19,603738,泰晶科技,元件,0.72,均线未呈多头排列,,,否,,
2026-09-08 02:48:19,603759,海天股份,环境治理,1.34,均线未呈多头排列,,,否,,
2026-09-08 02:48:19,603790,雅运股份,化学制品,-0.26,均线未呈多头排列,,,否,,
2026-09-08 02:48:19,603797,联泰环保,环境治理,1.25,均线未向上倾斜,,,否,,
2026-09-08 02:48:19,603803,瑞斯康达,通信设备,3.21,均线未呈多头排列,,,否,,
2026-09-08 02:48:19,603810,丰山集团,农化制品,0.64,均线未呈多头排列,,,否,,
2026-09-08 02:48:19,603686,福龙马,环境治理,0.29,周线未呈多头排列,,,否,,
2026-09-08 02:48:19,603823,百合花,化学制品,9.99,均线未呈多头排列,,,否,,
2026-09-08 02:48:19,603708,家家悦,一般零售,0.41,周线未呈多头排列,,,否,,
2026-09-08 02:48:19,603826,坤彩科技,非金属材料Ⅱ,0.12,均线未呈多头排列,,,否,,
2026-09-08 02:48:19,603993,洛阳钼业,工业金属,2.67,均线未呈多头排列,,,否,,
2026-09-08 02:48:19,603721,中广天择,影视院线,-0.05,周线未呈多头排列,,,否,,
2026-09-08 02:48:19,603995,甬金股份,特钢Ⅱ,-0.25,均线未呈多头排列,,,否,,
2026-09-08 02:48:19,605007,五洲特纸,造纸,0.2,均线未呈多头排列,,,否,,
2026-09-08 02:48:19,605016,百龙创园,化学制品,3.34,均线未向上倾斜,,,否,,
2026-09-08 02:48:19,603739,蔚蓝生物,化学制品,3.22,周线未呈多头排列,,,否,,
2026-09-08 02:48:19,605020,永和股份,化学制品,-0.36,均线未呈多头排列,,,否,,
2026-09-08 02:48:19,605033,美邦股份,农化制品,0.1,均线未呈多头排列,,,否,,
2026-09-08 02:48:19,603798,康普顿,炼化及贸易,0.35,周线未呈多头排列,,,否,,
2026-09-08 02:48:19,605069,正和生态,环境治理,0.38,均线未呈多头排列,,,否,,
2026-09-08 02:48:19,603817,海峡环保,环境治理,0.51,周线未呈多头排列,,,否,,
2026-09-08 02:48:19,605086,龙高股份,非金属材料Ⅱ,0.56,均线未呈多头排列,,,否,,
2026-09-08 02:48:19,605336,*ST帅电,厨卫电器,-0.33,ST股,,,否,,
2026-09-08 02:48:19,605098,行动教育,教育,0.59,均线未呈多头排列,,,否,,
2026-09-08 02:48:19,605122,四方新材,水泥,1.27,均线未向上倾斜,,,否,,
2026-09-08 02:48:19,603989,艾华集团,元件,-0.73,周线未呈多头排列,,,否,,
2026-09-08 02:48:19,603999,读者传媒,出版,9.96,周线未呈多头排列,,,否,,
2026-09-08 02:48:19,605006,山东玻纤,玻璃玻纤,0.71,周线未呈多头排列,,,否,,
2026-09-08 02:48:19,605198,安德利,农产品加工,1.96,均线未呈多头排列,,,否,,
2026-09-08 02:48:19,605258,协和电子,元件,0.96,均线未呈多头排列,,,否,,
2026-09-08 02:48:19,605058,澳弘电子,元件,1.79,周线未呈多头排列,,,否,,
2026-09-08 02:48:19,605287,德才股份,装修装饰Ⅱ,-1.79,均线未呈多头排列,,,否,,
2026-09-08 02:48:19,605077,华康股份,化学制品,5.09,周线未呈多头排列,,,否,,
2026-09-08 02:48:19,605080,浙江自然,文娱用品,1.16,周线未呈多头排列,,,否,,
2026-09-08 02:48:19,605318,法狮龙,装修建材,2.81,均线未呈多头排列,,,否,,
2026-09-08 02:48:19,605366,宏柏新材,化学制品,2.15,均线未呈多头排列,,,否,,
2026-09-08 02:48:19,605377,华旺科技,造纸,-0.12,均线未呈多头排列,,,否,,
2026-09-08 02:48:19,605123,派克新材,航空装备Ⅱ,0.14,周线未呈多头排列,,,否,,
2026-09-08 02:48:19,605136,丽人丽妆,互联网电商,1.61,周线未呈多头排列,,,否,,
2026-09-08 02:48:19,605168,三人行,广告营销,3.77,周线未呈多头排列,,,否,,
2026-09-08 02:48:19,605183,确成股份,橡胶,1.45,周线未呈多头排列,,,否,,
2026-09-08 02:48:19,605188,国光连锁,一般零售,0.47,周线未呈多头排列,,,否,,
2026-09-08 02:48:19,605208,永茂泰,工业金属,-1.19,周线未呈多头排列,,,否,,
2026-09-08 02:48:19,000002,万 科Ａ,房地产开发,1.88,均线未向上倾斜,,,否,,
2026-09-08 02:48:19,000056,*ST皇庭,房地产服务,-1.7,ST股,,,否,,
2026-09-08 02:48:19,000006,深振业Ａ,房地产开发,3.66,均线未呈多头排列,,,否,,
2026-09-08 02:48:19,000007,全新好,一般零售,-0.09,均线未呈多头排列,,,否,,
2026-09-08 02:48:19,605299,舒华体育,文娱用品,2.71,周线未呈多头排列,,,否,,
2026-09-08 02:48:19,000011,深物业A,房地产开发,7.88,均线未呈多头排列,,,否,,
2026-09-08 02:48:19,000012,南 玻Ａ,玻璃玻纤,0.8,均线未呈多头排列,,,否,,
2026-09-08 02:48:19,000014,沙河股份,房地产开发,2.65,均线未呈多头排列,,,否,,
2026-09-08 02:48:19,605365,立达信,照明设备Ⅱ,-1.9,周线未呈多头排列,,,否,,
2026-09-08 02:48:19,000019,深粮控股,农产品加工,3.25,均线未呈多头排列,,,否,,
2026-09-08 02:48:19,000025,特 力Ａ,综合Ⅱ,2.73,均线未呈多头排列,,,否,,
2026-09-08 02:48:19,605399,晨光新材,化学制品,2.65,周线未呈多头排列,,,否,,
2026-09-08 02:48:19,000029,深深房Ａ,房地产开发,1.57,均线未呈多头排列,,,否,,
2026-09-08 02:48:19,000035,中国天楹,环境治理,2.63,均线未向上倾斜,,,否,,
2026-09-08 02:48:19,605500,森林包装,造纸,1.23,周线未呈多头排列,,,否,,
2026-09-08 02:48:19,605566,福莱蒽特,化学制品,-0.49,周线未呈多头排列,,,否,,
2026-09-08 02:48:19,000036,华联控股,房地产开发,0.76,均线未呈多头排列,,,否,,
2026-09-08 02:48:19,000042,中洲控股,房地产开发,-0.69,均线未呈多头排列,,,否,,
2026-09-08 02:48:19,000055,方大集团,装修建材,0.28,均线未呈多头排列,,,否,,
2026-09-08 02:48:19,000060,中金岭南,工业金属,2.17,均线未呈多头排列,,,否,,
2026-09-08 02:48:19,000062,深圳华强,其他电子Ⅱ,-0.71,均线未向上倾斜,,,否,,
2026-09-08 02:48:19,000063,中兴通讯,通信设备,0.15,均线未呈多头排列,,,否,,
2026-09-08 02:48:19,000090,天健集团,房地产开发,1.97,均线未向上倾斜,,,否,,
2026-09-08 02:48:19,000031,大悦城,房地产开发,3.07,周线未呈多头排列,,,否,,
2026-09-08 02:48:19,000401,金隅冀东,水泥,2.22,均线未呈多头排列,,,否,,
2026-09-08 02:48:19,000488,ST晨鸣,造纸,6.19,ST股,,,否,,
2026-09-08 02:48:19,000408,藏格矿业,农化制品,2.73,均线未呈多头排列,,,否,,
2026-09-08 02:48:19,605577,龙版传媒,出版,9.99,通过,2026-08-18,229.3,是,是,
2026-09-08 02:48:19,000415,渤海租赁,多元金融,0.89,均线未呈多头排列,,,否,,
2026-09-08 02:48:19,000058,深 赛 格,一般零售,1.52,周线未呈多头排列,,,否,,
2026-09-08 02:48:19,000061,农 产 品,一般零售,2.46,周线未呈多头排列,,,否,,
2026-09-08 02:48:19,000068,华控赛格,环境治理,2.44,周线未呈多头排列,,,否,,
2026-09-08 02:48:19,000069,华侨城Ａ,房地产开发,2.75,周线未呈多头排列,,,否,,
2026-09-08 02:48:19,000070,特发信息,通信设备,2.37,周线未呈多头排列,,,否,,
2026-09-08 02:48:19,000422,湖北宜化,农化制品,2.65,均线未呈多头排列,,,否,,
2026-09-08 02:48:19,000096,广聚能源,炼化及贸易,1.22,周线未呈多头排列,,,否,,
2026-09-08 02:48:19,000151,中成股份,贸易Ⅱ,1.07,周线未呈多头排列,,,否,,
2026-09-08 02:48:19,000426,兴业银锡,工业金属,1.79,均线未呈多头排列,,,否,,
2026-09-08 02:48:19,000156,华数传媒,电视广播Ⅱ,1.41,周线未呈多头排列,,,否,,
2026-09-08 02:48:19,000301,东方盛虹,炼化及贸易,0.0,近20日无涨停,,,否,,
2026-09-08 02:48:19,000402,金 融 街,房地产开发,1.55,周线未呈多头排列,,,否,,
2026-09-08 02:48:19,000505,京粮控股,农产品加工,4.35,均线未呈多头排列,,,否,,
2026-09-08 02:48:19,000510,新金路,化学原料,2.28,均线未呈多头排列,,,否,,
2026-09-08 02:48:19,000517,荣安地产,房地产开发,2.31,均线未呈多头排列,,,否,,
2026-09-08 02:48:19,000417,合百集团,一般零售,-2.33,周线未呈多头排列,,,否,,
2026-09-08 02:48:19,000059,华锦股份,炼化及贸易,3.04,通过,2026-08-19,95.0,是,否,早盘量比 0.34 (阈值 0.35)
2026-09-08 02:48:19,000419,通程控股,一般零售,0.57,周线未呈多头排列,,,否,,
2026-09-08 02:48:19,000421,南京公用,综合Ⅱ,1.38,周线未呈多头排列,,,否,,
2026-09-08 02:48:19,000525,红太阳,农化制品,1.89,均线未向上倾斜,,,否,,
2026-09-08 02:48:19,000541,佛山照明,照明设备Ⅱ,1.01,均线未向上倾斜,,,否,,
2026-09-08 02:48:19,000544,中原环保,环境治理,0.81,均线未向上倾斜,,,否,,
2026-09-08 02:48:19,000545,金浦钛业,化学原料,0.87,均线未呈多头排列,,,否,,
2026-09-08 02:48:19,000546,金圆股份,环境治理,0.87,均线未呈多头排列,,,否,,
2026-09-08 02:48:19,000547,航天发展,军工电子Ⅱ,2.58,均线未呈多头排列,,,否,,
2026-09-08 02:48:19,000501,武商集团,一般零售,-1.28,周线未呈多头排列,,,否,,
2026-09-08 02:48:19,000609,*ST中迪,房地产开发,2.9,ST股,,,否,,
2026-09-08 02:48:19,000554,泰山石油,炼化及贸易,1.83,均线未呈多头排列,,,否,,
2026-09-08 02:48:19,000514,渝 开 发,房地产开发,1.63,周线未呈多头排列,,,否,,
2026-09-08 02:48:19,000563,陕国投Ａ,多元金融,1.34,均线未呈多头排列,,,否,,
2026-09-08 02:48:19,000523,红棉股份,综合Ⅱ,10.0,周线未呈多头排列,,,否,,
2026-09-08 02:48:19,000565,渝三峡Ａ,化学制品,0.31,均线未向上倾斜,,,否,,
2026-09-08 02:48:19,000632,ST三木,综合Ⅱ,1.23,ST股,,,否,,
2026-09-08 02:48:19,000567,海德股份,多元金融,0.15,均线未向上倾斜,,,否,,
2026-09-08 02:48:19,000573,粤宏远Ａ,房地产开发,0.79,均线未向上倾斜,,,否,,
2026-09-08 02:48:19,000586,汇源通信,通信设备,1.31,均线未呈多头排列,,,否,,
2026-09-08 02:48:19,000526,学大教育,教育,0.29,超额收益 -0.26%,2026-08-18,,否,,
2026-09-08 02:48:19,000532,华金资本,多元金融,0.79,周线未呈多头排列,,,否,,
2026-09-08 02:48:19,000598,兴蓉环境,环境治理,0.42,均线未呈多头排列,,,否,,
2026-09-08 02:48:19,000603,盛达资源,工业金属,-0.62,均线未呈多头排列,,,否,,
2026-09-08 02:48:19,000608,阳光股份,房地产开发,-0.26,均线未呈多头排列,,,否,,
2026-09-08 02:48:19,000553,安道麦A,农化制品,3.83,周线未呈多头排列,,,否,,
2026-09-08 02:48:19,000612,焦作万方,工业金属,1.11,均线未呈多头排列,,,否,,
2026-09-08 02:48:19,000617,中油资本,多元金融,1.26,均线未呈多头排列,,,否,,
2026-09-08 02:48:19,000560,我爱我家,房地产服务,6.39,周线未呈多头排列,,,否,,
2026-09-08 02:48:19,000561,烽火电子,航空装备Ⅱ,1.03,周线未呈多头排列,,,否,,
2026-09-08 02:48:19,000620,盈新发展,房地产开发,9.93,均线未呈多头排列,,,否,,
2026-09-08 02:48:19,000564,供销大集,一般零售,3.64,周线未呈多头排列,,,否,,
2026-09-08 02:48:19,000630,铜陵有色,工业金属,2.98,均线未呈多头排列,,,否,,
2026-09-08 02:48:19,000636,风华高科,元件,0.3,均线未呈多头排列,,,否,,
2026-09-08 02:48:19,000652,泰达股份,综合Ⅱ,1.43,均线未呈多头排列,,,否,,
2026-09-08 02:48:19,000698,ST沈化,炼化及贸易,0.55,ST股,,,否,,
2026-09-08 02:48:19,000656,金科股份,房地产开发,1.61,均线未呈多头排列,,,否,,
2026-09-08 02:48:19,000657,中钨高新,小金属,1.37,均线未呈多头排列,,,否,,
2026-09-08 02:48:19,000668,荣丰控股,房地产开发,0.74,均线未呈多头排列,,,否,,
2026-09-08 02:48:19,000605,渤海股份,环境治理,0.99,周线未呈多头排列,,,否,,
2026-09-08 02:48:19,000607,华媒控股,广告营销,3.09,周线未呈多头排列,,,否,,
2026-09-08 02:48:19,000670,盈方微,其他电子Ⅱ,1.99,均线未呈多头排列,,,否,,
2026-09-08 02:48:19,000676,智度股份,广告营销,0.42,均线未向上倾斜,,,否,,
2026-09-08 02:48:19,000681,视觉中国,数字媒体,3.0,均线未呈多头排列,,,否,,
2026-09-08 02:48:19,000619,海螺新材,装修建材,0.79,周线未呈多头排列,,,否,,
2026-09-08 02:48:19,000685,中山公用,环境治理,0.44,均线未呈多头排列,,,否,,
2026-09-08 02:48:19,000688,国城矿业,小金属,1.12,均线未呈多头排列,,,否,,
2026-09-08 02:48:19,000691,亚太实业,化学原料,1.09,均线未呈多头排列,,,否,,
2026-09-08 02:48:19,000635,英 力 特,化学原料,-0.27,周线未呈多头排列,,,否,,
2026-09-08 02:48:19,000637,茂化实华,炼化及贸易,2.57,周线未呈多头排列,,,否,,
2026-09-08 02:48:19,000703,恒逸石化,炼化及贸易,2.32,均线未呈多头排列,,,否,,
2026-09-08 02:48:19,000707,双环科技,化学原料,1.71,均线未呈多头排列,,,否,,
2026-09-08 02:48:19,000665,湖北广电,电视广播Ⅱ,2.38,周线未呈多头排列,,,否,,
2026-09-08 02:48:19,000708,中信特钢,特钢Ⅱ,0.37,均线未呈多头排列,,,否,,
2026-09-08 02:48:19,000709,河钢股份,普钢,2.9,均线未呈多头排列,,,否,,
2026-09-08 02:48:19,000711,京蓝科技,环境治理,0.71,均线未呈多头排列,,,否,,
2026-09-08 02:48:19,000683,博源化工,化学原料,1.46,上市不足60日,,,否,,
2026-09-08 02:48:19,000672,上峰材料,水泥,2.55,周线未呈多头排列,,,否,,
2026-09-08 02:48:19,000679,大连友谊,一般零售,1.22,周线未呈多头排列,,,否,,
2026-09-08 02:48:19,000717,中南股份,普钢,2.22,均线未呈多头排列,,,否,,
2026-09-08 02:48:19,000719,中原传媒,出版,1.71,均线未呈多头排列,,,否,,
2026-09-08 02:48:19,000723,美锦能源,焦炭Ⅱ,1.61,均线未呈多头排列,,,否,,
2026-09-08 02:48:19,000733,振华科技,军工电子Ⅱ,0.45,均线未呈多头排列,,,否,,
2026-09-08 02:48:19,000697,炼石航空,航空装备Ⅱ,1.1,周线未呈多头排列,,,否,,
2026-09-08 02:48:19,000701,厦门信达,贸易Ⅱ,2.11,周线未呈多头排列,,,否,,
2026-09-08 02:48:19,000737,北方铜业,工业金属,8.44,均线未呈多头排列,,,否,,
2026-09-08 02:48:19,000793,ST华闻,出版,2.4,ST股,,,否,,
2026-09-08 02:48:19,000751,锌业股份,工业金属,3.87,均线未呈多头排列,,,否,,
2026-09-08 02:48:19,000757,浩物股份,汽车服务,-0.46,均线未呈多头排列,,,否,,
2026-09-08 02:48:19,000758,中色股份,工业金属,2.64,均线未呈多头排列,,,否,,
2026-09-08 02:48:19,000759,中百集团,一般零售,10.0,均线未呈多头排列,,,否,,
2026-09-08 02:48:19,000761,本钢板材,普钢,3.48,均线未呈多头排列,,,否,,
2026-09-08 02:48:19,000715,中兴商业,一般零售,-0.35,周线未呈多头排列,,,否,,
2026-09-08 02:48:19,000778,新兴铸管,普钢,4.1,均线未呈多头排列,,,否,,
2026-09-08 02:48:19,000718,苏宁环球,房地产开发,2.5,周线未呈多头排列,,,否,,
2026-09-08 02:48:19,000779,甘咨询,工程咨询服务Ⅱ,-2.81,均线未呈多头排列,,,否,,
2026-09-08 02:48:19,000731,四川美丰,农化制品,2.01,近20日无涨停,,,否,,
2026-09-08 02:48:19,000826,*ST启环,环境治理,-0.54,ST股,,,否,,
2026-09-08 02:48:19,000786,北新建材,装修建材,1.23,均线未呈多头排列,,,否,,
2026-09-08 02:48:19,000736,中交发展,房地产开发,3.4,周线未呈多头排列,,,否,,
2026-09-08 02:48:19,000792,盐湖股份,农化制品,1.18,均线未呈多头排列,,,否,,
2026-09-08 02:48:19,000838,*ST发展,房地产开发,-6.44,ST股,,,否,,
2026-09-08 02:48:19,000738,航发控制,航空装备Ⅱ,2.7,周线未呈多头排列,,,否,,
2026-09-08 02:48:19,000753,漳州发展,综合Ⅱ,0.39,周线未呈多头排列,,,否,,
2026-09-08 02:48:19,000802,北京文化,影视院线,2.62,均线未呈多头排列,,,否,,
2026-09-08 02:48:19,000713,国投丰乐,种植业,4.27,通过,2026-08-18,155.5,是,是,
2026-09-08 02:48:19,000818,航锦科技,化学原料,0.33,均线未呈多头排列,,,否,,
2026-09-08 02:48:19,000819,岳阳兴长,炼化及贸易,0.57,均线未向上倾斜,,,否,,
2026-09-08 02:48:19,000768,中航西飞,航空装备Ⅱ,0.6,周线未呈多头排列,,,否,,
2026-09-08 02:48:19,000823,超声电子,元件,5.02,均线未向上倾斜,,,否,,
2026-09-08 02:48:19,000825,太钢不锈,特钢Ⅱ,2.02,均线未呈多头排列,,,否,,
2026-09-08 02:48:19,000830,鲁西化工,化学原料,2.09,均线未呈多头排列,,,否,,
2026-09-08 02:48:19,000785,居然智家,一般零售,1.7,周线未呈多头排列,,,否,,
2026-09-08 02:48:19,000909,*ST数源,房地产开发,1.1,ST股,,,否,,
2026-09-08 02:48:19,000911,*ST广糖,农产品加工,10.08,ST股,,,否,,
2026-09-08 02:48:19,000831,中国稀土,小金属,-0.21,均线未呈多头排列,,,否,,
2026-09-08 02:48:19,000789,万年青,水泥,7.75,周线未呈多头排列,,,否,,
2026-09-08 02:48:19,000833,粤桂股份,综合Ⅱ,10.02,均线未呈多头排列,,,否,,
2026-09-08 02:48:19,000863,三湘印象,房地产开发,3.54,均线未向上倾斜,,,否,,
2026-09-08 02:48:19,000797,中国武夷,房地产开发,2.31,周线未呈多头排列,,,否,,
2026-09-08 02:48:19,000877,天山股份,水泥,2.95,均线未呈多头排列,,,否,,
2026-09-08 02:48:19,000803,山高环能,环境治理,2.44,周线未呈多头排列,,,否,,
2026-09-08 02:48:19,000807,云铝股份,工业金属,0.9,周线未呈多头排列,,,否,,
2026-09-08 02:48:19,000885,城发环境,环境治理,0.41,均线未呈多头排列,,,否,,
2026-09-08 02:48:19,000893,亚钾国际,农化制品,0.61,均线未呈多头排列,,,否,,
2026-09-08 02:48:19,000822,山东海化,化学原料,0.65,周线未呈多头排列,,,否,,
2026-09-08 02:48:19,000898,鞍钢股份,普钢,2.96,均线未呈多头排列,,,否,,
2026-09-08 02:48:19,000902,新洋丰,农化制品,2.09,均线未向上倾斜,,,否,,
2026-09-08 02:48:19,000912,泸天化,农化制品,10.0,均线未向上倾斜,,,否,,
2026-09-08 02:48:19,000926,福星股份,房地产开发,1.35,均线未呈多头排列,,,否,,
2026-09-08 02:48:19,000917,电广传媒,电视广播Ⅱ,1.93,均线未向上倾斜,,,否,,
2026-09-08 02:48:19,000933,神火股份,工业金属,0.07,均线未向上倾斜,,,否,,
2026-09-08 02:48:19,000932,华菱钢铁,普钢,0.84,均线未呈多头排列,,,否,,
2026-09-08 02:48:19,000935,四川双马,多元金融,0.69,均线未呈多头排列,,,否,,
2026-09-08 02:48:19,000878,云南铜业,工业金属,4.24,周线未呈多头排列,,,否,,
2026-09-08 02:48:19,000798,中水渔业,渔业,2.96,通过,2026-08-28,66.8,是,否,股价 11.66 < 均价 11.89; 9:45-10:00最低价 11.54 < 9:45均价的0.98 11.70
2026-09-08 02:48:19,000881,中广核技,化学制品,0.89,周线未呈多头排列,,,否,,
2026-09-08 02:48:19,000959,首钢股份,普钢,2.2,均线未呈多头排列,,,否,,
2026-09-08 02:48:19,000960,锡业股份,小金属,1.65,均线未呈多头排列,,,否,,
2026-09-08 02:48:19,000882,华联股份,一般零售,3.21,周线未呈多头排列,,,否,,
2026-09-08 02:48:19,000962,东方钽业,小金属,0.6,均线未呈多头排列,,,否,,
2026-09-08 02:48:19,000892,欢瑞世纪,影视院线,-4.1,超额收益 -4.65%,2026-08-31,,否,,
2026-09-08 02:48:19,000965,天保基建,房地产开发,2.7,均线未向上倾斜,,,否,,
2026-09-08 02:48:19,000897,津滨发展,房地产开发,2.66,周线未呈多头排列,,,否,,
2026-09-08 02:48:19,000987,越秀资本,多元金融,0.93,均线未呈多头排列,,,否,,
2026-09-08 02:48:19,000990,诚志股份,化学原料,1.69,均线未呈多头排列,,,否,,
2026-09-08 02:48:19,000930,中粮科技,农产品加工,10.0,周线未呈多头排列,,,否,,
2026-09-08 02:48:19,001212,中旗新材,装修建材,-0.27,均线未呈多头排列,,,否,,
2026-09-08 02:48:19,001217,华尔泰,化学原料,1.73,均线未呈多头排列,,,否,,
2026-09-08 02:48:19,001218,丽臣实业,化学制品,0.71,均线未呈多头排列,,,否,,
2026-09-08 02:48:19,001227,兰州银行,城商行Ⅱ,1.4,均线未呈多头排列,,,否,,
2026-09-08 02:48:19,001230,劲旅环境,环境治理,-0.41,均线未呈多头排列,,,否,,
2026-09-08 02:48:19,001232,嘉立创,元件,-0.96,上市不足60日,,,否,,
2026-09-08 02:48:19,001236,弘业期货,多元金融,2.99,均线未向上倾斜,,,否,,
2026-09-08 02:48:19,001238,浙江正特,文娱用品,0.08,均线未呈多头排列,,,否,,
2026-09-08 02:48:19,001257,盛龙股份,小金属,0.49,均线未呈多头排列,,,否,,
2026-09-08 02:48:19,001267,汇绿生态,通信设备,-0.54,均线未呈多头排列,,,否,,
2026-09-08 02:48:19,000972,中基健康,农产品加工,1.55,周线未呈多头排列,,,否,,
2026-09-08 02:48:19,001270,铖昌科技,军工电子Ⅱ,3.22,均线未呈多头排列,,,否,,
2026-09-08 02:48:19,000985,大庆华科,炼化及贸易,-0.89,周线未呈多头排列,,,否,,
2026-09-08 02:48:19,001280,中国铀业,小金属,0.15,均线未呈多头排列,,,否,,
2026-09-08 02:48:19,001287,中电港,其他电子Ⅱ,0.49,均线未呈多头排列,,,否,,
2026-09-08 02:48:19,001207,联科科技,橡胶,-0.11,周线未呈多头排列,,,否,,
2026-09-08 02:48:19,001298,好上好,其他电子Ⅱ,-0.11,均线未呈多头排列,,,否,,
2026-09-08 02:48:19,001222,源飞宠物,文娱用品,-2.12,周线未呈多头排列,,,否,,
2026-09-08 02:48:19,001325,元创股份,橡胶,-0.5,均线未呈多头排列,,,否,,
2026-09-08 02:48:19,002024,ST易购,互联网电商,0.85,ST股,,,否,,
2026-09-08 02:48:19,001231,农心科技,农化制品,2.51,周线未呈多头排列,,,否,,
2026-09-08 02:48:19,001358,兴欣新材,化学制品,-0.25,均线未呈多头排列,,,否,,
2026-09-08 02:48:19,001389,广合科技,元件,1.6,均线未呈多头排列,,,否,,
2026-09-08 02:48:19,001979,招商蛇口,房地产开发,0.43,均线未呈多头排列,,,否,,
2026-09-08 02:48:19,002001,新 和 成,化学制品,-0.04,均线未呈多头排列,,,否,,
2026-09-08 02:48:19,000998,隆平高科,种植业,3.82,通过,2026-08-18,148.7,是,是,
2026-09-08 02:48:19,001296,长江材料,非金属材料Ⅱ,-3.5,周线未呈多头排列,,,否,,
2026-09-08 02:48:19,001300,三柏硕,文娱用品,2.38,周线未呈多头排列,,,否,,
2026-09-08 02:48:19,001316,润贝航科,炼化及贸易,-0.81,周线未呈多头排列,,,否,,
2026-09-08 02:48:19,002023,海特高新,航空装备Ⅱ,1.03,均线未呈多头排列,,,否,,
2026-09-08 02:48:19,002025,航天电器,军工电子Ⅱ,-1.35,均线未向上倾斜,,,否,,
2026-09-08 02:48:19,001326,联域股份,照明设备Ⅱ,0.25,周线未呈多头排列,,,否,,
2026-09-08 02:48:19,002027,分众传媒,广告营销,1.02,均线未呈多头排列,,,否,,
2026-09-08 02:48:19,001330,博纳影业,影视院线,-3.46,周线未呈多头排列,,,否,,
2026-09-08 02:48:19,001335,信凯科技,化学制品,-0.31,周线未呈多头排列,,,否,,
2026-09-08 02:48:19,001338,永顺泰,农产品加工,2.13,周线未呈多头排列,,,否,,
2026-09-08 02:48:19,001368,通达创智,文娱用品,6.77,周线未呈多头排列,,,否,,
2026-09-08 02:48:19,002035,华帝股份,厨卫电器,0.87,均线未呈多头排列,,,否,,
2026-09-08 02:48:19,001914,招商积余,房地产服务,1.1,周线未呈多头排列,,,否,,
2026-09-08 02:48:19,002041,登海种业,种植业,1.21,均线未呈多头排列,,,否,,
2026-09-08 02:48:19,002012,凯恩股份,造纸,2.5,周线未呈多头排列,,,否,,
2026-09-08 02:48:19,002016,世荣兆业,房地产开发,2.12,周线未呈多头排列,,,否,,
2026-09-08 02:48:19,002043,兔 宝 宝,装修建材,-1.35,均线未呈多头排列,,,否,,
2026-09-08 02:48:19,002047,宝鹰股份,装修装饰Ⅱ,3.76,均线未呈多头排列,,,否,,
2026-09-08 02:48:19,002017,东信和平,通信设备,10.03,周线未呈多头排列,,,否,,
2026-09-08 02:48:19,002054,德美化工,化学制品,0.41,均线未呈多头排列,,,否,,
2026-09-08 02:48:19,002057,中钢天源,专业服务,0.23,均线未呈多头排列,,,否,,
2026-09-08 02:48:19,002066,瑞泰科技,装修建材,-1.84,均线未呈多头排列,,,否,,
2026-09-08 02:48:19,002067,景兴纸业,造纸,-0.24,均线未呈多头排列,,,否,,
2026-09-08 02:48:19,002109,ST兴化,化学原料,1.77,ST股,,,否,,
2026-09-08 02:48:19,002072,凯瑞德,贸易Ⅱ,-0.94,均线未呈多头排列,,,否,,
2026-09-08 02:48:19,002075,沙钢股份,特钢Ⅱ,1.36,均线未呈多头排列,,,否,,
2026-09-08 02:48:19,002076,星光股份,照明设备Ⅱ,0.46,均线未向上倾斜,,,否,,
2026-09-08 02:48:19,002034,旺能环境,环境治理,0.14,周线未呈多头排列,,,否,,
2026-09-08 02:48:19,002078,太阳纸业,造纸,-0.48,均线未呈多头排列,,,否,,
2026-09-08 02:48:19,002080,中材科技,玻璃玻纤,1.25,均线未呈多头排列,,,否,,
2026-09-08 02:48:19,002081,金 螳 螂,装修装饰Ⅱ,2.06,均线未呈多头排列,,,否,,
2026-09-08 02:48:19,002037,保利联合,化学制品,0.56,周线未呈多头排列,,,否,,
2026-09-08 02:48:19,002088,鲁阳节能,装修建材,0.75,均线未呈多头排列,,,否,,
2026-09-08 02:48:19,002091,江苏国泰,贸易Ⅱ,0.39,均线未呈多头排列,,,否,,
2026-09-08 02:48:19,002096,易普力,化学制品,1.15,均线未呈多头排列,,,否,,
2026-09-08 02:48:19,002110,三钢闽光,普钢,2.35,均线未呈多头排列,,,否,,
2026-09-08 02:48:19,002068,黑猫股份,橡胶,10.04,周线未呈多头排列,,,否,,
2026-09-08 02:48:19,002069,獐子岛,渔业,0.77,周线未呈多头排列,,,否,,
2026-09-08 02:48:19,002114,罗平锌电,工业金属,2.1,均线未呈多头排列,,,否,,
2026-09-08 02:48:19,002127,南极电商,互联网电商,2.99,均线未向上倾斜,,,否,,
2026-09-08 02:48:19,002130,沃尔核材,其他电子Ⅱ,-0.7,均线未呈多头排列,,,否,,
2026-09-08 02:48:19,002133,广宇集团,房地产开发,3.85,均线未呈多头排列,,,否,,
2026-09-08 02:48:19,002134,天津普林,元件,-0.54,均线未向上倾斜,,,否,,
2026-09-08 02:48:19,002136,安 纳 达,化学原料,0.24,均线未向上倾斜,,,否,,
2026-09-08 02:48:19,002138,顺络电子,元件,-0.29,均线未呈多头排列,,,否,,
2026-09-08 02:48:19,002086,东方海洋,农产品加工,0.44,近20日无涨停,,,否,,
2026-09-08 02:48:19,002141,贤丰控股,元件,3.17,均线未向上倾斜,,,否,,
2026-09-08 02:48:19,002092,中泰化学,化学原料,1.66,周线未呈多头排列,,,否,,
2026-09-08 02:48:19,002093,国脉科技,教育,10.01,周线未呈多头排列,,,否,,
2026-09-08 02:48:19,002095,生 意 宝,数字媒体,9.98,周线未呈多头排列,,,否,,
2026-09-08 02:48:19,002145,钛能化学,化学原料,1.17,均线未呈多头排列,,,否,,
2026-09-08 02:48:19,002103,广博股份,文娱用品,1.16,周线未呈多头排列,,,否,,
2026-09-08 02:48:19,002104,恒宝股份,通信设备,-1.26,周线未呈多头排列,,,否,,
2026-09-08 02:48:19,002149,西部材料,小金属,1.74,均线未呈多头排列,,,否,,
2026-09-08 02:48:19,002151,北斗星通,军工电子Ⅱ,1.06,均线未呈多头排列,,,否,,
2026-09-08 02:48:19,002111,威海广泰,航空装备Ⅱ,0.7,周线未呈多头排列,,,否,,
2026-09-08 02:48:19,002160,常铝股份,工业金属,1.48,均线未呈多头排列,,,否,,
2026-09-08 02:48:19,002165,红 宝 丽,化学制品,0.49,均线未呈多头排列,,,否,,
2026-09-08 02:48:19,002166,莱茵生物,化学制品,4.22,均线未向上倾斜,,,否,,
2026-09-08 02:48:19,002167,东方锆业,小金属,0.32,均线未呈多头排列,,,否,,
2026-09-08 02:48:19,002207,*ST准油,油服工程,1.18,ST股,,,否,,
2026-09-08 02:48:19,002170,芭田股份,农化制品,1.2,均线未向上倾斜,,,否,,
2026-09-08 02:48:19,002177,御银股份,一般零售,0.67,均线未呈多头排列,,,否,,
2026-09-08 02:48:19,002211,ST宏达,化学制品,1.78,ST股,,,否,,
2026-09-08 02:48:19,002142,宁波银行,城商行Ⅱ,0.15,近20日无涨停,,,否,,
2026-09-08 02:48:19,002179,中航光电,军工电子Ⅱ,0.29,均线未呈多头排列,,,否,,
2026-09-08 02:48:19,002182,宝武镁业,小金属,0.9,均线未呈多头排列,,,否,,
2026-09-08 02:48:19,002183,怡 亚 通,贸易Ⅱ,3.21,均线未呈多头排列,,,否,,
2026-09-08 02:48:19,002188,中天服务,房地产服务,1.42,均线未向上倾斜,,,否,,
2026-09-08 02:48:19,002146,荣盛发展,房地产开发,3.33,周线未呈多头排列,,,否,,
2026-09-08 02:48:19,002194,武汉凡谷,通信设备,10.03,均线未呈多头排列,,,否,,
2026-09-08 02:48:19,002199,东晶电子,元件,-0.57,均线未呈多头排列,,,否,,
2026-09-08 02:48:19,002161,远 望 谷,其他电子Ⅱ,-1.14,周线未呈多头排列,,,否,,
2026-09-08 02:48:19,002163,海南发展,装修装饰Ⅱ,0.67,周线未呈多头排列,,,否,,
2026-09-08 02:48:19,002203,海亮股份,工业金属,1.2,均线未呈多头排列,,,否,,
2026-09-08 02:48:19,002208,合肥城建,房地产开发,2.24,均线未呈多头排列,,,否,,
2026-09-08 02:48:19,002210,飞马国际,环境治理,1.32,均线未呈多头排列,,,否,,
2026-09-08 02:48:19,002171,楚江新材,工业金属,1.37,周线未呈多头排列,,,否,,
2026-09-08 02:48:19,002181,粤 传 媒,出版,4.09,周线未呈多头排列,,,否,,
2026-09-08 02:48:19,002225,濮耐股份,装修建材,1.37,均线未呈多头排列,,,否,,
2026-09-08 02:48:19,002187,广百股份,一般零售,0.84,周线未呈多头排列,,,否,,
2026-09-08 02:48:19,002226,江南化工,化学制品,0.78,均线未呈多头排列,,,否,,
2026-09-08 02:48:19,002233,塔牌集团,水泥,1.54,均线未呈多头排列,,,否,,
2026-09-08 02:48:19,002189,中光学,军工电子Ⅱ,-0.31,周线未呈多头排列,,,否,,
2026-09-08 02:48:19,002235,安妮股份,造纸,1.15,均线未呈多头排列,,,否,,
2026-09-08 02:48:19,002238,天威视讯,电视广播Ⅱ,0.9,均线未呈多头排列,,,否,,
2026-09-08 02:48:19,002201,九鼎新材,玻璃玻纤,0.33,周线未呈多头排列,,,否,,
2026-09-08 02:48:19,002243,力合科创,专业服务,0.67,均线未呈多头排列,,,否,,
2026-09-08 02:48:19,002244,滨江集团,房地产开发,0.0,均线未呈多头排列,,,否,,
2026-09-08 02:48:19,002205,国统股份,水泥,0.99,周线未呈多头排列,,,否,,
2026-09-08 02:48:19,002247,聚力文化,装修建材,1.21,均线未向上倾斜,,,否,,
2026-09-08 02:48:19,002250,联化科技,农化制品,-0.67,均线未呈多头排列,,,否,,
2026-09-08 02:48:19,002214,大立科技,军工电子Ⅱ,2.46,周线未呈多头排列,,,否,,
2026-09-08 02:48:19,002215,诺 普 信,种植业,1.23,近20日无涨停,,,否,,
2026-09-08 02:48:19,002221,东华能源,炼化及贸易,2.38,周线未呈多头排列,,,否,,
2026-09-08 02:48:19,002305,*ST南置,房地产开发,0.96,ST股,,,否,,
2026-09-08 02:48:19,002224,三 力 士,橡胶,5.54,周线未呈多头排列,,,否,,
2026-09-08 02:48:19,002266,浙富控股,环境治理,1.9,均线未呈多头排列,,,否,,
2026-09-08 02:48:19,002271,东方雨虹,装修建材,0.83,均线未呈多头排列,,,否,,
2026-09-08 02:48:19,002277,友阿股份,一般零售,0.33,均线未呈多头排列,,,否,,
2026-09-08 02:48:19,002281,光迅科技,通信设备,-0.6,均线未呈多头排列,,,否,,
2026-09-08 02:48:19,002246,北化股份,化学制品,1.96,周线未呈多头排列,,,否,,
2026-09-08 02:48:19,002295,精艺股份,工业金属,10.03,均线未呈多头排列,,,否,,
2026-09-08 02:48:19,002296,辉煌科技,通信设备,0.55,均线未向上倾斜,,,否,,
2026-09-08 02:48:19,002251,步步高,一般零售,3.31,周线未呈多头排列,,,否,,
2026-09-08 02:48:19,002302,西部建设,水泥,1.46,均线未呈多头排列,,,否,,
2026-09-08 02:48:19,002258,利尔化学,农化制品,1.87,超额收益 1.31%,2026-08-17,,否,,
2026-09-08 02:48:19,002313,日海智能,通信设备,1.04,均线未向上倾斜,,,否,,
2026-09-08 02:48:19,002264,新 华 都,广告营销,9.99,周线未呈多头排列,,,否,,
2026-09-08 02:48:19,002315,焦点科技,互联网电商,0.46,均线未向上倾斜,,,否,,
2026-09-08 02:48:19,002318,久立特材,特钢Ⅱ,0.73,均线未呈多头排列,,,否,,
2026-09-08 02:48:19,002360,ST同德,化学制品,-1.6,ST股,,,否,,
2026-09-08 02:48:19,002316,亚联发展,综合Ⅱ,1.11,均线未呈多头排列,,,否,,
2026-09-08 02:48:19,002285,世联行,房地产服务,1.27,周线未呈多头排列,,,否,,
2026-09-08 02:48:19,002286,保龄宝,农产品加工,6.3,周线未呈多头排列,,,否,,
2026-09-08 02:48:19,002291,遥望科技,广告营销,1.38,周线未呈多头排列,,,否,,
2026-09-08 02:48:19,002292,奥飞娱乐,影视院线,1.39,近20日无涨停,,,否,,
2026-09-08 02:48:19,002319,乐通股份,化学制品,1.23,均线未呈多头排列,,,否,,
2026-09-08 02:48:19,002333,罗普斯金,装修建材,0.9,均线未呈多头排列,,,否,,
2026-09-08 02:48:19,002326,永太科技,化学制品,0.34,均线未呈多头排列,,,否,,
2026-09-08 02:48:19,002297,博云新材,航空装备Ⅱ,0.14,周线未呈多头排列,,,否,,
2026-09-08 02:48:19,002338,奥普光电,军工电子Ⅱ,0.29,均线未呈多头排列,,,否,,
2026-09-08 02:48:19,002301,齐心集团,文娱用品,-0.87,周线未呈多头排列,,,否,,
2026-09-08 02:48:19,002312,川发龙蟒,农化制品,10.01,周线未呈多头排列,,,否,,
2026-09-08 02:48:19,002348,高乐股份,文娱用品,0.47,均线未呈多头排列,,,否,,
2026-09-08 02:48:19,002314,南山控股,房地产开发,1.78,周线未呈多头排列,,,否,,
2026-09-08 02:48:19,002274,华昌化工,化学原料,5.59,通过,2026-09-02,109.3,是,是,
2026-09-08 02:48:19,002372,伟星新材,装修建材,0.59,均线未呈多头排列,,,否,,
2026-09-08 02:48:19,002377,国创高新,炼化及贸易,1.82,均线未呈多头排列,,,否,,
2026-09-08 02:48:19,002378,章源钨业,小金属,0.92,均线未呈多头排列,,,否,,
2026-09-08 02:48:19,002379,宏桥控股,工业金属,0.21,均线未呈多头排列,,,否,,
2026-09-08 02:48:19,002381,双箭股份,橡胶,1.79,均线未呈多头排列,,,否,,
2026-09-08 02:48:19,002383,合众思壮,军工电子Ⅱ,0.7,均线未向上倾斜,,,否,,
2026-09-08 02:48:19,002384,东山精密,元件,1.41,均线未呈多头排列,,,否,,
2026-09-08 02:48:19,002386,天原股份,化学原料,0.68,均线未呈多头排列,,,否,,
2026-09-08 02:48:19,002388,新亚制程,其他电子Ⅱ,-0.47,均线未呈多头排列,,,否,,
2026-09-08 02:48:19,002391,长青股份,农化制品,1.48,均线未向上倾斜,,,否,,
2026-09-08 02:48:19,002343,慈文传媒,影视院线,9.95,周线未呈多头排列,,,否,,
2026-09-08 02:48:19,002344,海宁皮城,一般零售,1.47,周线未呈多头排列,,,否,,
2026-09-08 02:48:19,002392,北京利尔,装修建材,-0.51,均线未呈多头排列,,,否,,
2026-09-08 02:48:19,002354,天娱数科,广告营销,0.12,超额收益 -0.44%,2026-08-28,,否,,
2026-09-08 02:48:19,002356,鹏飞绿能,一般零售,1.75,周线未呈多头排列,,,否,,
2026-09-08 02:48:19,002400,省广集团,广告营销,3.09,均线未呈多头排列,,,否,,
2026-09-08 02:48:19,002407,多氟多,化学制品,2.31,均线未呈多头排列,,,否,,
2026-09-08 02:48:19,002375,亚厦股份,装修装饰Ⅱ,1.04,周线未呈多头排列,,,否,,
2026-09-08 02:48:19,002408,齐翔腾达,炼化及贸易,2.4,均线未呈多头排列,,,否,,
2026-09-08 02:48:19,002413,雷科防务,军工电子Ⅱ,1.24,均线未呈多头排列,,,否,,
2026-09-08 02:48:19,002414,高德红外,军工电子Ⅱ,0.64,均线未呈多头排列,,,否,,
2026-09-08 02:48:19,002423,中粮资本,多元金融,1.96,均线未呈多头排列,,,否,,
2026-09-08 02:48:19,002428,云南锗业,小金属,-0.32,均线未呈多头排列,,,否,,
2026-09-08 02:48:19,002389,航天彩虹,航空装备Ⅱ,0.68,周线未呈多头排列,,,否,,
2026-09-08 02:48:19,002440,闰土股份,化学制品,1.03,均线未呈多头排列,,,否,,
2026-09-08 02:48:19,002442,龙星科技,橡胶,1.91,均线未向上倾斜,,,否,,
2026-09-08 02:48:19,002396,星网锐捷,通信设备,1.23,超额收益 0.67%,2026-08-13,,否,,
2026-09-08 02:48:19,002446,盛路通信,军工电子Ⅱ,2.6,均线未呈多头排列,,,否,,
2026-09-08 02:48:19,002398,垒知集团,装修建材,0.94,周线未呈多头排列,,,否,,
2026-09-08 02:48:19,002453,华软科技,化学制品,0.88,均线未呈多头排列,,,否,,
2026-09-08 02:48:19,002501,*ST利源,工业金属,2.36,ST股,,,否,,
2026-09-08 02:48:19,002455,百川股份,化学制品,-0.52,均线未呈多头排列,,,否,,
2026-09-08 02:48:19,002463,沪电股份,元件,4.59,均线未呈多头排列,,,否,,
2026-09-08 02:48:19,002465,海格通信,军工电子Ⅱ,3.01,均线未呈多头排列,,,否,,
2026-09-08 02:48:19,002419,天虹股份,一般零售,0.61,周线未呈多头排列,,,否,,
2026-09-08 02:48:19,002538,ST司特,农化制品,2.19,ST股,,,否,,
2026-09-08 02:48:19,002420,毅昌科技,综合Ⅱ,1.14,周线未呈多头排列,,,否,,
2026-09-08 02:48:19,002478,常宝股份,特钢Ⅱ,0.58,均线未向上倾斜,,,否,,
2026-09-08 02:48:19,002430,杭氧股份,化学制品,2.33,周线未呈多头排列,,,否,,
2026-09-08 02:48:19,002482,广田集团,装修装饰Ⅱ,2.24,均线未呈多头排列,,,否,,
2026-09-08 02:48:19,002436,兴森科技,元件,10.01,周线未呈多头排列,,,否,,
2026-09-08 02:48:19,002484,江海股份,元件,-1.0,均线未呈多头排列,,,否,,
2026-09-08 02:48:19,002491,通鼎互联,通信设备,2.13,均线未呈多头排列,,,否,,
2026-09-08 02:48:19,002443,金洲管道,特钢Ⅱ,-0.78,周线未呈多头排列,,,否,,
2026-09-08 02:48:19,002493,荣盛石化,炼化及贸易,1.43,均线未呈多头排列,,,否,,
2026-09-08 02:48:19,002496,辉丰股份,农化制品,1.8,均线未向上倾斜,,,否,,
2026-09-08 02:48:19,002497,雅化集团,化学制品,0.9,均线未呈多头排列,,,否,,
2026-09-08 02:48:19,002508,老板电器,厨卫电器,0.19,均线未呈多头排列,,,否,,
2026-09-08 02:48:19,002513,蓝丰生化,农化制品,2.56,均线未向上倾斜,,,否,,
2026-09-08 02:48:19,002457,青龙管业,装修建材,4.54,周线未呈多头排列,,,否,,
2026-09-08 02:48:19,002521,齐峰新材,造纸,0.46,均线未呈多头排列,,,否,,
2026-09-08 02:48:19,002532,天山铝业,工业金属,0.93,均线未向上倾斜,,,否,,
2026-09-08 02:48:19,002470,金正大,农化制品,10.0,周线未呈多头排列,,,否,,
2026-09-08 02:48:19,002476,新叶股份,炼化及贸易,-0.38,周线未呈多头排列,,,否,,
2026-09-08 02:48:19,002539,云图控股,农化制品,1.23,均线未呈多头排列,,,否,,
2026-09-08 02:48:19,002540,亚太科技,工业金属,0.0,均线未呈多头排列,,,否,,
2026-09-08 02:48:19,002481,双塔食品,农产品加工,1.56,近20日无涨停,,,否,,
2026-09-08 02:48:19,002620,*ST瑞和,装修装饰Ⅱ,-1.15,ST股,,,否,,
2026-09-08 02:48:19,002545,东方铁塔,农化制品,1.32,均线未呈多头排列,,,否,,
2026-09-08 02:48:19,002549,凯美特气,化学制品,0.29,均线未呈多头排列,,,否,,
2026-09-08 02:48:19,002552,宝鼎科技,元件,0.6,均线未呈多头排列,,,否,,
2026-09-08 02:48:19,002554,惠博普,油服工程,2.08,均线未呈多头排列,,,否,,
2026-09-08 02:48:19,002562,兄弟科技,化学制品,1.41,均线未呈多头排列,,,否,,
2026-09-08 02:48:19,002573,清新环境,环境治理,1.55,均线未呈多头排列,,,否,,
2026-09-08 02:48:19,002579,中京电子,元件,9.99,均线未呈多头排列,,,否,,
2026-09-08 02:48:19,002583,海能达,通信设备,1.54,均线未向上倾斜,,,否,,
2026-09-08 02:48:19,002588,史丹利,农化制品,2.6,均线未呈多头排列,,,否,,
2026-09-08 02:48:19,002591,恒大高新,化学制品,-0.31,均线未向上倾斜,,,否,,
2026-09-08 02:48:19,002601,龙佰集团,化学原料,0.9,均线未呈多头排列,,,否,,
2026-09-08 02:48:19,002607,中公教育,教育,4.39,均线未呈多头排列,,,否,,
2026-09-08 02:48:19,002613,北玻股份,玻璃玻纤,0.87,均线未呈多头排列,,,否,,
2026-09-08 02:48:19,002543,万和电气,厨卫电器,0.68,周线未呈多头排列,,,否,,
2026-09-08 02:48:19,002625,光启技术,航空装备Ⅱ,-0.32,均线未呈多头排列,,,否,,
2026-09-08 02:48:19,002629,仁智股份,油服工程,1.85,均线未呈多头排列,,,否,,
2026-09-08 02:48:19,002636,金安国纪,元件,3.35,均线未呈多头排列,,,否,,
2026-09-08 02:48:19,002638,勤上股份,照明设备Ⅱ,4.0,均线未呈多头排列,,,否,,
2026-09-08 02:48:19,002561,徐家汇,一般零售,-2.33,周线未呈多头排列,,,否,,
2026-09-08 02:48:19,002641,公元股份,装修建材,1.02,均线未呈多头排列,,,否,,
2026-09-08 02:48:19,002694,*ST顾地,装修建材,0.39,ST股,,,否,,
2026-09-08 02:48:19,002575,群兴玩具,综合Ⅱ,-0.18,周线未呈多头排列,,,否,,
2026-09-08 02:48:19,002578,闽发铝业,工业金属,-0.47,周线未呈多头排列,,,否,,
2026-09-08 02:48:19,002647,仁东控股,多元金融,0.79,均线未呈多头排列,,,否,,
2026-09-08 02:48:19,002648,卫星化学,化学原料,1.52,均线未呈多头排列,,,否,,
2026-09-08 02:48:19,002596,海南瑞泽,水泥,2.35,周线未呈多头排列,,,否,,
2026-09-08 02:48:19,002597,金禾实业,化学制品,5.38,周线未呈多头排列,,,否,,
2026-09-08 02:48:19,002666,德联集团,化学制品,0.94,均线未向上倾斜,,,否,,
2026-09-08 02:48:19,002672,东江环保,环境治理,1.07,均线未呈多头排列,,,否,,
2026-09-08 02:48:19,002677,浙江美大,厨卫电器,0.15,均线未呈多头排列,,,否,,
2026-09-08 02:48:19,002678,珠江钢琴,文娱用品,0.42,均线未呈多头排列,,,否,,
2026-09-08 02:48:19,002637,赞宇科技,化学制品,5.63,周线未呈多头排列,,,否,,
2026-09-08 02:48:19,002822,ST中装,装修装饰Ⅱ,0.0,ST股,,,否,,
2026-09-08 02:48:19,002683,广东宏大,化学制品,0.13,均线未向上倾斜,,,否,,
2026-09-08 02:48:19,002640,跨境通,互联网电商,0.86,周线未呈多头排列,,,否,,
2026-09-08 02:48:19,002792,通宇通讯,通信设备,10.01,均线未呈多头排列,,,否,,
2026-09-08 02:48:19,002796,世嘉科技,通信设备,0.6,均线未呈多头排列,,,否,,
2026-09-08 02:48:19,002651,利君股份,航空装备Ⅱ,0.23,周线未呈多头排列,,,否,,
2026-09-08 02:48:19,002652,扬子新材,装修建材,1.59,周线未呈多头排列,,,否,,
2026-09-08 02:48:19,002669,康达新材,化学制品,0.33,上市不足60日,,,否,,
2026-09-08 02:48:19,002809,红墙股份,化学制品,1.03,均线未呈多头排列,,,否,,
2026-09-08 02:48:19,002856,*ST美芝,装修装饰Ⅱ,8.76,ST股,,,否,,
2026-09-08 02:48:19,002810,山东赫达,化学制品,-0.23,均线未呈多头排列,,,否,,
2026-09-08 02:48:19,002659,凯文教育,教育,3.23,周线未呈多头排列,,,否,,
2026-09-08 02:48:19,002671,龙泉股份,水泥,1.74,周线未呈多头排列,,,否,,
2026-09-08 02:48:19,002818,富森美,一般零售,1.17,均线未呈多头排列,,,否,,
2026-09-08 02:48:19,002688,金河生物,动物保健Ⅱ,1.69,周线未呈多头排列,,,否,,
2026-09-08 02:48:19,002883,*ST中设,工程咨询服务Ⅱ,0.0,ST股,,,否,,
2026-09-08 02:48:19,002828,贝肯能源,油服工程,3.15,均线未呈多头排列,,,否,,
2026-09-08 02:48:19,002791,坚朗五金,装修建材,1.05,周线未呈多头排列,,,否,,
2026-09-08 02:48:19,002802,洪汇新材,化学制品,0.97,周线未呈多头排列,,,否,,
2026-09-08 02:48:19,002803,吉宏股份,互联网电商,1.15,周线未呈多头排列,,,否,,
2026-09-08 02:48:19,002839,张家港行,农商行Ⅱ,1.39,均线未向上倾斜,,,否,,
2026-09-08 02:48:19,002842,翔鹭钨业,小金属,0.38,均线未呈多头排列,,,否,,
2026-09-08 02:48:19,002807,江阴银行,农商行Ⅱ,0.96,近20日无涨停,,,否,,
2026-09-08 02:48:19,002859,洁美科技,其他电子Ⅱ,0.43,均线未呈多头排列,,,否,,
2026-09-08 02:48:19,002811,郑中设计,装修装饰Ⅱ,0.07,周线未呈多头排列,,,否,,
2026-09-08 02:48:19,002815,崇达技术,元件,9.99,周线未呈多头排列,,,否,,
2026-09-08 02:48:19,002824,和胜股份,工业金属,-3.05,周线未呈多头排列,,,否,,
2026-09-08 02:48:19,002827,高争民爆,化学制品,-9.99,超额收益 -10.55%,2026-09-04,,否,,
2026-09-08 02:48:19,002885,京泉华,其他电子Ⅱ,-4.23,均线未呈多头排列,,,否,,
2026-09-08 02:48:19,002887,绿茵生态,环境治理,1.28,均线未呈多头排列,,,否,,
2026-09-08 02:48:19,002895,川恒股份,农化制品,1.73,均线未呈多头排列,,,否,,
2026-09-08 02:48:19,002829,星网宇达,航天装备Ⅱ,0.0,周线未呈多头排列,,,否,,
2026-09-08 02:48:19,002830,名雕股份,装修装饰Ⅱ,0.59,周线未呈多头排列,,,否,,
2026-09-08 02:48:19,002899,英派斯,文娱用品,6.05,均线未呈多头排列,,,否,,
2026-09-08 02:48:19,002902,铭普光磁,通信设备,0.41,均线未呈多头排列,,,否,,
2026-09-08 02:48:19,002852,道道全,农产品加工,2.24,周线未呈多头排列,,,否,,
2026-09-08 02:48:19,002862,实丰文化,文娱用品,1.18,周线未呈多头排列,,,否,,
2026-09-08 02:48:19,002868,绿康生化,动物保健Ⅱ,6.03,周线未呈多头排列,,,否,,
2026-09-08 02:48:19,002878,元隆雅图,广告营销,1.45,周线未呈多头排列,,,否,,
2026-09-08 02:48:19,002915,中欣氟材,化学制品,0.06,均线未向上倾斜,,,否,,
2026-09-08 02:48:19,002916,深南电路,元件,6.85,均线未呈多头排列,,,否,,
2026-09-08 02:48:19,002881,美格智能,通信设备,-0.67,周线未呈多头排列,,,否,,
2026-09-08 02:48:19,002922,伊戈尔,其他电子Ⅱ,-2.64,均线未呈多头排列,,,否,,
2026-09-08 02:48:19,002935,天奥电子,军工电子Ⅱ,1.4,均线未呈多头排列,,,否,,
2026-09-08 02:48:19,002977,*ST天箭,军工电子Ⅱ,0.62,ST股,,,否,,
2026-09-08 02:48:19,002936,郑州银行,城商行Ⅱ,1.12,均线未向上倾斜,,,否,,
2026-09-08 02:48:19,002938,鹏鼎控股,元件,1.96,均线未呈多头排列,,,否,,
2026-09-08 02:48:19,002942,新农股份,农化制品,0.11,均线未呈多头排列,,,否,,
2026-09-08 02:48:19,002897,意华股份,通信设备,0.51,周线未呈多头排列,,,否,,
2026-09-08 02:48:19,002905,金逸影视,影视院线,1.04,周线未呈多头排列,,,否,,
2026-09-08 02:48:19,002909,集泰股份,化学制品,9.96,周线未呈多头排列,,,否,,
2026-09-08 02:48:19,002958,青农商行,农商行Ⅱ,1.68,均线未向上倾斜,,,否,,
2026-09-08 02:48:19,002913,奥士康,元件,2.12,周线未呈多头排列,,,否,,
2026-09-08 02:48:19,002961,瑞达期货,多元金融,1.35,均线未呈多头排列,,,否,,
2026-09-08 02:48:19,002967,广电计量,专业服务,0.46,均线未呈多头排列,,,否,,
2026-09-08 02:48:19,002971,和远气体,化学制品,2.64,均线未呈多头排列,,,否,,
2026-09-08 02:48:19,002917,金奥博,化学制品,0.66,周线未呈多头排列,,,否,,
2026-09-08 02:48:19,002933,新兴装备,航空装备Ⅱ,0.33,周线未呈多头排列,,,否,,
2026-09-08 02:48:19,002978,安宁股份,小金属,1.04,均线未呈多头排列,,,否,,
2026-09-08 02:48:19,002986,宇新股份,炼化及贸易,1.52,均线未呈多头排列,,,否,,
2026-09-08 02:48:19,002989,中天精装,装修装饰Ⅱ,1.35,均线未呈多头排列,,,否,,
2026-09-08 02:48:19,002948,青岛银行,城商行Ⅱ,-0.32,近20日无涨停,,,否,,
2026-09-08 02:48:19,002949,华阳国际,工程咨询服务Ⅱ,-2.21,周线未呈多头排列,,,否,,
2026-09-08 02:48:19,002996,顺博合金,工业金属,0.97,均线未呈多头排列,,,否,,
2026-09-08 02:48:19,003008,开普检测,专业服务,-0.25,均线未向上倾斜,,,否,,
2026-09-08 02:48:19,002963,豪尔赛,装修装饰Ⅱ,-3.97,周线未呈多头排列,,,否,,
2026-09-08 02:48:19,002966,苏州银行,城商行Ⅱ,0.56,近20日无涨停,,,否,,
2026-09-08 02:48:19,003009,中天火箭,航天装备Ⅱ,1.26,均线未呈多头排列,,,否,,
2026-09-08 02:48:19,002968,新大正,房地产服务,0.72,周线未呈多头排列,,,否,,
2026-09-08 02:48:19,003013,地铁设计,工程咨询服务Ⅱ,0.49,均线未呈多头排列,,,否,,
2026-09-08 02:48:19,002973,侨银股份,环境治理,-0.56,周线未呈多头排列,,,否,,
2026-09-08 02:48:19,003017,大洋生物,化学原料,0.44,均线未呈多头排列,,,否,,
2026-09-08 02:48:19,003027,同兴科技,环境治理,0.35,均线未呈多头排列,,,否,,
2026-09-08 02:48:19,002985,北摩高科,航空装备Ⅱ,1.03,周线未呈多头排列,,,否,,
2026-09-08 02:48:19,002988,豪美新材,工业金属,1.36,周线未呈多头排列,,,否,,
2026-09-08 02:48:19,003031,中瓷电子,通信设备,-0.46,均线未呈多头排列,,,否,,
2026-09-08 02:48:19,003032,传智教育,教育,3.31,均线未呈多头排列,,,否,,
2026-09-08 02:48:19,002995,天地在线,广告营销,1.43,周线未呈多头排列,,,否,,
2026-09-08 02:48:19,003038,鑫铂股份,工业金属,0.45,均线未呈多头排列,,,否,,
2026-09-08 02:48:19,002999,天禾股份,农化制品,1.94,周线未呈多头排列,,,否,,
2026-09-08 02:48:19,003002,壶化股份,化学制品,5.34,周线未呈多头排列,,,否,,
2026-09-08 02:48:19,003042,中农联合,农化制品,2.62,均线未向上倾斜,,,否,,
2026-09-08 02:48:19,003010,若羽臣,互联网电商,0.98,超额收益 0.42%,2026-08-20,,否,,
2026-09-08 02:48:19,003030,祖名股份,农产品加工,0.72,周线未呈多头排列,,,否,,
2026-09-08 02:48:19,003037,三和管桩,水泥,0.86,周线未呈多头排列,,,否,,
2026-09-08 02:48:19,003039,顺控发展,环境治理,1.17,周线未呈多头排列,,,否,,
2026-09-08 02:48:19,003040,楚天龙,通信设备,-2.05,超额收益 -2.61%,2026-08-21,,否,,
2026-09-10 02:11:40,600000,浦发银行,股份制银行Ⅱ,0.76,均线未向上倾斜,,,否,,
2026-09-10 02:11:40,600004,白云机场,航空机场,0.13,均线未向上倾斜,,,否,,
2026-09-10 02:11:40,600009,上海机场,航空机场,-0.42,均线未向上倾斜,,,否,,
2026-09-10 02:11:40,600010,包钢股份,普钢,-1.35,均线未呈多头排列,,,否,,
2026-09-10 02:11:40,600011,华能国际,电力,-0.43,均线未向上倾斜,,,否,,
2026-09-10 02:11:40,600012,皖通高速,铁路公路,-0.38,均线未呈多头排列,,,否,,
2026-09-10 02:11:40,600053,*ST九鼎,多元金融,-2.62,ST股,,,否,,
2026-09-10 02:11:40,600015,华夏银行,股份制银行Ⅱ,0.79,均线未呈多头排列,,,否,,
2026-09-10 02:11:40,600016,民生银行,股份制银行Ⅱ,0.28,均线未向上倾斜,,,否,,
2026-09-10 02:11:40,600019,宝钢股份,普钢,0.34,均线未向上倾斜,,,否,,
2026-09-10 02:11:40,600020,中原高速,铁路公路,-0.51,均线未呈多头排列,,,否,,
2026-09-10 02:11:40,600021,上海电力,电力,-0.51,均线未呈多头排列,,,否,,
2026-09-10 02:11:40,600022,山东钢铁,普钢,-0.73,均线未呈多头排列,,,否,,
2026-09-10 02:11:40,600023,浙能电力,电力,0.4,均线未向上倾斜,,,否,,
2026-09-10 02:11:40,600025,华能水电,电力,0.31,均线未呈多头排列,,,否,,
2026-09-10 02:11:40,600027,华电国际,电力,-0.2,均线未向上倾斜,,,否,,
2026-09-10 02:11:40,600029,南方航空,航空机场,-0.6,均线未呈多头排列,,,否,,
2026-09-10 02:11:40,600030,中信证券,证券Ⅱ,0.44,均线未呈多头排列,,,否,,
2026-09-10 02:11:40,600032,浙江新能,电力,0.29,均线未呈多头排列,,,否,,
2026-09-10 02:11:40,600039,四川路桥,基础建设,0.22,均线未呈多头排列,,,否,,
2026-09-10 02:11:40,600052,东望时代,电力,-0.51,均线未呈多头排列,,,否,,
2026-09-10 02:11:40,600057,厦门象屿,物流,-1.23,均线未呈多头排列,,,否,,
2026-09-10 02:11:40,600058,五矿发展,贸易Ⅱ,-1.75,均线未呈多头排列,,,否,,
2026-09-10 02:11:40,600061,国投资本,证券Ⅱ,0.31,均线未呈多头排列,,,否,,
2026-09-10 02:11:40,600119,*ST长投,物流,-1.34,ST股,,,否,,
2026-09-10 02:11:40,600076,康欣新材,包装印刷,-5.51,均线未呈多头排列,,,否,,
2026-09-10 02:11:40,600095,湘财股份,证券Ⅱ,-0.54,均线未呈多头排列,,,否,,
2026-09-10 02:11:40,600098,广州发展,电力,0.0,均线未呈多头排列,,,否,,
2026-09-10 02:11:40,600028,中国石化,炼化及贸易,0.54,近20日无涨停,,,否,,
2026-09-10 02:11:40,600101,明星电力,电力,2.26,均线未呈多头排列,,,否,,
2026-09-10 02:11:40,600105,永鼎股份,通信设备,-2.6,均线未呈多头排列,,,否,,
2026-09-10 02:11:40,600033,福建高速,铁路公路,0.0,近20日无涨停,,,否,,
2026-09-10 02:11:40,600035,楚天高速,铁路公路,0.0,周线未呈多头排列,,,否,,
2026-09-10 02:11:40,600036,招商银行,股份制银行Ⅱ,1.42,近20日无涨停,,,否,,
2026-09-10 02:11:40,600038,中直股份,航空装备Ⅱ,-0.53,周线未呈多头排列,,,否,,
2026-09-10 02:11:40,600109,国金证券,证券Ⅱ,-0.23,均线未呈多头排列,,,否,,
2026-09-10 02:11:40,600115,中国东航,航空机场,-0.85,均线未呈多头排列,,,否,,
2026-09-10 02:11:40,600054,黄山旅游,旅游及景区,0.34,近20日无涨停,,,否,,
2026-09-10 02:11:40,600116,三峡水利,电力,-0.31,均线未呈多头排列,,,否,,
2026-09-10 02:11:40,600118,中国卫星,航天装备Ⅱ,-0.12,均线未呈多头排列,,,否,,
2026-09-10 02:11:40,600120,浙江东方,多元金融,-1.61,均线未呈多头排列,,,否,,
2026-09-10 02:11:40,600072,中船科技,风电设备,-0.77,周线未呈多头排列,,,否,,
2026-09-10 02:11:40,600073,光明肉业,食品加工,-0.85,近20日无涨停,,,否,,
2026-09-10 02:11:40,600075,新疆天业,化学原料,-1.17,周线未呈多头排列,,,否,,
2026-09-10 02:11:40,600180,*ST瑞茂,物流,2.6,ST股,,,否,,
2026-09-10 02:11:40,600123,兰花科创,煤炭开采,-0.95,均线未呈多头排列,,,否,,
2026-09-10 02:11:40,600125,铁龙物流,铁路公路,-0.55,均线未呈多头排列,,,否,,
2026-09-10 02:11:40,600126,杭钢股份,普钢,-1.83,均线未呈多头排列,,,否,,
2026-09-10 02:11:40,600106,重庆路桥,铁路公路,-0.22,周线未呈多头排列,,,否,,
2026-09-10 02:11:40,600143,金发科技,塑料,-0.81,均线未呈多头排列,,,否,,
2026-09-10 02:11:40,600153,建发股份,物流,-0.59,均线未呈多头排列,,,否,,
2026-09-10 02:11:40,600155,华创云信,证券Ⅱ,1.8,均线未呈多头排列,,,否,,
2026-09-10 02:11:40,600157,永泰能源,电力,0.0,均线未呈多头排列,,,否,,
2026-09-10 02:11:40,600163,中闽能源,电力,0.18,均线未向上倾斜,,,否,,
2026-09-10 02:11:40,600167,联美控股,电力,0.0,均线未向上倾斜,,,否,,
2026-09-10 02:11:40,600170,上海建工,房屋建设Ⅱ,-0.44,均线未向上倾斜,,,否,,
2026-09-10 02:11:40,600171,上海贝岭,半导体,-1.2,均线未呈多头排列,,,否,,
2026-09-10 02:11:40,600176,中国巨石,玻璃玻纤,0.75,均线未呈多头排列,,,否,,
2026-09-10 02:11:40,600183,生益科技,元件,-0.95,均线未呈多头排列,,,否,,
2026-09-10 02:11:40,600121,郑州煤电,煤炭开采,4.56,周线未呈多头排列,,,否,,
2026-09-10 02:11:40,600188,兖矿能源,煤炭开采,-0.41,均线未呈多头排列,,,否,,
2026-09-10 02:11:40,600198,大唐电信,通信设备,-0.88,均线未呈多头排列,,,否,,
2026-09-10 02:11:40,600128,苏豪弘业,贸易Ⅱ,-0.8,周线未呈多头排列,,,否,,
2026-09-10 02:11:40,600135,乐凯胶片,塑料,1.43,周线未呈多头排列,,,否,,
2026-09-10 02:11:40,600206,有研新材,半导体,2.54,均线未呈多头排列,,,否,,
2026-09-10 02:11:40,600138,中青旅,旅游及景区,-0.93,周线未呈多头排列,,,否,,
2026-09-10 02:11:40,600149,廊坊发展,电力,-0.58,周线未呈多头排列,,,否,,
2026-09-10 02:11:40,600150,中国船舶,航海装备Ⅱ,3.11,周线未呈多头排列,,,否,,
2026-09-10 02:11:40,600210,紫江企业,包装印刷,0.0,均线未向上倾斜,,,否,,
2026-09-10 02:11:40,600221,海航控股,航空机场,-0.76,均线未呈多头排列,,,否,,
2026-09-10 02:11:40,600226,亨通股份,电力,-1.36,均线未呈多头排列,,,否,,
2026-09-10 02:11:40,600233,圆通速递,物流,2.2,均线未呈多头排列,,,否,,
2026-09-10 02:11:40,600236,桂冠电力,电力,0.0,均线未呈多头排列,,,否,,
2026-09-10 02:11:40,600237,铜峰电子,元件,-1.94,均线未呈多头排列,,,否,,
2026-09-10 02:11:40,600250,南京商旅,旅游及景区,-2.28,均线未呈多头排列,,,否,,
2026-09-10 02:11:40,600189,泉阳泉,饮料乳品,-0.85,周线未呈多头排列,,,否,,
2026-09-10 02:11:40,600258,首旅酒店,酒店餐饮,-0.84,均线未呈多头排列,,,否,,
2026-09-10 02:11:40,600269,赣粤高速,铁路公路,0.51,均线未向上倾斜,,,否,,
2026-09-10 02:11:40,600284,浦东建设,基础建设,-0.95,均线未呈多头排列,,,否,,
2026-09-10 02:11:40,600207,安彩高科,光伏设备,-0.44,周线未呈多头排列,,,否,,
2026-09-10 02:11:40,600292,电投水电,电力,0.5,均线未呈多头排列,,,否,,
2026-09-10 02:11:40,600293,三峡新材,玻璃玻纤,2.65,均线未呈多头排列,,,否,,
2026-09-10 02:11:40,600219,南山铝业,工业金属,-1.18,周线未呈多头排列,,,否,,
2026-09-10 02:11:40,600229,城市传媒,出版,0.36,周线未呈多头排列,,,否,,
2026-09-10 02:11:40,600231,凌钢股份,普钢,0.0,周线未呈多头排列,,,否,,
2026-09-10 02:11:40,600310,广西能源,电力,2.38,均线未向上倾斜,,,否,,
2026-09-10 02:11:40,600248,陕建股份,房屋建设Ⅱ,-0.34,周线未呈多头排列,,,否,,
2026-09-10 02:11:40,600256,广汇能源,炼化及贸易,-0.14,近20日无涨停,,,否,,
2026-09-10 02:11:40,600326,西藏天路,水泥,-0.82,均线未呈多头排列,,,否,,
2026-09-10 02:11:40,600278,东方创业,贸易Ⅱ,-0.3,周线未呈多头排列,,,否,,
2026-09-10 02:11:40,600287,苏豪时尚,贸易Ⅱ,-0.58,周线未呈多头排列,,,否,,
2026-09-10 02:11:40,600338,西藏珠峰,工业金属,-0.74,均线未呈多头排列,,,否,,
2026-09-10 02:11:40,600295,鄂尔多斯,冶钢原料,-0.85,周线未呈多头排列,,,否,,
2026-09-10 02:11:40,600300,维维股份,饮料乳品,-0.6,周线未呈多头排列,,,否,,
2026-09-10 02:11:40,600307,酒钢宏兴,普钢,-1.28,周线未呈多头排列,,,否,,
2026-09-10 02:11:40,600346,恒力石化,炼化及贸易,-0.73,均线未呈多头排列,,,否,,
2026-09-10 02:11:40,600316,洪都航空,航空装备Ⅱ,-0.06,周线未呈多头排列,,,否,,
2026-09-10 02:11:40,600348,华阳股份,煤炭开采,-1.47,均线未呈多头排列,,,否,,
2026-09-10 02:11:40,600381,*ST春天,食品加工,0.0,ST股,,,否,,
2026-09-10 02:11:40,600318,新力金融,多元金融,10.07,周线未呈多头排列,,,否,,
2026-09-10 02:11:40,600319,亚星化学,化学原料,-1.19,周线未呈多头排列,,,否,,
2026-09-10 02:11:40,600350,山东高速,铁路公路,-0.7,均线未呈多头排列,,,否,,
2026-09-10 02:11:40,600360,华微电子,半导体,-1.62,均线未呈多头排列,,,否,,
2026-09-10 02:11:40,600328,中盐化工,化学原料,-1.08,周线未呈多头排列,,,否,,
2026-09-10 02:11:40,600330,天通股份,电子化学品Ⅱ,-1.84,周线未呈多头排列,,,否,,
2026-09-10 02:11:40,600333,长春燃气,燃气Ⅱ,-0.14,近20日无涨停,,,否,,
2026-09-10 02:11:40,600361,创新新材,工业金属,-0.8,均线未呈多头排列,,,否,,
2026-09-10 02:11:40,600335,国机汽车,汽车服务,-0.38,周线未呈多头排列,,,否,,
2026-09-10 02:11:40,600336,澳柯玛,白色家电,-0.88,周线未呈多头排列,,,否,,
2026-09-10 02:11:40,600423,*ST柳化,化学原料,0.36,ST股,,,否,,
2026-09-10 02:11:40,600367,红星发展,化学原料,-0.17,均线未呈多头排列,,,否,,
2026-09-10 02:11:40,600369,西南证券,证券Ⅱ,0.24,均线未呈多头排列,,,否,,
2026-09-10 02:11:40,600339,中油工程,油服工程,0.57,周线未呈多头排列,,,否,,
2026-09-10 02:11:40,600345,长江通信,通信设备,0.81,周线未呈多头排列,,,否,,
2026-09-10 02:11:40,600372,中航机载,航空装备Ⅱ,-0.08,均线未向上倾斜,,,否,,
2026-09-10 02:11:40,600373,中文传媒,出版,-0.13,均线未向上倾斜,,,否,,
2026-09-10 02:11:40,600377,宁沪高速,铁路公路,0.4,均线未呈多头排列,,,否,,
2026-09-10 02:11:40,600382,广东明珠,冶钢原料,-0.91,均线未呈多头排列,,,否,,
2026-09-10 02:11:40,600390,五矿资本,多元金融,0.4,均线未呈多头排列,,,否,,
2026-09-10 02:11:40,600395,盘江股份,煤炭开采,-2.8,均线未呈多头排列,,,否,,
2026-09-10 02:11:40,600396,华电辽能,电力,4.34,均线未呈多头排列,,,否,,
2026-09-10 02:11:40,600403,大有能源,煤炭开采,6.15,均线未呈多头排列,,,否,,
2026-09-10 02:11:40,600491,ST龙元,房屋建设Ⅱ,10.19,ST股,,,否,,
2026-09-10 02:11:40,600409,三友化工,化学原料,-1.56,均线未呈多头排列,,,否,,
2026-09-10 02:11:40,600368,五洲交通,铁路公路,0.45,近20日无涨停,,,否,,
2026-09-10 02:11:40,600438,通威股份,光伏设备,-1.02,均线未呈多头排列,,,否,,
2026-09-10 02:11:40,600449,宁夏建材,水泥,0.0,均线未向上倾斜,,,否,,
2026-09-10 02:11:40,600452,XD涪陵电,电力,-0.22,均线未呈多头排列,,,否,,
2026-09-10 02:11:40,600460,士兰微,半导体,-1.06,均线未呈多头排列,,,否,,
2026-09-10 02:11:40,600477,杭萧钢构,专业工程,-0.4,均线未呈多头排列,,,否,,
2026-09-10 02:11:40,600386,北巴传媒,汽车服务,-1.09,周线未呈多头排列,,,否,,
2026-09-10 02:11:40,600483,福能股份,电力,0.27,均线未呈多头排列,,,否,,
2026-09-10 02:11:40,600391,航发科技,航空装备Ⅱ,3.23,周线未呈多头排列,,,否,,
2026-09-10 02:11:40,600487,亨通光电,通信设备,-3.23,均线未呈多头排列,,,否,,
2026-09-10 02:11:40,600490,鹏欣资源,工业金属,-1.45,均线未呈多头排列,,,否,,
2026-09-10 02:11:40,600408,安泰集团,焦炭Ⅱ,-0.61,周线未呈多头排列,,,否,,
2026-09-10 02:11:40,600419,天润乳业,饮料乳品,-1.63,周线未呈多头排列,,,否,,
2026-09-10 02:11:40,600530,ST交昂,食品加工,-1.28,ST股,,,否,,
2026-09-10 02:11:40,600362,江西铜业,工业金属,0.83,通过,2026-08-26,24.2,是,否,早盘量比 0.32 (阈值 0.35); 股价 49.94 < 均价 50.11; 9:45-10:00有9/16分钟低于均价线
2026-09-10 02:11:40,600537,*ST亿晶,光伏设备,-0.92,ST股,,,否,,
2026-09-10 02:11:40,600425,青松建化,水泥,0.53,周线未呈多头排列,,,否,,
2026-09-10 02:11:40,600429,三元股份,饮料乳品,-1.45,周线未呈多头排列,,,否,,
2026-09-10 02:11:40,600497,驰宏锌锗,工业金属,2.35,均线未呈多头排列,,,否,,
2026-09-10 02:11:40,600498,烽火通信,通信设备,-1.51,均线未呈多头排列,,,否,,
2026-09-10 02:11:40,600502,安徽建工,基础建设,-0.22,均线未呈多头排列,,,否,,
2026-09-10 02:11:40,600505,西昌电力,电力,1.39,均线未向上倾斜,,,否,,
2026-09-10 02:11:40,600475,华光环能,电力,-0.26,周线未呈多头排列,,,否,,
2026-09-10 02:11:40,600508,上海能源,煤炭开采,-2.24,均线未呈多头排列,,,否,,
2026-09-10 02:11:40,600481,双良节能,光伏设备,-0.92,周线未呈多头排列,,,否,,
2026-09-10 02:11:40,600581,*ST八钢,普钢,-1.21,ST股,,,否,,
2026-09-10 02:11:40,600509,天富能源,电力,-0.4,均线未呈多头排列,,,否,,
2026-09-10 02:11:40,600516,方大炭素,冶钢原料,-0.94,均线未向上倾斜,,,否,,
2026-09-10 02:11:40,600517,国网英大,多元金融,-0.4,均线未呈多头排列,,,否,,
2026-09-10 02:11:40,600522,中天科技,通信设备,-2.05,均线未呈多头排列,,,否,,
2026-09-10 02:11:40,600495,晋西车轴,轨交设备Ⅱ,-0.71,近20日无涨停,,,否,,
2026-09-10 02:11:40,600528,中铁工业,轨交设备Ⅱ,0.28,均线未呈多头排列,,,否,,
2026-09-10 02:11:40,600496,精工钢构,专业工程,0.0,周线未呈多头排列,,,否,,
2026-09-10 02:11:40,600531,豫光金铅,工业金属,-1.15,均线未呈多头排列,,,否,,
2026-09-10 02:11:40,600546,山煤国际,煤炭开采,-0.79,均线未呈多头排列,,,否,,
2026-09-10 02:11:40,600548,深高速,铁路公路,0.24,均线未向上倾斜,,,否,,
2026-09-10 02:11:40,600551,时代出版,出版,-0.13,均线未呈多头排列,,,否,,
2026-09-10 02:11:40,600563,法拉电子,元件,-1.73,均线未呈多头排列,,,否,,
2026-09-10 02:11:40,600575,淮河能源,电力,0.6,均线未呈多头排列,,,否,,
2026-09-10 02:11:40,600506,统一股份,炼化及贸易,-1.73,周线未呈多头排列,,,否,,
2026-09-10 02:11:40,600578,京能电力,电力,0.9,均线未呈多头排列,,,否,,
2026-09-10 02:11:40,600584,长电科技,半导体,-0.63,均线未呈多头排列,,,否,,
2026-09-10 02:11:40,600512,腾达建设,基础建设,0.0,周线未呈多头排列,,,否,,
2026-09-10 02:11:40,600585,海螺水泥,水泥,-0.5,均线未向上倾斜,,,否,,
2026-09-10 02:11:40,600586,金晶科技,玻璃玻纤,0.48,均线未呈多头排列,,,否,,
2026-09-10 02:11:40,600593,大连圣亚,旅游及景区,-0.65,均线未呈多头排列,,,否,,
2026-09-10 02:11:40,600595,中孚实业,工业金属,-2.12,均线未向上倾斜,,,否,,
2026-09-10 02:11:40,600610,中毅达,化学原料,-6.08,均线未呈多头排列,,,否,,
2026-09-10 02:11:40,600611,大众交通,铁路公路,-2.3,均线未向上倾斜,,,否,,
2026-09-10 02:11:40,600615,鑫源智造,工业金属,-1.02,均线未呈多头排列,,,否,,
2026-09-10 02:11:40,600561,江西长运,铁路公路,-0.97,周线未呈多头排列,,,否,,
2026-09-10 02:11:40,600569,安阳钢铁,普钢,0.0,周线未呈多头排列,,,否,,
2026-09-10 02:11:40,600618,氯碱化工,化学原料,-0.93,均线未呈多头排列,,,否,,
2026-09-10 02:11:40,600621,华鑫股份,证券Ⅱ,0.97,均线未呈多头排列,,,否,,
2026-09-10 02:11:40,600576,祥源文旅,旅游及景区,-0.17,周线未呈多头排列,,,否,,
2026-09-10 02:11:40,600678,ST金顶,水泥,-2.38,ST股,,,否,,
2026-09-10 02:11:40,600583,海油工程,油服工程,-0.64,近20日无涨停,,,否,,
2026-09-10 02:11:40,600641,先导基电,半导体,-1.38,均线未呈多头排列,,,否,,
2026-09-10 02:11:40,600642,申能股份,电力,-0.35,均线未呈多头排列,,,否,,
2026-09-10 02:11:40,600644,乐山电力,电力,2.94,均线未向上倾斜,,,否,,
2026-09-10 02:11:40,600597,光明乳业,饮料乳品,-1.12,周线未呈多头排列,,,否,,
2026-09-10 02:11:40,600601,方正科技,元件,-0.55,周线未呈多头排列,,,否,,
2026-09-10 02:11:40,600603,广汇物流,物流,-0.79,周线未呈多头排列,,,否,,
2026-09-10 02:11:40,600650,锦江在线,铁路公路,-1.1,均线未呈多头排列,,,否,,
2026-09-10 02:11:40,600661,昂立教育,教育,-1.58,均线未呈多头排列,,,否,,
2026-09-10 02:11:40,600667,太极实业,工程咨询服务Ⅱ,10.02,均线未呈多头排列,,,否,,
2026-09-10 02:11:40,600617,国新能源,燃气Ⅱ,1.69,周线未呈多头排列,,,否,,
2026-09-10 02:11:40,600668,尖峰集团,水泥,-0.8,均线未呈多头排列,,,否,,
2026-09-10 02:11:40,600674,川投能源,电力,0.57,均线未向上倾斜,,,否,,
2026-09-10 02:11:40,600676,久事动娱,汽车服务,-1.03,均线未呈多头排列,,,否,,
2026-09-10 02:11:40,600623,华谊集团,化学原料,0.33,周线未呈多头排列,,,否,,
2026-09-10 02:11:40,600730,*ST高科,教育,-1.92,ST股,,,否,,
2026-09-10 02:11:40,600629,华建集团,工程咨询服务Ⅱ,0.6,近20日无涨停,,,否,,
2026-09-10 02:11:40,600734,*ST实达,通信设备,-0.98,ST股,,,否,,
2026-09-10 02:11:40,600635,大众公用,燃气Ⅱ,0.0,周线未呈多头排列,,,否,,
2026-09-10 02:11:40,600688,上海石化,炼化及贸易,0.0,均线未呈多头排列,,,否,,
2026-09-10 02:11:40,600745,*ST闻泰,半导体,0.64,ST股,,,否,,
2026-09-10 02:11:40,600690,海尔智家,白色家电,0.23,均线未向上倾斜,,,否,,
2026-09-10 02:11:40,600643,爱建集团,多元金融,0.48,周线未呈多头排列,,,否,,
2026-09-10 02:11:40,600753,ST海钦,物流,-1.63,ST股,,,否,,
2026-09-10 02:11:40,600704,物产中大,物流,0.6,均线未向上倾斜,,,否,,
2026-09-10 02:11:40,600710,苏美达,贸易Ⅱ,0.98,均线未向上倾斜,,,否,,
2026-09-10 02:11:40,600711,盛屯矿业,工业金属,0.17,均线未呈多头排列,,,否,,
2026-09-10 02:11:40,600653,申华控股,汽车服务,-0.56,周线未呈多头排列,,,否,,
2026-09-10 02:11:40,600719,大连热电,电力,-1.03,均线未向上倾斜,,,否,,
2026-09-10 02:11:40,600720,中交设计,工程咨询服务Ⅱ,-0.19,均线未向上倾斜,,,否,,
2026-09-10 02:11:40,600726,华电能源,电力,1.82,均线未呈多头排列,,,否,,
2026-09-10 02:11:40,600681,百川能源,燃气Ⅱ,1.1,周线未呈多头排列,,,否,,
2026-09-10 02:11:40,600732,爱旭股份,光伏设备,-2.73,均线未呈多头排列,,,否,,
2026-09-10 02:11:40,600685,中船防务,航海装备Ⅱ,1.12,周线未呈多头排列,,,否,,
2026-09-10 02:11:40,600744,华银电力,电力,6.13,均线未呈多头排列,,,否,,
2026-09-10 02:11:40,600755,厦门国贸,物流,0.0,均线未向上倾斜,,,否,,
2026-09-10 02:11:40,600706,曲江文旅,旅游及景区,-1.97,周线未呈多头排列,,,否,,
2026-09-10 02:11:40,600757,长江传媒,出版,0.27,均线未呈多头排列,,,否,,
2026-09-10 02:11:40,600714,金瑞矿业,化学原料,-5.05,周线未呈多头排列,,,否,,
2026-09-10 02:11:40,600764,中国海防,航海装备Ⅱ,-0.57,均线未向上倾斜,,,否,,
2026-09-10 02:11:40,600722,金牛化工,化学原料,-3.2,超额收益 -2.02%,2026-08-18,,否,,
2026-09-10 02:11:40,600725,云维股份,焦炭Ⅱ,-0.57,周线未呈多头排列,,,否,,
2026-09-10 02:11:40,600768,富邦新材,工业金属,-0.86,均线未呈多头排列,,,否,,
2026-09-10 02:11:40,600727,鲁北化工,化学原料,-0.87,周线未呈多头排列,,,否,,
2026-09-10 02:11:40,600775,南京熊猫,通信设备,-2.02,均线未向上倾斜,,,否,,
2026-09-10 02:11:40,600740,山西焦化,焦炭Ⅱ,-0.73,周线未呈多头排列,,,否,,
2026-09-10 02:11:40,600782,新钢股份,普钢,-1.06,均线未呈多头排列,,,否,,
2026-09-10 02:11:40,600746,江苏索普,化学原料,0.41,周线未呈多头排列,,,否,,
2026-09-10 02:11:40,600749,西藏旅游,旅游及景区,-1.04,周线未呈多头排列,,,否,,
2026-09-10 02:11:40,600754,锦江酒店,酒店餐饮,1.22,周线未呈多头排列,,,否,,
2026-09-10 02:11:40,600784,鲁银投资,化学原料,-3.18,均线未呈多头排列,,,否,,
2026-09-10 02:11:40,600787,中储股份,物流,-0.64,均线未向上倾斜,,,否,,
2026-09-10 02:11:40,600758,辽宁能源,煤炭开采,3.3,周线未呈多头排列,,,否,,
2026-09-10 02:11:40,600760,中航沈飞,航空装备Ⅱ,0.16,近20日无涨停,,,否,,
2026-09-10 02:11:40,600795,国电电力,电力,0.19,均线未向上倾斜,,,否,,
2026-09-10 02:11:40,600765,中航重机,航空装备Ⅱ,-0.49,周线未呈多头排列,,,否,,
2026-09-10 02:11:40,600800,渤海化学,炼化及贸易,-0.85,均线未呈多头排列,,,否,,
2026-09-10 02:11:40,600776,东方通信,通信设备,-1.5,周线未呈多头排列,,,否,,
2026-09-10 02:11:40,600780,通宝能源,电力,-0.31,周线未呈多头排列,,,否,,
2026-09-10 02:11:40,600816,建元信托,多元金融,0.0,均线未呈多头排列,,,否,,
2026-09-10 02:11:40,600820,隧道股份,基础建设,-0.9,均线未向上倾斜,,,否,,
2026-09-10 02:11:40,600821,金开新能,电力,1.6,均线未呈多头排列,,,否,,
2026-09-10 02:11:40,600830,香溢融通,多元金融,3.07,均线未向上倾斜,,,否,,
2026-09-10 02:11:40,600792,云煤能源,焦炭Ⅱ,9.96,周线未呈多头排列,,,否,,
2026-09-10 02:11:40,600794,保税科技,物流,-0.3,周线未呈多头排列,,,否,,
2026-09-10 02:11:40,600844,金煤科技,化学原料,3.38,均线未呈多头排列,,,否,,
2026-09-10 02:11:40,600846,同济科技,工程咨询服务Ⅱ,-0.94,均线未呈多头排列,,,否,,
2026-09-10 02:11:40,600801,华新建材,水泥,-0.68,近20日无涨停,,,否,,
2026-09-10 02:11:40,600802,福建水泥,水泥,4.29,周线未呈多头排列,,,否,,
2026-09-10 02:11:40,600803,新奥股份,燃气Ⅱ,0.9,周线未呈多头排列,,,否,,
2026-09-10 02:11:40,600808,马钢股份,普钢,-1.12,周线未呈多头排列,,,否,,
2026-09-10 02:11:40,600862,中航高科,航空装备Ⅱ,-0.63,均线未向上倾斜,,,否,,
2026-09-10 02:11:40,600863,华能蒙电,电力,-0.82,均线未呈多头排列,,,否,,
2026-09-10 02:11:40,600864,哈投股份,证券Ⅱ,5.26,均线未呈多头排列,,,否,,
2026-09-10 02:11:40,600819,耀皮玻璃,玻璃玻纤,-0.5,周线未呈多头排列,,,否,,
2026-09-10 02:11:40,600868,梅雁吉祥,电力,-0.69,均线未呈多头排列,,,否,,
2026-09-10 02:11:40,600822,上海物贸,汽车服务,1.22,周线未呈多头排列,,,否,,
2026-09-10 02:11:40,600825,新华传媒,出版,0.0,周线未呈多头排列,,,否,,
2026-09-10 02:11:40,600834,申通地铁,铁路公路,0.26,周线未呈多头排列,,,否,,
2026-09-10 02:11:40,600877,电科芯片,半导体,-1.27,均线未呈多头排列,,,否,,
2026-09-10 02:11:40,600879,航天电子,航天装备Ⅱ,-0.55,均线未呈多头排列,,,否,,
2026-09-10 02:11:40,600882,妙可蓝多,饮料乳品,-0.78,均线未呈多头排列,,,否,,
2026-09-10 02:11:40,600853,龙建股份,基础建设,-0.29,周线未呈多头排列,,,否,,
2026-09-10 02:11:40,600854,春兰股份,白色家电,-1.45,周线未呈多头排列,,,否,,
2026-09-10 02:11:40,600886,国投电力,电力,0.83,均线未向上倾斜,,,否,,
2026-09-10 02:11:40,600887,伊利股份,饮料乳品,1.02,均线未向上倾斜,,,否,,
2026-09-10 02:11:40,600888,新疆众和,工业金属,-2.05,均线未呈多头排列,,,否,,
2026-09-10 02:11:40,600900,长江电力,电力,0.18,均线未呈多头排列,,,否,,
2026-09-10 02:11:40,600905,三峡能源,电力,0.0,均线未呈多头排列,,,否,,
2026-09-10 02:11:40,600871,石化油服,油服工程,-0.43,周线未呈多头排列,,,否,,
2026-09-10 02:11:40,600906,财达证券,证券Ⅱ,0.46,均线未呈多头排列,,,否,,
2026-09-10 02:11:40,600876,凯盛新能,玻璃玻纤,10.01,周线未呈多头排列,,,否,,
2026-09-10 02:11:40,600909,华安证券,证券Ⅱ,0.12,均线未呈多头排列,,,否,,
2026-09-10 02:11:40,600918,中泰证券,证券Ⅱ,0.71,均线未呈多头排列,,,否,,
2026-09-10 02:11:40,600880,博瑞传播,教育,-4.68,周线未呈多头排列,,,否,,
2026-09-10 02:11:40,600925,苏能股份,煤炭开采,-0.46,均线未呈多头排列,,,否,,
2026-09-10 02:11:40,600927,永安期货,多元金融,0.23,均线未呈多头排列,,,否,,
2026-09-10 02:11:40,600928,西安银行,城商行Ⅱ,0.84,均线未向上倾斜,,,否,,
2026-09-10 02:11:40,600893,航发动力,航空装备Ⅱ,0.92,周线未呈多头排列,,,否,,
2026-09-10 02:11:40,600897,厦门空港,航空机场,0.58,周线未呈多头排列,,,否,,
2026-09-10 02:11:40,600930,华电新能,电力,-0.51,均线未呈多头排列,,,否,,
2026-09-10 02:11:40,600901,江苏金租,多元金融,0.73,近20日无涨停,,,否,,
2026-09-10 02:11:40,600903,贵州燃气,燃气Ⅱ,5.64,周线未呈多头排列,,,否,,
2026-09-10 02:11:40,600955,维远股份,化学原料,-0.15,均线未呈多头排列,,,否,,
2026-09-10 02:11:40,600908,无锡银行,农商行Ⅱ,0.85,近20日无涨停,,,否,,
2026-09-10 02:11:40,600958,东方证券,证券Ⅱ,0.0,均线未呈多头排列,,,否,,
2026-09-10 02:11:40,600917,重庆燃气,燃气Ⅱ,3.56,周线未呈多头排列,,,否,,
2026-09-10 02:11:40,600961,株冶集团,工业金属,-0.98,均线未呈多头排列,,,否,,
2026-09-10 02:11:40,600968,海油发展,油服工程,0.0,均线未呈多头排列,,,否,,
2026-09-10 02:11:40,600919,江苏银行,城商行Ⅱ,1.7,近20日无涨停,,,否,,
2026-09-10 02:11:40,600926,杭州银行,城商行Ⅱ,1.56,近20日无涨停,,,否,,
2026-09-10 02:11:40,600970,中材国际,专业工程,-0.25,均线未向上倾斜,,,否,,
2026-09-10 02:11:40,600971,恒源煤电,煤炭开采,-1.34,均线未呈多头排列,,,否,,
2026-09-10 02:11:40,600929,雪天盐业,化学原料,0.0,周线未呈多头排列,,,否,,
2026-09-10 02:11:40,600979,广安爱众,电力,0.74,均线未向上倾斜,,,否,,
2026-09-10 02:11:40,600982,宁波能源,电力,0.4,均线未向上倾斜,,,否,,
2026-09-10 02:11:40,600983,惠而浦,白色家电,-0.4,均线未呈多头排列,,,否,,
2026-09-10 02:11:40,600985,淮北矿业,煤炭开采,-0.46,均线未呈多头排列,,,否,,
2026-09-10 02:11:40,600939,重庆建工,房屋建设Ⅱ,0.37,周线未呈多头排列,,,否,,
2026-09-10 02:11:40,600935,华塑股份,化学原料,-0.83,周线未呈多头排列,,,否,,
2026-09-10 02:11:40,600995,南网储能,电力,-0.48,均线未呈多头排列,,,否,,
2026-09-10 02:11:40,600956,新天绿能,电力,0.54,周线未呈多头排列,,,否,,
2026-09-10 02:11:40,600997,开滦股份,煤炭开采,-0.53,均线未呈多头排列,,,否,,
2026-09-10 02:11:40,600999,招商证券,证券Ⅱ,0.56,均线未呈多头排列,,,否,,
2026-09-10 02:11:40,601001,晋控煤业,煤炭开采,-1.82,均线未呈多头排列,,,否,,
2026-09-10 02:11:40,601003,柳钢股份,普钢,-0.51,均线未呈多头排列,,,否,,
2026-09-10 02:11:40,600969,郴电国际,电力,-1.17,周线未呈多头排列,,,否,,
2026-09-10 02:11:40,601006,大秦铁路,铁路公路,0.21,均线未向上倾斜,,,否,,
2026-09-10 02:11:40,601011,宝泰隆,焦炭Ⅱ,0.65,均线未呈多头排列,,,否,,
2026-09-10 02:11:40,601012,隆基绿能,光伏设备,-0.93,均线未呈多头排列,,,否,,
2026-09-10 02:11:40,600981,苏豪汇鸿,贸易Ⅱ,-0.79,周线未呈多头排列,,,否,,
2026-09-10 02:11:40,601016,节能风电,电力,-0.59,均线未呈多头排列,,,否,,
2026-09-10 02:11:40,601019,山东出版,出版,-0.14,均线未向上倾斜,,,否,,
2026-09-10 02:11:40,601020,华钰矿业,工业金属,-2.63,均线未呈多头排列,,,否,,
2026-09-10 02:11:40,601021,春秋航空,航空机场,-0.67,均线未呈多头排列,,,否,,
2026-09-10 02:11:40,600989,宝丰能源,化学原料,0.96,周线未呈多头排列,,,否,,
2026-09-10 02:11:40,601026,道生天合,塑料,-1.11,均线未呈多头排列,,,否,,
2026-09-10 02:11:40,601059,信达证券,证券Ⅱ,0.31,均线未呈多头排列,,,否,,
2026-09-10 02:11:40,601061,中信金属,贸易Ⅱ,2.22,均线未呈多头排列,,,否,,
2026-09-10 02:11:40,601066,中信建投,证券Ⅱ,0.21,均线未呈多头排列,,,否,,
2026-09-10 02:11:40,601005,重庆钢铁,普钢,0.8,周线未呈多头排列,,,否,,
2026-09-10 02:11:40,601077,渝农商行,农商行Ⅱ,0.74,均线未呈多头排列,,,否,,
2026-09-10 02:11:40,601088,中国神华,煤炭开采,-0.15,均线未呈多头排列,,,否,,
2026-09-10 02:11:40,601007,金陵饭店,酒店餐饮,0.28,周线未呈多头排列,,,否,,
2026-09-10 02:11:40,601009,南京银行,城商行Ⅱ,2.5,近20日无涨停,,,否,,
2026-09-10 02:11:40,601096,宏盛华源,专业工程,-0.95,均线未呈多头排列,,,否,,
2026-09-10 02:11:40,601098,中南传媒,出版,-0.29,均线未呈多头排列,,,否,,
2026-09-10 02:11:40,601099,太平洋,证券Ⅱ,0.28,均线未呈多头排列,,,否,,
2026-09-10 02:11:40,601015,陕西黑猫,焦炭Ⅱ,-1.47,周线未呈多头排列,,,否,,
2026-09-10 02:11:40,601101,昊华能源,煤炭开采,-1.14,均线未呈多头排列,,,否,,
2026-09-10 02:11:40,601107,四川成渝,铁路公路,0.84,均线未呈多头排列,,,否,,
2026-09-10 02:11:40,601108,财通证券,证券Ⅱ,0.0,均线未呈多头排列,,,否,,
2026-09-10 02:11:40,601111,中国国航,航空机场,-0.68,均线未呈多头排列,,,否,,
2026-09-10 02:11:40,601112,振石股份,玻璃玻纤,0.33,均线未呈多头排列,,,否,,
2026-09-10 02:11:40,601117,中国化学,专业工程,0.14,均线未呈多头排列,,,否,,
2026-09-10 02:11:40,601123,马矿股份,冶钢原料,-2.96,上市不足60日,,,否,,
2026-09-10 02:11:40,601065,江盐集团,化学原料,-0.57,周线未呈多头排列,,,否,,
2026-09-10 02:11:40,601068,中铝国际,专业工程,-0.43,周线未呈多头排列,,,否,,
2026-09-10 02:11:40,601133,柏诚股份,专业工程,-1.34,均线未呈多头排列,,,否,,
2026-09-10 02:11:40,601136,首创证券,证券Ⅱ,-0.2,均线未向上倾斜,,,否,,
2026-09-10 02:11:40,601139,深圳燃气,燃气Ⅱ,0.15,均线未向上倾斜,,,否,,
2026-09-10 02:11:40,601156,东航物流,物流,-0.05,均线未呈多头排列,,,否,,
2026-09-10 02:11:40,601162,天风证券,证券Ⅱ,-0.27,均线未呈多头排列,,,否,,
2026-09-10 02:11:40,601166,兴业银行,股份制银行Ⅱ,0.5,均线未呈多头排列,,,否,,
2026-09-10 02:11:40,601186,中国铁建,基础建设,0.33,均线未向上倾斜,,,否,,
2026-09-10 02:11:40,601187,厦门银行,城商行Ⅱ,1.65,均线未呈多头排列,,,否,,
2026-09-10 02:11:40,601198,东兴证券,证券Ⅱ,1.14,均线未呈多头排列,,,否,,
2026-09-10 02:11:40,601208,东材科技,塑料,0.15,均线未呈多头排列,,,否,,
2026-09-10 02:11:40,601211,国泰海通,证券Ⅱ,1.31,均线未呈多头排列,,,否,,
2026-09-10 02:11:40,601121,宝地矿业,冶钢原料,-0.52,近20日无涨停,,,否,,
2026-09-10 02:11:40,601218,吉鑫科技,风电设备,-0.22,均线未呈多头排列,,,否,,
2026-09-10 02:11:40,601128,常熟银行,农商行Ⅱ,1.09,周线未呈多头排列,,,否,,
2026-09-10 02:11:40,601225,陕西煤业,煤炭开采,-1.05,均线未呈多头排列,,,否,,
2026-09-10 02:11:40,601229,上海银行,城商行Ⅱ,0.94,均线未呈多头排列,,,否,,
2026-09-10 02:11:40,601233,桐昆股份,炼化及贸易,-1.68,均线未呈多头排列,,,否,,
2026-09-10 02:11:40,601236,红塔证券,证券Ⅱ,0.14,均线未呈多头排列,,,否,,
2026-09-10 02:11:40,601288,农业银行,国有大型银行Ⅱ,1.91,均线未呈多头排列,,,否,,
2026-09-10 02:11:40,601318,XD中国平,保险Ⅱ,0.58,均线未呈多头排列,,,否,,
2026-09-10 02:11:40,601168,西部矿业,工业金属,-0.32,近20日无涨停,,,否,,
2026-09-10 02:11:40,601169,北京银行,城商行Ⅱ,0.72,近20日无涨停,,,否,,
2026-09-10 02:11:40,601328,交通银行,国有大型银行Ⅱ,1.51,均线未向上倾斜,,,否,,
2026-09-10 02:11:40,601188,龙江交通,铁路公路,-0.33,周线未呈多头排列,,,否,,
2026-09-10 02:11:40,601336,新华保险,保险Ⅱ,0.0,均线未呈多头排列,,,否,,
2026-09-10 02:11:40,601375,中原证券,证券Ⅱ,0.49,均线未呈多头排列,,,否,,
2026-09-10 02:11:40,601212,白银有色,工业金属,-3.67,周线未呈多头排列,,,否,,
2026-09-10 02:11:40,601377,兴业证券,证券Ⅱ,0.0,均线未向上倾斜,,,否,,
2026-09-10 02:11:40,601216,君正集团,化学原料,-0.21,周线未呈多头排列,,,否,,
2026-09-10 02:11:40,601388,怡球资源,工业金属,-1.15,均线未呈多头排列,,,否,,
2026-09-10 02:11:40,601390,中国中铁,基础建设,0.23,均线未向上倾斜,,,否,,
2026-09-10 02:11:40,601398,工商银行,国有大型银行Ⅱ,1.38,均线未呈多头排列,,,否,,
2026-09-10 02:11:40,601226,华电科工,专业工程,-0.45,周线未呈多头排列,,,否,,
2026-09-10 02:11:40,601456,国联民生,证券Ⅱ,-0.23,均线未呈多头排列,,,否,,
2026-09-10 02:11:40,601515,衢州东峰,包装印刷,-1.2,均线未呈多头排列,,,否,,
2026-09-10 02:11:40,601555,东吴证券,证券Ⅱ,0.24,均线未呈多头排列,,,否,,
2026-09-10 02:11:40,601319,中国人保,保险Ⅱ,1.01,近20日无涨停,,,否,,
2026-09-10 02:11:40,601598,中国外运,物流,-0.76,均线未呈多头排列,,,否,,
2026-09-10 02:11:40,601333,广深铁路,铁路公路,0.32,近20日无涨停,,,否,,
2026-09-10 02:11:40,601609,金田股份,工业金属,0.23,均线未呈多头排列,,,否,,
2026-09-10 02:11:40,601611,中国核建,基础建设,0.18,均线未呈多头排列,,,否,,
2026-09-10 02:11:40,601615,明阳智能,风电设备,-1.04,均线未呈多头排列,,,否,,
2026-09-10 02:11:40,601618,中国中冶,专业工程,-0.38,均线未向上倾斜,,,否,,
2026-09-10 02:11:40,601619,嘉泽新能,电力,-0.72,均线未呈多头排列,,,否,,
2026-09-10 02:11:40,601628,中国人寿,保险Ⅱ,0.97,均线未呈多头排列,,,否,,
2026-09-10 02:11:40,601636,旗滨集团,玻璃玻纤,-0.69,均线未呈多头排列,,,否,,
2026-09-10 02:11:40,601658,邮储银行,国有大型银行Ⅱ,1.11,均线未向上倾斜,,,否,,
2026-09-10 02:11:40,601666,平煤股份,煤炭开采,-1.35,均线未呈多头排列,,,否,,
2026-09-10 02:11:40,601518,吉林高速,铁路公路,-0.35,周线未呈多头排列,,,否,,
2026-09-10 02:11:40,601528,XD瑞丰银,农商行Ⅱ,0.78,近20日无涨停,,,否,,
2026-09-10 02:11:40,601668,中国建筑,房屋建设Ⅱ,0.0,均线未呈多头排列,,,否,,
2026-09-10 02:11:40,601568,北元化工,化学原料,-0.76,周线未呈多头排列,,,否,,
2026-09-10 02:11:40,601577,长沙银行,城商行Ⅱ,0.99,近20日无涨停,,,否,,
2026-09-10 02:11:40,601669,中国电建,基础建设,0.21,均线未呈多头排列,,,否,,
2026-09-10 02:11:40,601677,明泰铝业,工业金属,-0.12,均线未呈多头排列,,,否,,
2026-09-10 02:11:40,601600,中国铝业,工业金属,-0.8,周线未呈多头排列,,,否,,
2026-09-10 02:11:40,601678,滨化股份,化学原料,-0.66,均线未呈多头排列,,,否,,
2026-09-10 02:11:40,601601,中国太保,保险Ⅱ,0.87,近20日无涨停,,,否,,
2026-09-10 02:11:40,601688,华泰证券,证券Ⅱ,0.93,均线未呈多头排列,,,否,,
2026-09-10 02:11:40,601696,中银证券,证券Ⅱ,-0.26,均线未呈多头排列,,,否,,
2026-09-10 02:11:40,601698,中国卫通,航天装备Ⅱ,-0.66,均线未呈多头排列,,,否,,
2026-09-10 02:11:40,601699,潞安环能,煤炭开采,-1.62,均线未呈多头排列,,,否,,
2026-09-10 02:11:40,601702,华峰铝业,工业金属,-0.63,均线未呈多头排列,,,否,,
2026-09-10 02:11:40,601766,中国中车,轨交设备Ⅱ,-0.49,均线未呈多头排列,,,否,,
2026-09-10 02:11:40,601778,晶科科技,电力,-1.67,均线未呈多头排列,,,否,,
2026-09-10 02:11:40,601665,齐鲁银行,城商行Ⅱ,1.4,近20日无涨停,,,否,,
2026-09-10 02:11:40,601788,光大证券,证券Ⅱ,-0.14,均线未呈多头排列,,,否,,
2026-09-10 02:11:40,601789,宁波建工,房屋建设Ⅱ,-0.93,均线未呈多头排列,,,否,,
2026-09-10 02:11:40,601800,中国交建,基础建设,0.0,均线未向上倾斜,,,否,,
2026-09-10 02:11:40,601801,皖新传媒,出版,0.19,均线未呈多头排列,,,否,,
2026-09-10 02:11:40,601808,中海油服,油服工程,0.0,均线未呈多头排列,,,否,,
2026-09-10 02:11:40,601811,新华文轩,出版,0.26,均线未呈多头排列,,,否,,
2026-09-10 02:11:40,601816,京沪高铁,铁路公路,0.42,均线未呈多头排列,,,否,,
2026-09-10 02:11:40,601818,光大银行,股份制银行Ⅱ,0.33,均线未向上倾斜,,,否,,
2026-09-10 02:11:40,601825,沪农商行,农商行Ⅱ,0.78,均线未向上倾斜,,,否,,
2026-09-10 02:11:40,601857,中国石油,炼化及贸易,0.97,均线未呈多头排列,,,否,,
2026-09-10 02:11:40,601686,友发集团,普钢,0.57,周线未呈多头排列,,,否,,
2026-09-10 02:11:40,601858,中国科传,出版,-2.24,均线未呈多头排列,,,否,,
2026-09-10 02:11:40,601865,福莱特,光伏设备,-2.03,均线未呈多头排列,,,否,,
2026-09-10 02:11:40,601868,中国能建,基础建设,0.0,均线未呈多头排列,,,否,,
2026-09-10 02:11:40,601878,浙商证券,证券Ⅱ,0.0,均线未呈多头排列,,,否,,
2026-09-10 02:11:40,601881,中国银河,证券Ⅱ,0.08,均线未呈多头排列,,,否,,
2026-09-10 02:11:40,601898,中煤能源,煤炭开采,-0.33,均线未呈多头排列,,,否,,
2026-09-10 02:11:40,601899,紫金矿业,工业金属,-0.73,均线未向上倾斜,,,否,,
2026-09-10 02:11:40,601901,方正证券,证券Ⅱ,0.73,均线未呈多头排列,,,否,,
2026-09-10 02:11:40,601908,京运通,电力,-0.33,均线未呈多头排列,,,否,,
2026-09-10 02:11:40,601918,新集能源,煤炭开采,-0.38,均线未呈多头排列,,,否,,
2026-09-10 02:11:40,601928,凤凰传媒,出版,-0.23,均线未呈多头排列,,,否,,
2026-09-10 02:11:40,601838,成都银行,城商行Ⅱ,1.41,近20日无涨停,,,否,,
2026-09-10 02:11:40,601939,建设银行,国有大型银行Ⅱ,1.48,均线未呈多头排列,,,否,,
2026-09-10 02:11:40,601963,重庆银行,城商行Ⅱ,0.98,均线未呈多头排列,,,否,,
2026-09-10 02:11:40,601860,紫金银行,农商行Ⅱ,0.38,近20日无涨停,,,否,,
2026-09-10 02:11:40,601965,中国汽研,汽车服务,-1.83,均线未呈多头排列,,,否,,
2026-09-10 02:11:40,601869,长飞光纤,通信设备,-0.99,周线未呈多头排列,,,否,,
2026-09-10 02:11:40,601985,中国核电,电力,0.22,均线未向上倾斜,,,否,,
2026-09-10 02:11:40,601890,亚星锚链,航海装备Ⅱ,-1.49,周线未呈多头排列,,,否,,
2026-09-10 02:11:40,601988,中国银行,国有大型银行Ⅱ,1.4,均线未呈多头排列,,,否,,
2026-09-10 02:11:40,601990,南京证券,证券Ⅱ,0.3,均线未向上倾斜,,,否,,
2026-09-10 02:11:40,601900,南方传媒,出版,0.08,近20日无涨停,,,否,,
2026-09-10 02:11:40,601991,大唐发电,电力,-0.52,均线未呈多头排列,,,否,,
2026-09-10 02:11:40,601992,金隅集团,水泥,-0.7,均线未向上倾斜,,,否,,
2026-09-10 02:11:40,601916,浙商银行,股份制银行Ⅱ,0.34,近20日无涨停,,,否,,
2026-09-10 02:11:40,601995,中金公司,证券Ⅱ,0.37,均线未呈多头排列,,,否,,
2026-09-10 02:11:40,601921,浙版传媒,出版,-0.13,近20日无涨停,,,否,,
2026-09-10 02:11:40,601997,贵阳银行,城商行Ⅱ,0.53,均线未呈多头排列,,,否,,
2026-09-10 02:11:40,603002,宏昌电子,电子化学品Ⅱ,1.04,均线未呈多头排列,,,否,,
2026-09-10 02:11:40,603005,晶方科技,半导体,-1.82,均线未呈多头排列,,,否,,
2026-09-10 02:11:40,601968,宝钢包装,包装印刷,-0.21,周线未呈多头排列,,,否,,
2026-09-10 02:11:40,601969,海南矿业,冶钢原料,2.53,周线未呈多头排列,,,否,,
2026-09-10 02:11:40,603022,新通联,包装印刷,-0.97,均线未呈多头排列,,,否,,
2026-09-10 02:11:40,603033,三维股份,橡胶,-1.23,均线未呈多头排列,,,否,,
2026-09-10 02:11:40,603038,华立股份,装修建材,-1.84,均线未呈多头排列,,,否,,
2026-09-10 02:11:40,603053,成都燃气,燃气Ⅱ,1.56,均线未向上倾斜,,,否,,
2026-09-10 02:11:40,603058,永吉股份,包装印刷,-2.01,均线未呈多头排列,,,否,,
2026-09-10 02:11:40,603063,禾望电气,风电设备,-1.77,均线未呈多头排列,,,否,,
2026-09-10 02:11:40,603061,金海通,半导体,-0.04,均线未呈多头排列,,,否,,
2026-09-10 02:11:40,603068,博通集成,半导体,-2.28,均线未呈多头排列,,,否,,
2026-09-10 02:11:40,601998,中信银行,股份制银行Ⅱ,0.9,近20日无涨停,,,否,,
2026-09-10 02:11:40,601999,出版传媒,出版,3.32,周线未呈多头排列,,,否,,
2026-09-10 02:11:40,601949,中国出版,出版,6.44,通过,2026-09-04,112.3,是,否,股价 7.08 < 均价 7.17; 9:45-10:00有10/16分钟低于均价线
2026-09-10 02:11:40,603017,中衡设计,工程咨询服务Ⅱ,-0.2,周线未呈多头排列,,,否,,
2026-09-10 02:11:40,603078,江化微,电子化学品Ⅱ,-1.16,均线未呈多头排列,,,否,,
2026-09-10 02:11:40,603018,华设集团,工程咨询服务Ⅱ,-0.37,周线未呈多头排列,,,否,,
2026-09-10 02:11:40,603080,新疆火炬,燃气Ⅱ,1.23,均线未向上倾斜,,,否,,
2026-09-10 02:11:40,603091,众鑫股份,包装印刷,-0.32,均线未呈多头排列,,,否,,
2026-09-10 02:11:40,603092,德力佳,风电设备,-1.69,均线未呈多头排列,,,否,,
2026-09-10 02:11:40,603042,华脉科技,通信设备,-9.91,周线未呈多头排列,,,否,,
2026-09-10 02:11:40,603093,南华期货,多元金融,1.73,均线未呈多头排列,,,否,,
2026-09-10 02:11:40,603099,长白山,旅游及景区,-1.32,均线未呈多头排列,,,否,,
2026-09-10 02:11:40,603066,音飞储存,物流,-2.56,周线未呈多头排列,,,否,,
2026-09-10 02:11:40,603067,振华股份,化学原料,-5.16,周线未呈多头排列,,,否,,
2026-09-10 02:11:40,603102,百合股份,食品加工,-1.91,均线未呈多头排列,,,否,,
2026-09-10 02:11:40,603111,康尼机电,轨交设备Ⅱ,-0.64,均线未呈多头排列,,,否,,
2026-09-10 02:11:40,603069,海汽集团,铁路公路,-0.5,周线未呈多头排列,,,否,,
2026-09-10 02:11:40,603113,金能科技,化学原料,-3.39,均线未呈多头排列,,,否,,
2026-09-10 02:11:40,603071,物产环能,电力,-0.7,周线未呈多头排列,,,否,,
2026-09-10 02:11:40,603118,共进股份,通信设备,-4.31,均线未呈多头排列,,,否,,
2026-09-10 02:11:40,603083,剑桥科技,通信设备,2.52,周线未呈多头排列,,,否,,
2026-09-10 02:11:40,603132,金徽股份,工业金属,-2.01,均线未呈多头排列,,,否,,
2026-09-10 02:11:40,603096,新经典,出版,-1.07,周线未呈多头排列,,,否,,
2026-09-10 02:11:40,603098,森特股份,专业工程,-0.6,周线未呈多头排列,,,否,,
2026-09-10 02:11:40,603156,养元饮品,饮料乳品,-0.56,均线未呈多头排列,,,否,,
2026-09-10 02:11:40,603160,汇顶科技,半导体,-0.97,均线未向上倾斜,,,否,,
2026-09-10 02:11:40,603163,圣晖集成,专业工程,0.28,均线未呈多头排列,,,否,,
2026-09-10 02:11:40,603105,芯能科技,电力,9.97,周线未呈多头排列,,,否,,
2026-09-10 02:11:40,603185,弘元绿能,光伏设备,-1.69,均线未呈多头排列,,,否,,
2026-09-10 02:11:40,603199,九华旅游,旅游及景区,-0.47,均线未呈多头排列,,,否,,
2026-09-10 02:11:40,603115,海星股份,电子化学品Ⅱ,2.38,周线未呈多头排列,,,否,,
2026-09-10 02:11:40,603117,万林物流,物流,-0.24,周线未呈多头排列,,,否,,
2026-09-10 02:11:40,603212,赛伍技术,光伏设备,0.43,均线未呈多头排列,,,否,,
2026-09-10 02:11:40,603128,华贸物流,物流,-0.35,近20日无涨停,,,否,,
2026-09-10 02:11:40,603213,镇洋发展,化学原料,-0.44,均线未呈多头排列,,,否,,
2026-09-10 02:11:40,603218,日月股份,风电设备,-0.86,均线未呈多头排列,,,否,,
2026-09-10 02:11:40,603136,天目湖,旅游及景区,-1.43,周线未呈多头排列,,,否,,
2026-09-10 02:11:40,603150,万朗磁塑,塑料,-1.64,周线未呈多头排列,,,否,,
2026-09-10 02:11:40,603153,上海建科,工程咨询服务Ⅱ,-0.79,周线未呈多头排列,,,否,,
2026-09-10 02:11:40,603223,恒通股份,炼化及贸易,-0.58,均线未呈多头排列,,,否,,
2026-09-10 02:11:40,603236,移远通信,通信设备,-1.03,均线未向上倾斜,,,否,,
2026-09-10 02:11:40,603175,超颖电子,元件,-0.71,周线未呈多头排列,,,否,,
2026-09-10 02:11:40,603248,锡华科技,风电设备,-2.19,均线未呈多头排列,,,否,,
2026-09-10 02:11:40,603176,汇通集团,基础建设,-0.55,周线未呈多头排列,,,否,,
2026-09-10 02:11:40,603256,宏和科技,玻璃玻纤,0.47,均线未呈多头排列,,,否,,
2026-09-10 02:11:40,603186,华正新材,元件,-0.63,超额收益 0.55%,2026-08-14,,否,,
2026-09-10 02:11:40,603261,立航科技,航空装备Ⅱ,-1.51,均线未呈多头排列,,,否,,
2026-09-10 02:11:40,603359,*ST东珠,基础建设,-1.66,ST股,,,否,,
2026-09-10 02:11:40,603262,技源集团,食品加工,-3.29,均线未呈多头排列,,,否,,
2026-09-10 02:11:40,603271,永杰新材,工业金属,-2.07,均线未呈多头排列,,,否,,
2026-09-10 02:11:40,603377,ST东时,教育,-1.9,ST股,,,否,,
2026-09-10 02:11:40,603378,*ST亚士,装修建材,1.95,ST股,,,否,,
2026-09-10 02:11:40,603290,斯达半导,半导体,-1.03,均线未呈多头排列,,,否,,
2026-09-10 02:11:40,603299,苏盐井神,化学原料,0.0,均线未呈多头排列,,,否,,
2026-09-10 02:11:40,603300,海南华铁,多元金融,-0.42,均线未呈多头排列,,,否,,
2026-09-10 02:11:40,603316,诚邦股份,半导体,10.01,均线未呈多头排列,,,否,,
2026-09-10 02:11:40,603398,*ST沐邦,光伏设备,-3.15,ST股,,,否,,
2026-09-10 02:11:40,603318,水发燃气,燃气Ⅱ,9.99,均线未呈多头排列,,,否,,
2026-09-10 02:11:40,603228,景旺电子,元件,0.24,超额收益 1.41%,2026-09-07,,否,,
2026-09-10 02:11:40,603429,*ST集友,包装印刷,0.11,ST股,,,否,,
2026-09-10 02:11:40,603230,内蒙新华,出版,-1.4,周线未呈多头排列,,,否,,
2026-09-10 02:11:40,603329,上海雅仕,物流,-0.97,均线未呈多头排列,,,否,,
2026-09-10 02:11:40,603237,五芳斋,食品加工,-1.7,周线未呈多头排列,,,否,,
2026-09-10 02:11:40,603330,天洋新材,塑料,-6.99,均线未呈多头排列,,,否,,
2026-09-10 02:11:40,603345,安井食品,食品加工,2.19,均线未呈多头排列,,,否,,
2026-09-10 02:11:40,603257,中国瑞林,工程咨询服务Ⅱ,-1.34,近20日无涨停,,,否,,
2026-09-10 02:11:40,603268,松发股份,航海装备Ⅱ,-0.19,近20日无涨停,,,否,,
2026-09-10 02:11:40,603381,永臻股份,光伏设备,-1.21,均线未呈多头排列,,,否,,
2026-09-10 02:11:40,603396,金辰股份,光伏设备,-1.16,均线未呈多头排列,,,否,,
2026-09-10 02:11:40,603402,陕西旅游,旅游及景区,-2.1,均线未呈多头排列,,,否,,
2026-09-10 02:11:40,603323,苏农银行,农商行Ⅱ,0.66,近20日无涨停,,,否,,
2026-09-10 02:11:40,603435,嘉德利,塑料,-1.76,均线未呈多头排列,,,否,,
2026-09-10 02:11:40,603328,依顿电子,元件,-1.24,周线未呈多头排列,,,否,,
2026-09-10 02:11:40,603459,红板科技,元件,-1.66,均线未呈多头排列,,,否,,
2026-09-10 02:11:40,603500,祥和实业,轨交设备Ⅱ,0.0,均线未呈多头排列,,,否,,
2026-09-10 02:11:40,603501,豪威集团,半导体,-1.3,均线未呈多头排列,,,否,,
2026-09-10 02:11:40,603353,和顺石油,炼化及贸易,0.49,周线未呈多头排列,,,否,,
2026-09-10 02:11:40,603357,设计总院,工程咨询服务Ⅱ,-1.14,周线未呈多头排列,,,否,,
2026-09-10 02:11:40,603507,振江股份,风电设备,-0.94,均线未呈多头排列,,,否,,
2026-09-10 02:11:40,603366,日出东方,厨卫电器,9.95,周线未呈多头排列,,,否,,
2026-09-10 02:11:40,603375,盛景微,半导体,-1.61,周线未呈多头排列,,,否,,
2026-09-10 02:11:40,603386,骏亚科技,元件,-0.47,周线未呈多头排列,,,否,,
2026-09-10 02:11:40,603393,新天然气,燃气Ⅱ,1.22,周线未呈多头排列,,,否,,
2026-09-10 02:11:40,603421,鼎信通讯,通信设备,9.96,周线未呈多头排列,,,否,,
2026-09-10 02:11:40,603569,长久物流,物流,-0.67,均线未向上倾斜,,,否,,
2026-09-10 02:11:40,603580,艾艾精工,塑料,-5.73,均线未呈多头排列,,,否,,
2026-09-10 02:11:40,603458,勘设股份,工程咨询服务Ⅱ,2.92,周线未呈多头排列,,,否,,
2026-09-10 02:11:40,603601,再升科技,玻璃玻纤,5.08,均线未呈多头排列,,,否,,
2026-09-10 02:11:40,603499,翔港科技,包装印刷,0.78,周线未呈多头排列,,,否,,
2026-09-10 02:11:40,603637,镇海股份,专业工程,0.07,均线未呈多头排列,,,否,,
2026-09-10 02:11:40,603650,彤程新材,橡胶,-0.78,均线未呈多头排列,,,否,,
2026-09-10 02:11:40,603663,三祥新材,化学原料,3.36,均线未呈多头排列,,,否,,
2026-09-10 02:11:40,603527,众源新材,工业金属,-1.71,周线未呈多头排列,,,否,,
2026-09-10 02:11:40,603535,嘉诚国际,物流,-0.61,周线未呈多头排列,,,否,,
2026-09-10 02:11:40,603680,今创集团,轨交设备Ⅱ,-1.78,均线未呈多头排列,,,否,,
2026-09-10 02:11:40,603687,大胜达,包装印刷,-1.89,均线未呈多头排列,,,否,,
2026-09-10 02:11:40,603536,惠发食品,食品加工,-1.74,周线未呈多头排列,,,否,,
2026-09-10 02:11:40,603551,奥普科技,厨卫电器,-0.52,周线未呈多头排列,,,否,,
2026-09-10 02:11:40,603690,至纯科技,半导体,-0.77,均线未呈多头排列,,,否,,
2026-09-10 02:11:40,603693,江苏新能,电力,0.87,均线未呈多头排列,,,否,,
2026-09-10 02:11:40,603843,*ST正平,基础建设,-2.27,ST股,,,否,,
2026-09-10 02:11:40,603706,东方环宇,燃气Ⅱ,-0.17,均线未呈多头排列,,,否,,
2026-09-10 02:11:40,603607,京华激光,包装印刷,0.88,周线未呈多头排列,,,否,,
2026-09-10 02:11:40,603713,密尔克卫,物流,-0.03,均线未呈多头排列,,,否,,
2026-09-10 02:11:40,603616,韩建河山,水泥,1.03,周线未呈多头排列,,,否,,
2026-09-10 02:11:40,603619,中曼石油,油服工程,1.21,周线未呈多头排列,,,否,,
2026-09-10 02:11:40,603628,清源股份,光伏设备,-0.56,周线未呈多头排列,,,否,,
2026-09-10 02:11:40,603727,博迈科,油服工程,-0.72,均线未呈多头排列,,,否,,
2026-09-10 02:11:40,603648,畅联股份,物流,-0.41,近20日无涨停,,,否,,
2026-09-10 02:11:40,603737,三棵树,装修建材,-2.36,均线未呈多头排列,,,否,,
2026-09-10 02:11:40,603738,泰晶科技,元件,-0.45,均线未呈多头排列,,,否,,
2026-09-10 02:11:40,603803,瑞斯康达,通信设备,-0.27,均线未呈多头排列,,,否,,
2026-09-10 02:11:40,603806,福斯特,光伏设备,-0.41,均线未呈多头排列,,,否,,
2026-09-10 02:11:40,603815,交建股份,基础建设,-1.26,均线未呈多头排列,,,否,,
2026-09-10 02:11:40,603813,原尚股份,物流,0.0,均线未呈多头排列,,,否,,
2026-09-10 02:11:40,603689,皖天然气,燃气Ⅱ,0.51,周线未呈多头排列,,,否,,
2026-09-10 02:11:40,603860,中公高科,工程咨询服务Ⅱ,-1.42,均线未呈多头排列,,,否,,
2026-09-10 02:11:40,603711,香飘飘,饮料乳品,-1.76,周线未呈多头排列,,,否,,
2026-09-10 02:11:40,603959,ST百利,专业工程,-0.68,ST股,,,否,,
2026-09-10 02:11:40,603876,鼎胜新材,工业金属,-1.05,均线未呈多头排列,,,否,,
2026-09-10 02:11:40,603878,武进不锈,普钢,-1.53,均线未呈多头排列,,,否,,
2026-09-10 02:11:40,603879,永悦科技,塑料,-0.37,均线未呈多头排列,,,否,,
2026-09-10 02:11:40,603885,吉祥航空,航空机场,-0.3,均线未呈多头排列,,,否,,
2026-09-10 02:11:40,603893,瑞芯微,半导体,-1.72,均线未呈多头排列,,,否,,
2026-09-10 02:11:40,603920,世运电路,元件,1.07,均线未呈多头排列,,,否,,
2026-09-10 02:11:40,603928,兴业股份,塑料,-3.08,均线未呈多头排列,,,否,,
2026-09-10 02:11:40,603778,国晟科技,光伏设备,-0.48,周线未呈多头排列,,,否,,
2026-09-10 02:11:40,603798,康普顿,炼化及贸易,-2.32,周线未呈多头排列,,,否,,
2026-09-10 02:11:40,603929,亚翔集成,专业工程,0.2,均线未呈多头排列,,,否,,
2026-09-10 02:11:40,603931,格林达,电子化学品Ⅱ,-1.69,均线未呈多头排列,,,否,,
2026-09-10 02:11:40,603936,博敏电子,元件,1.71,均线未呈多头排列,,,否,,
2026-09-10 02:11:40,603937,丽岛新材,工业金属,-1.5,均线未呈多头排列,,,否,,
2026-09-10 02:11:40,603938,三孚股份,化学原料,-4.71,均线未呈多头排列,,,否,,
2026-09-10 02:11:40,603836,海程邦达,物流,-0.63,周线未呈多头排列,,,否,,
2026-09-10 02:11:40,603856,东宏股份,装修建材,-0.59,周线未呈多头排列,,,否,,
2026-09-10 02:11:40,603871,嘉友国际,物流,-0.91,近20日无涨停,,,否,,
2026-09-10 02:11:40,603979,金诚信,工业金属,-1.49,均线未呈多头排列,,,否,,
2026-09-10 02:11:40,603986,兆易创新,半导体,-0.19,均线未呈多头排列,,,否,,
2026-09-10 02:11:40,603985,恒润股份,风电设备,-1.34,均线未呈多头排列,,,否,,
2026-09-10 02:11:40,603909,建发合诚,工程咨询服务Ⅱ,-0.7,周线未呈多头排列,,,否,,
2026-09-10 02:11:40,603993,洛阳钼业,工业金属,-0.52,均线未呈多头排列,,,否,,
2026-09-10 02:11:40,605011,杭州热电,电力,-0.34,均线未向上倾斜,,,否,,
2026-09-10 02:11:40,605028,世茂能源,电力,-1.5,均线未向上倾斜,,,否,,
2026-09-10 02:11:40,605050,福然德,物流,-0.48,均线未呈多头排列,,,否,,
2026-09-10 02:11:40,605090,九丰能源,燃气Ⅱ,0.56,均线未呈多头排列,,,否,,
2026-09-10 02:11:40,603955,大千生态,基础建设,-1.47,周线未呈多头排列,,,否,,
2026-09-10 02:11:40,603967,中创物流,物流,0.59,周线未呈多头排列,,,否,,
2026-09-10 02:11:40,605098,行动教育,教育,-1.1,均线未呈多头排列,,,否,,
2026-09-10 02:11:40,605111,新洁能,半导体,-0.57,均线未呈多头排列,,,否,,
2026-09-10 02:11:40,605117,德业股份,光伏设备,1.62,均线未呈多头排列,,,否,,
2026-09-10 02:11:40,603989,艾华集团,元件,-5.38,周线未呈多头排列,,,否,,
2026-09-10 02:11:40,603991,领先股份,半导体,0.12,近20日无涨停,,,否,,
2026-09-10 02:11:40,603999,读者传媒,出版,-2.08,周线未呈多头排列,,,否,,
2026-09-10 02:11:40,605001,威奥股份,轨交设备Ⅱ,-1.11,周线未呈多头排列,,,否,,
2026-09-10 02:11:40,605006,山东玻纤,玻璃玻纤,4.34,周线未呈多头排列,,,否,,
2026-09-10 02:11:40,605336,*ST帅电,厨卫电器,-0.27,ST股,,,否,,
2026-09-10 02:11:40,605008,长鸿高科,塑料,-0.43,近20日无涨停,,,否,,
2026-09-10 02:11:40,605058,澳弘电子,元件,-0.51,周线未呈多头排列,,,否,,
2026-09-10 02:11:40,605089,味知香,食品加工,-2.07,周线未呈多头排列,,,否,,
2026-09-10 02:11:40,605178,时空科技,专业工程,0.1,均线未呈多头排列,,,否,,
2026-09-10 02:11:40,605179,一鸣食品,饮料乳品,-1.17,均线未呈多头排列,,,否,,
2026-09-10 02:11:40,605108,同庆楼,酒店餐饮,-1.12,周线未呈多头排列,,,否,,
2026-09-10 02:11:40,605289,罗曼股份,专业工程,-1.65,均线未呈多头排列,,,否,,
2026-09-10 02:11:40,605298,必得科技,轨交设备Ⅱ,-0.64,均线未呈多头排列,,,否,,
2026-09-10 02:11:40,605122,四方新材,水泥,-0.75,周线未呈多头排列,,,否,,
2026-09-10 02:11:40,605123,派克新材,航空装备Ⅱ,-1.58,周线未呈多头排列,,,否,,
2026-09-10 02:11:40,605303,园林股份,基础建设,-5.62,均线未向上倾斜,,,否,,
2026-09-10 02:11:40,605318,法狮龙,装修建材,-1.47,均线未呈多头排列,,,否,,
2026-09-10 02:11:40,605338,巴比食品,食品加工,-2.1,均线未呈多头排列,,,否,,
2026-09-10 02:11:40,605162,新中港,电力,-1.43,周线未呈多头排列,,,否,,
2026-09-10 02:11:40,000010,*ST美丽,基础建设,-2.96,ST股,,,否,,
2026-09-10 02:11:40,605169,洪通燃气,燃气Ⅱ,0.47,周线未呈多头排列,,,否,,
2026-09-10 02:11:40,000016,*ST康佳A,白色家电,0.0,ST股,,,否,,
2026-09-10 02:11:40,605167,利柏特,专业工程,-0.73,周线未呈多头排列,,,否,,
2026-09-10 02:11:40,605358,立昂微,半导体,-1.35,均线未呈多头排列,,,否,,
2026-09-10 02:11:40,605368,蓝天燃气,燃气Ⅱ,0.14,均线未向上倾斜,,,否,,
2026-09-10 02:11:40,605488,福莱新材,塑料,-2.26,均线未呈多头排列,,,否,,
2026-09-10 02:11:40,605183,确成股份,橡胶,-1.72,周线未呈多头排列,,,否,,
2026-09-10 02:11:40,605208,永茂泰,工业金属,0.2,周线未呈多头排列,,,否,,
2026-09-10 02:11:40,605499,东鹏饮料,饮料乳品,-2.43,均线未呈多头排列,,,否,,
2026-09-10 02:11:40,605258,协和电子,元件,-1.46,周线未呈多头排列,,,否,,
2026-09-10 02:11:40,605300,佳禾食品,饮料乳品,-1.77,周线未呈多头排列,,,否,,
2026-09-10 02:11:40,605589,圣泉集团,塑料,-0.31,均线未呈多头排列,,,否,,
2026-09-10 02:11:40,605598,上海港湾,专业工程,-2.22,均线未呈多头排列,,,否,,
2026-09-10 02:11:40,000001,平安银行,股份制银行Ⅱ,0.6,均线未呈多头排列,,,否,,
2026-09-10 02:11:40,605337,李子园,饮料乳品,-1.76,周线未呈多头排列,,,否,,
2026-09-10 02:11:40,000008,神州高铁,轨交设备Ⅱ,-0.4,均线未呈多头排列,,,否,,
2026-09-10 02:11:40,000012,南 玻Ａ,玻璃玻纤,0.0,均线未呈多头排列,,,否,,
2026-09-10 02:11:40,000027,深圳能源,电力,0.16,均线未向上倾斜,,,否,,
2026-09-10 02:11:40,000032,深桑达Ａ,专业工程,-1.71,均线未呈多头排列,,,否,,
2026-09-10 02:11:40,000037,深南电A,电力,0.0,均线未呈多头排列,,,否,,
2026-09-10 02:11:40,000055,方大集团,装修建材,-0.28,均线未呈多头排列,,,否,,
2026-09-10 02:11:40,605388,均瑶健康,饮料乳品,-2.02,周线未呈多头排列,,,否,,
2026-09-10 02:11:40,000060,中金岭南,工业金属,0.0,均线未呈多头排列,,,否,,
2026-09-10 02:11:40,000063,中兴通讯,通信设备,-1.69,均线未呈多头排列,,,否,,
2026-09-10 02:11:40,000065,北方国际,专业工程,-0.61,均线未呈多头排列,,,否,,
2026-09-10 02:11:40,605567,春雪食品,食品加工,-6.28,周线未呈多头排列,,,否,,
2026-09-10 02:11:40,605577,龙版传媒,出版,0.0,超额收益 1.18%,2026-08-18,,否,,
2026-09-10 02:11:40,000089,深圳机场,航空机场,0.3,均线未向上倾斜,,,否,,
2026-09-10 02:11:40,605580,恒盛能源,电力,-6.25,周线未呈多头排列,,,否,,
2026-09-10 02:11:40,000099,中信海直,航空机场,-1.3,均线未呈多头排列,,,否,,
2026-09-10 02:11:40,000155,川能动力,电力,-1.65,均线未呈多头排列,,,否,,
2026-09-10 02:11:40,000159,国际实业,光伏设备,-0.51,均线未呈多头排列,,,否,,
2026-09-10 02:11:40,000166,申万宏源,证券Ⅱ,0.0,均线未呈多头排列,,,否,,
2026-09-10 02:11:40,000301,东方盛虹,炼化及贸易,-0.64,均线未呈多头排列,,,否,,
2026-09-10 02:11:40,000333,美的集团,白色家电,0.3,均线未呈多头排列,,,否,,
2026-09-10 02:11:40,000401,金隅冀东,水泥,0.0,均线未向上倾斜,,,否,,
2026-09-10 02:11:40,000415,渤海租赁,多元金融,0.0,均线未呈多头排列,,,否,,
2026-09-10 02:11:40,000426,兴业银锡,工业金属,-0.57,均线未呈多头排列,,,否,,
2026-09-10 02:11:40,000429,粤高速Ａ,铁路公路,-0.87,均线未呈多头排列,,,否,,
2026-09-10 02:11:40,000070,特发信息,通信设备,-2.46,周线未呈多头排列,,,否,,
2026-09-10 02:11:40,000498,山东路桥,基础建设,0.0,均线未向上倾斜,,,否,,
2026-09-10 02:11:40,000510,新金路,化学原料,-2.77,均线未呈多头排列,,,否,,
2026-09-10 02:11:40,000096,广聚能源,炼化及贸易,-0.47,周线未呈多头排列,,,否,,
2026-09-10 02:11:40,000521,长虹美菱,白色家电,-1.04,均线未向上倾斜,,,否,,
2026-09-10 02:11:40,000151,中成股份,贸易Ⅱ,-1.34,周线未呈多头排列,,,否,,
2026-09-10 02:11:40,000524,岭南控股,旅游及景区,-1.59,均线未呈多头排列,,,否,,
2026-09-10 02:11:40,000531,穗恒运Ａ,电力,-0.17,均线未向上倾斜,,,否,,
2026-09-10 02:11:40,000532,华金资本,多元金融,-0.44,均线未呈多头排列,,,否,,
2026-09-10 02:11:40,000537,绿发电力,电力,0.13,均线未呈多头排列,,,否,,
2026-09-10 02:11:40,000407,胜利股份,燃气Ⅱ,1.14,周线未呈多头排列,,,否,,
2026-09-10 02:11:40,000539,粤电力Ａ,电力,-0.38,均线未呈多头排列,,,否,,
2026-09-10 02:11:40,000543,皖能电力,电力,-0.13,均线未呈多头排列,,,否,,
2026-09-10 02:11:40,000059,华锦股份,炼化及贸易,0.84,通过,2026-08-19,70.4,是,否,股价 5.98 < 均价 6.04; 9:45-10:00有7/16分钟低于均价线
2026-09-10 02:11:40,000428,华天酒店,酒店餐饮,-2.33,超额收益 -1.16%,2026-08-25,,否,,
2026-09-10 02:11:40,000545,金浦钛业,化学原料,-1.32,均线未呈多头排列,,,否,,
2026-09-10 02:11:40,000430,张家界,旅游及景区,1.81,周线未呈多头排列,,,否,,
2026-09-10 02:11:40,000610,*ST西旅,旅游及景区,3.56,ST股,,,否,,
2026-09-10 02:11:40,000552,甘肃能化,煤炭开采,-0.37,均线未呈多头排列,,,否,,
2026-09-10 02:11:40,000507,珠海港,电力,0.58,周线未呈多头排列,,,否,,
2026-09-10 02:11:40,000561,烽火电子,航空装备Ⅱ,-0.88,均线未呈多头排列,,,否,,
2026-09-10 02:11:40,000563,陕国投Ａ,多元金融,0.66,均线未呈多头排列,,,否,,
2026-09-10 02:11:40,000526,学大教育,教育,-1.58,超额收益 -0.40%,2026-08-18,,否,,
2026-09-10 02:11:40,000529,广弘控股,食品加工,-0.57,周线未呈多头排列,,,否,,
2026-09-10 02:11:40,000567,海德股份,多元金融,-1.03,均线未呈多头排列,,,否,,
2026-09-10 02:11:40,000571,新大洲A,煤炭开采,-1.53,均线未呈多头排列,,,否,,
2026-09-10 02:11:40,000591,太阳能,电力,-0.46,均线未向上倾斜,,,否,,
2026-09-10 02:11:40,000593,德龙汇能,燃气Ⅱ,-2.97,均线未呈多头排列,,,否,,
2026-09-10 02:11:40,000595,新能股份,电力,0.0,均线未呈多头排列,,,否,,
2026-09-10 02:11:40,000639,ST西王,食品加工,-2.94,ST股,,,否,,
2026-09-10 02:11:40,000600,建投能源,电力,0.27,均线未呈多头排列,,,否,,
2026-09-10 02:11:40,000601,韶能股份,电力,0.16,均线未呈多头排列,,,否,,
2026-09-10 02:11:40,000603,盛达资源,工业金属,-1.96,均线未呈多头排列,,,否,,
2026-09-10 02:11:40,000669,ST金鸿,燃气Ⅱ,1.21,ST股,,,否,,
2026-09-10 02:11:40,000548,湖南投资,铁路公路,-0.85,周线未呈多头排列,,,否,,
2026-09-10 02:11:40,000612,焦作万方,工业金属,-0.97,均线未呈多头排列,,,否,,
2026-09-10 02:11:40,000617,中油资本,多元金融,-0.41,均线未呈多头排列,,,否,,
2026-09-10 02:11:40,000554,泰山石油,炼化及贸易,0.0,周线未呈多头排列,,,否,,
2026-09-10 02:11:40,000557,西部创业,铁路公路,-0.26,周线未呈多头排列,,,否,,
2026-09-10 02:11:40,000558,天府文旅,旅游及景区,-0.99,周线未呈多头排列,,,否,,
2026-09-10 02:11:40,000629,钒钛股份,冶钢原料,-0.99,均线未呈多头排列,,,否,,
2026-09-10 02:11:40,000698,ST沈化,炼化及贸易,0.0,ST股,,,否,,
2026-09-10 02:11:40,000630,铜陵有色,工业金属,-0.46,均线未呈多头排列,,,否,,
2026-09-10 02:11:40,000586,汇源通信,通信设备,-3.39,周线未呈多头排列,,,否,,
2026-09-10 02:11:40,000636,风华高科,元件,-1.55,均线未呈多头排列,,,否,,
2026-09-10 02:11:40,000651,格力电器,白色家电,0.44,均线未呈多头排列,,,否,,
2026-09-10 02:11:40,000686,东北证券,证券Ⅱ,0.12,均线未呈多头排列,,,否,,
2026-09-10 02:11:40,000619,海螺新材,装修建材,-0.59,周线未呈多头排列,,,否,,
2026-09-10 02:11:40,000691,亚太实业,化学原料,-0.8,均线未呈多头排列,,,否,,
2026-09-10 02:11:40,000692,惠天热电,电力,-0.46,均线未呈多头排列,,,否,,
2026-09-10 02:11:40,000626,远大控股,物流,-1.49,超额收益 -0.32%,2026-08-28,,否,,
2026-09-10 02:11:40,000628,高新发展,房屋建设Ⅱ,-3.34,周线未呈多头排列,,,否,,
2026-09-10 02:11:40,000703,恒逸石化,炼化及贸易,-0.8,均线未呈多头排列,,,否,,
2026-09-10 02:11:40,000631,顺发恒能,电力,-1.32,周线未呈多头排列,,,否,,
2026-09-10 02:11:40,000635,英 力 特,化学原料,0.27,周线未呈多头排列,,,否,,
2026-09-10 02:11:40,000709,河钢股份,普钢,-0.47,均线未向上倾斜,,,否,,
2026-09-10 02:11:40,000637,茂化实华,炼化及贸易,-0.46,周线未呈多头排列,,,否,,
2026-09-10 02:11:40,000712,锦龙股份,证券Ⅱ,0.72,均线未呈多头排列,,,否,,
2026-09-10 02:11:40,000655,金岭矿业,冶钢原料,-2.18,周线未呈多头排列,,,否,,
2026-09-10 02:11:40,000659,珠海中富,包装印刷,0.0,周线未呈多头排列,,,否,,
2026-09-10 02:11:40,000672,上峰材料,水泥,-0.65,周线未呈多头排列,,,否,,
2026-09-10 02:11:40,000717,中南股份,普钢,-0.86,均线未呈多头排列,,,否,,
2026-09-10 02:11:40,000690,宝新能源,电力,-1.48,周线未呈多头排列,,,否,,
2026-09-10 02:11:40,000719,中原传媒,出版,0.0,均线未向上倾斜,,,否,,
2026-09-10 02:11:40,000683,博源化工,化学原料,-0.8,周线未呈多头排列,,,否,,
2026-09-10 02:11:40,000722,湖南发展,电力,10.0,均线未向上倾斜,,,否,,
2026-09-10 02:11:40,000697,炼石航空,航空装备Ⅱ,-1.27,周线未呈多头排列,,,否,,
2026-09-10 02:11:40,000723,美锦能源,焦炭Ⅱ,-0.26,均线未呈多头排列,,,否,,
2026-09-10 02:11:40,000728,国元证券,证券Ⅱ,-0.13,均线未向上倾斜,,,否,,
2026-09-10 02:11:40,000701,厦门信达,贸易Ⅱ,-0.94,周线未呈多头排列,,,否,,
2026-09-10 02:11:40,000793,ST华闻,出版,0.0,ST股,,,否,,
2026-09-10 02:11:40,000750,国海证券,证券Ⅱ,0.0,均线未呈多头排列,,,否,,
2026-09-10 02:11:40,000707,双环科技,化学原料,-1.26,周线未呈多头排列,,,否,,
2026-09-10 02:11:40,000751,锌业股份,工业金属,-0.39,均线未呈多头排列,,,否,,
2026-09-10 02:11:40,000757,浩物股份,汽车服务,-0.46,均线未呈多头排列,,,否,,
2026-09-10 02:11:40,000758,中色股份,工业金属,-0.47,均线未呈多头排列,,,否,,
2026-09-10 02:11:40,000767,晋控电力,电力,0.28,均线未呈多头排列,,,否,,
2026-09-10 02:11:40,000821,ST京机,光伏设备,-0.5,ST股,,,否,,
2026-09-10 02:11:40,000776,广发证券,证券Ⅱ,0.23,均线未向上倾斜,,,否,,
2026-09-10 02:11:40,000778,新兴铸管,普钢,1.32,均线未向上倾斜,,,否,,
2026-09-10 02:11:40,000779,甘咨询,工程咨询服务Ⅱ,-3.94,均线未呈多头排列,,,否,,
2026-09-10 02:11:40,000721,西安饮食,酒店餐饮,-0.66,超额收益 0.52%,2026-09-01,,否,,
2026-09-10 02:11:40,000783,长江证券,证券Ⅱ,-0.44,均线未呈多头排列,,,否,,
2026-09-10 02:11:40,000786,北新建材,装修建材,-1.28,均线未呈多头排列,,,否,,
2026-09-10 02:11:40,000791,甘肃能源,电力,0.68,均线未呈多头排列,,,否,,
2026-09-10 02:11:40,000737,北方铜业,工业金属,-0.12,周线未呈多头排列,,,否,,
2026-09-10 02:11:40,000738,航发控制,航空装备Ⅱ,0.25,周线未呈多头排列,,,否,,
2026-09-10 02:11:40,000755,山西高速,铁路公路,1.44,周线未呈多头排列,,,否,,
2026-09-10 02:11:40,000818,航锦科技,化学原料,-1.31,均线未呈多头排列,,,否,,
2026-09-10 02:11:40,000819,岳阳兴长,炼化及贸易,-0.56,均线未呈多头排列,,,否,,
2026-09-10 02:11:40,000761,本钢板材,普钢,-0.82,周线未呈多头排列,,,否,,
2026-09-10 02:11:40,000768,中航西飞,航空装备Ⅱ,-0.08,周线未呈多头排列,,,否,,
2026-09-10 02:11:40,000828,东莞控股,铁路公路,0.89,均线未呈多头排列,,,否,,
2026-09-10 02:11:40,000830,鲁西化工,化学原料,-0.23,均线未呈多头排列,,,否,,
2026-09-10 02:11:40,000848,承德露露,饮料乳品,-0.85,均线未呈多头排列,,,否,,
2026-09-10 02:11:40,000859,国风新材,塑料,1.15,均线未呈多头排列,,,否,,
2026-09-10 02:11:40,000862,银星能源,电力,0.73,均线未向上倾斜,,,否,,
2026-09-10 02:11:40,000789,万年青,水泥,0.7,周线未呈多头排列,,,否,,
2026-09-10 02:11:40,000875,电投绿能,电力,-0.2,均线未呈多头排列,,,否,,
2026-09-10 02:11:40,000796,凯撒旅业,旅游及景区,0.22,周线未呈多头排列,,,否,,
2026-09-10 02:11:40,000877,天山股份,水泥,0.79,均线未向上倾斜,,,否,,
2026-09-10 02:11:40,000807,云铝股份,工业金属,-1.38,周线未呈多头排列,,,否,,
2026-09-10 02:11:40,000809,和展能源,风电设备,1.73,周线未呈多头排列,,,否,,
2026-09-10 02:11:40,000812,陕西金叶,包装印刷,-0.76,周线未呈多头排列,,,否,,
2026-09-10 02:11:40,000883,湖北能源,电力,-0.22,均线未向上倾斜,,,否,,
2026-09-10 02:11:40,000895,双汇发展,食品加工,-0.13,均线未呈多头排列,,,否,,
2026-09-10 02:11:40,000822,山东海化,化学原料,-1.29,周线未呈多头排列,,,否,,
2026-09-10 02:11:40,000823,超声电子,元件,4.12,周线未呈多头排列,,,否,,
2026-09-10 02:11:40,000899,赣能股份,电力,-0.21,均线未呈多头排列,,,否,,
2026-09-10 02:11:40,000900,现代投资,铁路公路,-0.27,均线未向上倾斜,,,否,,
2026-09-10 02:11:40,000920,沃顿科技,塑料,-1.37,均线未呈多头排列,,,否,,
2026-09-10 02:11:40,000925,众合科技,轨交设备Ⅱ,-4.86,均线未呈多头排列,,,否,,
2026-09-10 02:11:40,000878,云南铜业,工业金属,0.97,周线未呈多头排列,,,否,,
2026-09-10 02:11:40,000932,华菱钢铁,普钢,-0.81,均线未呈多头排列,,,否,,
2026-09-10 02:11:40,000935,四川双马,多元金融,-4.6,均线未呈多头排列,,,否,,
2026-09-10 02:11:40,000937,冀中能源,煤炭开采,-2.92,均线未呈多头排列,,,否,,
2026-09-10 02:11:40,000886,海南高速,铁路公路,-0.2,周线未呈多头排列,,,否,,
2026-09-10 02:11:40,000888,峨眉山Ａ,旅游及景区,-1.6,周线未呈多头排列,,,否,,
2026-09-10 02:11:40,000958,电投产融,电力,0.0,均线未呈多头排列,,,否,,
2026-09-10 02:11:40,000959,首钢股份,普钢,-0.53,均线未向上倾斜,,,否,,
2026-09-10 02:11:40,000898,鞍钢股份,普钢,-0.95,周线未呈多头排列,,,否,,
2026-09-10 02:11:40,000966,长源电力,电力,0.0,均线未向上倾斜,,,否,,
2026-09-10 02:11:40,000973,佛塑科技,塑料,-2.65,均线未呈多头排列,,,否,,
2026-09-10 02:11:40,000906,浙商中拓,物流,0.16,周线未呈多头排列,,,否,,
2026-09-10 02:11:40,000983,山西焦煤,煤炭开采,-1.98,均线未呈多头排列,,,否,,
2026-09-10 02:11:40,000921,海信家电,白色家电,0.32,近20日无涨停,,,否,,
2026-09-10 02:11:40,000923,河钢资源,冶钢原料,0.48,近20日无涨停,,,否,,
2026-09-10 02:11:40,000927,中国铁物,轨交设备Ⅱ,0.0,周线未呈多头排列,,,否,,
2026-09-10 02:11:40,000928,中钢国际,专业工程,-0.52,周线未呈多头排列,,,否,,
2026-09-10 02:11:40,000987,越秀资本,多元金融,0.4,均线未呈多头排列,,,否,,
2026-09-10 02:11:40,000990,诚志股份,化学原料,0.3,均线未呈多头排列,,,否,,
2026-09-10 02:11:40,000933,神火股份,工业金属,-1.11,周线未呈多头排列,,,否,,
2026-09-10 02:11:40,001203,大中矿业,冶钢原料,-0.9,均线未呈多头排列,,,否,,
2026-09-10 02:11:40,001207,联科科技,橡胶,-0.74,均线未呈多头排列,,,否,,
2026-09-10 02:11:40,001210,金房能源,电力,-0.78,均线未呈多头排列,,,否,,
2026-09-10 02:11:40,001212,中旗新材,装修建材,-1.94,均线未呈多头排列,,,否,,
2026-09-10 02:11:40,001213,中铁特货,铁路公路,0.0,均线未向上倾斜,,,否,,
2026-09-10 02:11:40,001215,千味央厨,食品加工,-2.36,均线未呈多头排列,,,否,,
2026-09-10 02:11:40,001217,华尔泰,化学原料,-0.85,均线未呈多头排列,,,否,,
2026-09-10 02:11:40,001220,世盟股份,物流,-2.12,均线未呈多头排列,,,否,,
2026-09-10 02:11:40,001227,兰州银行,城商行Ⅱ,0.0,均线未向上倾斜,,,否,,
2026-09-10 02:11:40,001232,嘉立创,元件,2.36,上市不足60日,,,否,,
2026-09-10 02:11:40,000985,大庆华科,炼化及贸易,-1.01,周线未呈多头排列,,,否,,
2026-09-10 02:11:40,001248,华润新能,电力,-0.25,上市不足60日,,,否,,
2026-09-10 02:11:40,001255,博菲电气,塑料,-1.12,均线未向上倾斜,,,否,,
2026-09-10 02:11:40,001258,立新能源,电力,-1.32,均线未呈多头排列,,,否,,
2026-09-10 02:11:40,001267,汇绿生态,通信设备,-1.0,均线未呈多头排列,,,否,,
2026-09-10 02:11:40,000993,闽东电力,电力,10.03,周线未呈多头排列,,,否,,
2026-09-10 02:11:40,001202,炬申股份,物流,-1.16,周线未呈多头排列,,,否,,
2026-09-10 02:11:40,001279,强邦新材,包装印刷,-0.78,均线未呈多头排列,,,否,,
2026-09-10 02:11:40,001286,陕西能源,电力,0.72,均线未呈多头排列,,,否,,
2026-09-10 02:11:40,001289,龙源电力,电力,-0.39,均线未呈多头排列,,,否,,
2026-09-10 02:11:40,001309,德明利,半导体,2.1,均线未呈多头排列,,,否,,
2026-09-10 02:11:40,001317,三羊马,铁路公路,-0.5,均线未呈多头排列,,,否,,
2026-09-10 02:11:40,000978,桂林旅游,旅游及景区,9.99,通过,2026-09-07,204.6,是,是,
2026-09-10 02:11:40,001228,永泰运,物流,-1.81,周线未呈多头排列,,,否,,
2026-09-10 02:11:40,001325,元创股份,橡胶,-2.33,均线未呈多头排列,,,否,,
2026-09-10 02:11:40,001236,弘业期货,多元金融,0.73,周线未呈多头排列,,,否,,
2026-09-10 02:11:40,001331,胜通能源,燃气Ⅱ,-0.46,均线未呈多头排列,,,否,,
2026-09-10 02:11:40,001333,光华股份,塑料,-1.5,均线未呈多头排列,,,否,,
2026-09-10 02:11:40,001359,平安电工,塑料,-0.3,均线未呈多头排列,,,否,,
2026-09-10 02:11:40,001378,德冠新材,塑料,-1.41,均线未呈多头排列,,,否,,
2026-09-10 02:11:40,001387,雪祺电气,白色家电,-1.31,均线未呈多头排列,,,否,,
2026-09-10 02:11:40,001269,欧晶科技,光伏设备,-1.3,周线未呈多头排列,,,否,,
2026-09-10 02:11:40,001391,国货航,物流,-0.96,均线未呈多头排列,,,否,,
2026-09-10 02:11:40,001396,誉帆科技,基础建设,-1.52,均线未呈多头排列,,,否,,
2026-09-10 02:11:40,001299,美能能源,燃气Ⅱ,8.93,周线未呈多头排列,,,否,,
2026-09-10 02:11:40,001896,豫能控股,电力,0.09,均线未呈多头排列,,,否,,
2026-09-10 02:11:40,001316,润贝航科,炼化及贸易,-4.48,周线未呈多头排列,,,否,,
2026-09-10 02:11:40,001965,招商公路,铁路公路,0.1,均线未呈多头排列,,,否,,
2026-09-10 02:11:40,001318,阳光乳业,饮料乳品,-2.22,周线未呈多头排列,,,否,,
2026-09-10 02:11:40,002010,传化智联,物流,-1.05,均线未呈多头排列,,,否,,
2026-09-10 02:11:40,002014,永新股份,包装印刷,0.26,均线未向上倾斜,,,否,,
2026-09-10 02:11:40,001324,长青科技,轨交设备Ⅱ,-2.3,周线未呈多头排列,,,否,,
2026-09-10 02:11:40,002015,协鑫能科,电力,-1.16,均线未向上倾斜,,,否,,
2026-09-10 02:11:40,002017,东信和平,通信设备,-4.75,均线未向上倾斜,,,否,,
2026-09-10 02:11:40,002023,海特高新,航空装备Ⅱ,-1.65,均线未呈多头排列,,,否,,
2026-09-10 02:11:40,002035,华帝股份,厨卫电器,0.21,均线未呈多头排列,,,否,,
2026-09-10 02:11:40,001376,百通能源,电力,-1.09,周线未呈多头排列,,,否,,
2026-09-10 02:11:40,002039,黔源电力,电力,0.51,均线未呈多头排列,,,否,,
2026-09-10 02:11:40,002043,兔 宝 宝,装修建材,-1.81,均线未呈多头排列,,,否,,
2026-09-10 02:11:40,002049,紫光国微,半导体,-1.09,均线未呈多头排列,,,否,,
2026-09-10 02:11:40,001389,广合科技,元件,0.28,周线未呈多头排列,,,否,,
2026-09-10 02:11:40,002051,中工国际,专业工程,-1.03,均线未向上倾斜,,,否,,
2026-09-10 02:11:40,002109,ST兴化,化学原料,0.68,ST股,,,否,,
2026-09-10 02:11:40,002053,云南能投,电力,2.31,均线未向上倾斜,,,否,,
2026-09-10 02:11:40,002056,横店东磁,光伏设备,-0.75,均线未呈多头排列,,,否,,
2026-09-10 02:11:40,002060,广东建工,基础建设,-0.31,均线未呈多头排列,,,否,,
2026-09-10 02:11:40,002061,浙江交科,基础建设,-0.87,均线未呈多头排列,,,否,,
2026-09-10 02:11:40,002066,瑞泰科技,装修建材,-1.05,均线未呈多头排列,,,否,,
2026-09-10 02:11:40,002072,凯瑞德,贸易Ⅱ,-2.81,均线未呈多头排列,,,否,,
2026-09-10 02:11:40,002079,苏州固锝,光伏设备,-1.0,均线未呈多头排列,,,否,,
2026-09-10 02:11:40,002080,中材科技,玻璃玻纤,-0.26,均线未呈多头排列,,,否,,
2026-09-10 02:11:40,002033,丽江股份,旅游及景区,-0.75,近20日无涨停,,,否,,
2026-09-10 02:11:40,002088,鲁阳节能,装修建材,-1.27,均线未呈多头排列,,,否,,
2026-09-10 02:11:40,002091,江苏国泰,贸易Ⅱ,-0.39,均线未呈多头排列,,,否,,
2026-09-10 02:11:40,002108,沧州明珠,塑料,-0.23,均线未呈多头排列,,,否,,
2026-09-10 02:11:40,002110,三钢闽光,普钢,-0.33,均线未呈多头排列,,,否,,
2026-09-10 02:11:40,002059,云南旅游,旅游及景区,0.67,超额收益 1.84%,2026-09-02,,否,,
2026-09-10 02:11:40,002117,东港股份,包装印刷,-1.22,均线未呈多头排列,,,否,,
2026-09-10 02:11:40,002062,宏润建设,基础建设,-2.21,周线未呈多头排列,,,否,,
2026-09-10 02:11:40,002119,康强电子,半导体,0.17,均线未呈多头排列,,,否,,
2026-09-10 02:11:40,002068,黑猫股份,橡胶,6.89,周线未呈多头排列,,,否,,
2026-09-10 02:11:40,002120,韵达股份,物流,0.15,均线未向上倾斜,,,否,,
2026-09-10 02:11:40,002077,大港股份,半导体,2.33,周线未呈多头排列,,,否,,
2026-09-10 02:11:40,002128,电投能源,煤炭开采,-1.44,均线未呈多头排列,,,否,,
2026-09-10 02:11:40,002129,TCL中环,光伏设备,-1.98,均线未呈多头排列,,,否,,
2026-09-10 02:11:40,002134,天津普林,元件,0.14,均线未呈多头排列,,,否,,
2026-09-10 02:11:40,002135,东南网架,专业工程,0.48,均线未呈多头排列,,,否,,
2026-09-10 02:11:40,002136,安 纳 达,化学原料,-1.1,均线未呈多头排列,,,否,,
2026-09-10 02:11:40,002092,中泰化学,化学原料,0.2,周线未呈多头排列,,,否,,
2026-09-10 02:11:40,002093,国脉科技,教育,-1.48,周线未呈多头排列,,,否,,
2026-09-10 02:11:40,002104,恒宝股份,通信设备,-4.58,周线未呈多头排列,,,否,,
2026-09-10 02:11:40,002138,顺络电子,元件,-3.16,均线未呈多头排列,,,否,,
2026-09-10 02:11:40,002111,威海广泰,航空装备Ⅱ,-0.79,周线未呈多头排列,,,否,,
2026-09-10 02:11:40,002114,罗平锌电,工业金属,0.38,周线未呈多头排列,,,否,,
2026-09-10 02:11:40,002141,贤丰控股,元件,-0.16,均线未呈多头排列,,,否,,
2026-09-10 02:11:40,002116,中国海诚,专业工程,-0.8,周线未呈多头排列,,,否,,
2026-09-10 02:11:40,002145,钛能化学,化学原料,-0.46,均线未呈多头排列,,,否,,
2026-09-10 02:11:40,002207,*ST准油,油服工程,0.0,ST股,,,否,,
2026-09-10 02:11:40,002150,正泰电源,光伏设备,-0.63,均线未呈多头排列,,,否,,
2026-09-10 02:11:40,002156,通富微电,半导体,-0.31,均线未呈多头排列,,,否,,
2026-09-10 02:11:40,002160,常铝股份,工业金属,-1.44,均线未呈多头排列,,,否,,
2026-09-10 02:11:40,002183,怡 亚 通,贸易Ⅱ,-1.55,均线未呈多头排列,,,否,,
2026-09-10 02:11:40,002185,华天科技,半导体,1.24,均线未呈多头排列,,,否,,
2026-09-10 02:11:40,002191,劲嘉股份,包装印刷,-1.09,均线未呈多头排列,,,否,,
2026-09-10 02:11:40,002199,东晶电子,元件,-0.41,均线未呈多头排列,,,否,,
2026-09-10 02:11:40,002200,交投生态,基础建设,-1.86,均线未呈多头排列,,,否,,
2026-09-10 02:11:40,002140,东华科技,专业工程,3.75,周线未呈多头排列,,,否,,
2026-09-10 02:11:40,002202,金风科技,风电设备,-1.12,均线未呈多头排列,,,否,,
2026-09-10 02:11:40,002142,宁波银行,城商行Ⅱ,2.37,近20日无涨停,,,否,,
2026-09-10 02:11:40,002213,大为股份,半导体,-0.36,均线未呈多头排列,,,否,,
2026-09-10 02:11:40,002216,三全食品,食品加工,-0.92,均线未呈多头排列,,,否,,
2026-09-10 02:11:40,002218,拓日新能,电力,-0.99,均线未向上倾斜,,,否,,
2026-09-10 02:11:40,002159,三特索道,旅游及景区,-0.56,周线未呈多头排列,,,否,,
2026-09-10 02:11:40,002171,楚江新材,工业金属,1.72,周线未呈多头排列,,,否,,
2026-09-10 02:11:40,002181,粤 传 媒,出版,-2.85,周线未呈多头排列,,,否,,
2026-09-10 02:11:40,002225,濮耐股份,装修建材,-1.62,均线未呈多头排列,,,否,,
2026-09-10 02:11:40,002186,全 聚 德,酒店餐饮,-1.57,周线未呈多头排列,,,否,,
2026-09-10 02:11:40,002194,武汉凡谷,通信设备,2.68,周线未呈多头排列,,,否,,
2026-09-10 02:11:40,002233,塔牌集团,水泥,0.14,均线未呈多头排列,,,否,,
2026-09-10 02:11:40,002306,ST云网,酒店餐饮,-4.9,ST股,,,否,,
2026-09-10 02:11:40,002256,兆新股份,电力,0.3,均线未呈多头排列,,,否,,
2026-09-10 02:11:40,002201,九鼎新材,玻璃玻纤,10.04,周线未呈多头排列,,,否,,
2026-09-10 02:11:40,002203,海亮股份,工业金属,0.15,周线未呈多头排列,,,否,,
2026-09-10 02:11:40,002323,*ST雅博,专业工程,-0.79,ST股,,,否,,
2026-09-10 02:11:40,002205,国统股份,水泥,1.78,周线未呈多头排列,,,否,,
2026-09-10 02:11:40,002263,大东南,塑料,-1.24,均线未呈多头排列,,,否,,
2026-09-10 02:11:40,002267,陕天然气,燃气Ⅱ,0.13,均线未向上倾斜,,,否,,
2026-09-10 02:11:40,002271,东方雨虹,装修建材,-1.29,均线未呈多头排列,,,否,,
2026-09-10 02:11:40,002274,华昌化工,化学原料,-1.36,均线未向上倾斜,,,否,,
2026-09-10 02:11:40,002281,光迅科技,通信设备,-0.6,均线未呈多头排列,,,否,,
2026-09-10 02:11:40,002221,东华能源,炼化及贸易,0.33,周线未呈多头排列,,,否,,
2026-09-10 02:11:40,002296,辉煌科技,通信设备,-1.31,均线未呈多头排列,,,否,,
2026-09-10 02:11:40,002224,三 力 士,橡胶,-1.94,周线未呈多头排列,,,否,,
2026-09-10 02:11:40,002228,合兴包装,包装印刷,-0.31,周线未呈多头排列,,,否,,
2026-09-10 02:11:40,002303,美盈森,包装印刷,-2.7,均线未呈多头排列,,,否,,
2026-09-10 02:11:40,002247,聚力文化,装修建材,-1.2,周线未呈多头排列,,,否,,
2026-09-10 02:11:40,002310,东方新能,电力,0.43,均线未呈多头排列,,,否,,
2026-09-10 02:11:40,002313,日海智能,通信设备,-1.04,均线未呈多头排列,,,否,,
2026-09-10 02:11:40,002259,升达林业,燃气Ⅱ,0.0,周线未呈多头排列,,,否,,
2026-09-10 02:11:40,002333,罗普斯金,装修建材,-0.9,均线未呈多头排列,,,否,,
2026-09-10 02:11:40,002352,顺丰控股,物流,-0.63,均线未呈多头排列,,,否,,
2026-09-10 02:11:40,002361,神剑股份,塑料,1.38,均线未呈多头排列,,,否,,
2026-09-10 02:11:40,002371,北方华创,半导体,-1.16,均线未呈多头排列,,,否,,
2026-09-10 02:11:40,002295,精艺股份,工业金属,7.69,周线未呈多头排列,,,否,,
2026-09-10 02:11:40,002372,伟星新材,装修建材,-0.47,均线未呈多头排列,,,否,,
2026-09-10 02:11:40,002374,中锐股份,包装印刷,-1.91,均线未呈多头排列,,,否,,
2026-09-10 02:11:40,002297,博云新材,航空装备Ⅱ,1.38,周线未呈多头排列,,,否,,
2026-09-10 02:11:40,002431,ST棕榈,基础建设,0.73,ST股,,,否,,
2026-09-10 02:11:40,002302,西部建设,水泥,0.0,周线未呈多头排列,,,否,,
2026-09-10 02:11:40,002379,宏桥控股,工业金属,-2.13,均线未向上倾斜,,,否,,
2026-09-10 02:11:40,002307,北新路桥,基础建设,-0.63,周线未呈多头排列,,,否,,
2026-09-10 02:11:40,002384,东山精密,元件,-0.31,均线未呈多头排列,,,否,,
2026-09-10 02:11:40,002386,天原股份,化学原料,-1.17,均线未呈多头排列,,,否,,
2026-09-10 02:11:40,002324,普利特,塑料,-2.44,周线未呈多头排列,,,否,,
2026-09-10 02:11:40,002329,皇氏集团,饮料乳品,-1.51,周线未呈多头排列,,,否,,
2026-09-10 02:11:40,002330,得利斯,食品加工,-1.62,周线未呈多头排列,,,否,,
2026-09-10 02:11:40,002392,北京利尔,装修建材,-1.78,均线未呈多头排列,,,否,,
2026-09-10 02:11:40,002395,双象股份,塑料,-2.81,均线未向上倾斜,,,否,,
2026-09-10 02:11:40,002357,富临运业,铁路公路,-2.39,周线未呈多头排列,,,否,,
2026-09-10 02:11:40,002485,ST雪发,物流,0.0,ST股,,,否,,
2026-09-10 02:11:40,002396,星网锐捷,通信设备,-0.28,均线未呈多头排列,,,否,,
2026-09-10 02:11:40,002409,雅克科技,半导体,2.57,均线未呈多头排列,,,否,,
2026-09-10 02:11:40,002423,中粮资本,多元金融,-0.2,均线未呈多头排列,,,否,,
2026-09-10 02:11:40,002377,国创高新,炼化及贸易,10.16,周线未呈多头排列,,,否,,
2026-09-10 02:11:40,002459,晶澳科技,光伏设备,-1.31,均线未呈多头排列,,,否,,
2026-09-10 02:11:40,002501,*ST利源,工业金属,2.34,ST股,,,否,,
2026-09-10 02:11:40,002381,双箭股份,橡胶,-0.88,周线未呈多头排列,,,否,,
2026-09-10 02:11:40,002468,申通快递,物流,0.98,均线未呈多头排列,,,否,,
2026-09-10 02:11:40,002389,航天彩虹,航空装备Ⅱ,-1.07,周线未呈多头排列,,,否,,
2026-09-10 02:11:40,002469,三维化学,专业工程,-1.07,均线未呈多头排列,,,否,,
2026-09-10 02:11:40,002484,江海股份,元件,-2.14,均线未呈多头排列,,,否,,
2026-09-10 02:11:40,002480,新筑股份,电力,-1.11,均线未呈多头排列,,,否,,
2026-09-10 02:11:40,002487,大金重工,风电设备,-0.77,均线未呈多头排列,,,否,,
2026-09-10 02:11:40,002491,通鼎互联,通信设备,-4.0,均线未呈多头排列,,,否,,
2026-09-10 02:11:40,002542,*ST中岩,专业工程,-0.59,ST股,,,否,,
2026-09-10 02:11:40,002398,垒知集团,装修建材,-0.47,周线未呈多头排列,,,否,,
2026-09-10 02:11:40,002408,齐翔腾达,炼化及贸易,-0.35,周线未呈多头排列,,,否,,
2026-09-10 02:11:40,002493,荣盛石化,炼化及贸易,-1.85,均线未呈多头排列,,,否,,
2026-09-10 02:11:40,002436,兴森科技,元件,-1.85,周线未呈多头排列,,,否,,
2026-09-10 02:11:40,002442,龙星科技,橡胶,-2.33,周线未呈多头排列,,,否,,
2026-09-10 02:11:40,002500,山西证券,证券Ⅱ,0.19,均线未呈多头排列,,,否,,
2026-09-10 02:11:40,002457,青龙管业,装修建材,7.18,周线未呈多头排列,,,否,,
2026-09-10 02:11:40,002506,协鑫集成,光伏设备,-1.54,均线未呈多头排列,,,否,,
2026-09-10 02:11:40,002508,老板电器,厨卫电器,1.7,均线未呈多头排列,,,否,,
2026-09-10 02:11:40,002463,沪电股份,元件,0.63,周线未呈多头排列,,,否,,
2026-09-10 02:11:40,002515,金字火腿,食品加工,-3.15,均线未呈多头排列,,,否,,
2026-09-10 02:11:40,002522,浙江众成,塑料,-2.1,均线未呈多头排列,,,否,,
2026-09-10 02:11:40,002531,天顺风能,风电设备,-1.11,均线未向上倾斜,,,否,,
2026-09-10 02:11:40,002476,新叶股份,炼化及贸易,-0.38,周线未呈多头排列,,,否,,
2026-09-10 02:11:40,002479,富春环保,电力,-0.48,近20日无涨停,,,否,,
2026-09-10 02:11:40,002541,鸿路钢构,专业工程,-0.05,均线未呈多头排列,,,否,,
2026-09-10 02:11:40,002552,宝鼎科技,元件,-0.84,均线未呈多头排列,,,否,,
2026-09-10 02:11:40,002554,惠博普,油服工程,0.34,均线未呈多头排列,,,否,,
2026-09-10 02:11:40,002492,恒基达鑫,物流,-0.48,周线未呈多头排列,,,否,,
2026-09-10 02:11:40,002565,顺灏股份,包装印刷,-0.12,均线未呈多头排列,,,否,,
2026-09-10 02:11:40,002717,*ST岭南,基础建设,-1.05,ST股,,,否,,
2026-09-10 02:11:40,002578,闽发铝业,工业金属,-2.13,均线未呈多头排列,,,否,,
2026-09-10 02:11:40,002726,ST龙大,食品加工,-4.83,ST股,,,否,,
2026-09-10 02:11:40,002583,海能达,通信设备,-1.63,均线未呈多头排列,,,否,,
2026-09-10 02:11:40,002584,西陇科学,电子化学品Ⅱ,-1.49,均线未呈多头排列,,,否,,
2026-09-10 02:11:40,002585,双星新材,塑料,-1.34,均线未呈多头排列,,,否,,
2026-09-10 02:11:40,002586,围海股份,基础建设,-2.0,均线未呈多头排列,,,否,,
2026-09-10 02:11:40,002743,ST富煌,专业工程,3.97,ST股,,,否,,
2026-09-10 02:11:40,002599,盛通股份,包装印刷,0.69,均线未呈多头排列,,,否,,
2026-09-10 02:11:40,002601,龙佰集团,化学原料,-0.45,均线未呈多头排列,,,否,,
2026-09-10 02:11:40,002607,中公教育,教育,-1.92,均线未呈多头排列,,,否,,
2026-09-10 02:11:40,002532,天山铝业,工业金属,-0.93,周线未呈多头排列,,,否,,
2026-09-10 02:11:40,002540,亚太科技,工业金属,-1.48,周线未呈多头排列,,,否,,
2026-09-10 02:11:40,002543,万和电气,厨卫电器,10.03,周线未呈多头排列,,,否,,
2026-09-10 02:11:40,002701,奥瑞金,包装印刷,-0.44,均线未呈多头排列,,,否,,
2026-09-10 02:11:40,002718,友邦吊顶,装修建材,-1.33,均线未呈多头排列,,,否,,
2026-09-10 02:11:40,002570,贝因美,饮料乳品,-3.36,周线未呈多头排列,,,否,,
2026-09-10 02:11:40,002579,中京电子,元件,-0.89,周线未呈多头排列,,,否,,
2026-09-10 02:11:40,002736,国信证券,证券Ⅱ,0.59,均线未呈多头排列,,,否,,
2026-09-10 02:11:40,002741,光华科技,电子化学品Ⅱ,-1.35,均线未呈多头排列,,,否,,
2026-09-10 02:11:40,002593,日上集团,专业工程,-1.48,周线未呈多头排列,,,否,,
2026-09-10 02:11:40,002596,海南瑞泽,水泥,-1.15,周线未呈多头排列,,,否,,
2026-09-10 02:11:40,002768,国恩股份,塑料,0.28,均线未呈多头排列,,,否,,
2026-09-10 02:11:40,002700,万憬能源,燃气Ⅱ,-0.73,周线未呈多头排列,,,否,,
2026-09-10 02:11:40,002775,文科股份,基础建设,-1.4,均线未呈多头排列,,,否,,
2026-09-10 02:11:40,002702,海欣食品,食品加工,-4.65,周线未呈多头排列,,,否,,
2026-09-10 02:11:40,002707,众信旅游,旅游及景区,-0.7,周线未呈多头排列,,,否,,
2026-09-10 02:11:40,002732,燕塘乳业,饮料乳品,-0.75,周线未呈多头排列,,,否,,
2026-09-10 02:11:40,002792,通宇通讯,通信设备,-0.62,均线未呈多头排列,,,否,,
2026-09-10 02:11:40,002735,王子新材,包装印刷,6.62,周线未呈多头排列,,,否,,
2026-09-10 02:11:40,002796,世嘉科技,通信设备,-1.96,均线未呈多头排列,,,否,,
2026-09-10 02:11:40,002797,第一创业,证券Ⅱ,0.0,均线未呈多头排列,,,否,,
2026-09-10 02:11:40,002748,世龙实业,化学原料,-1.05,周线未呈多头排列,,,否,,
2026-09-10 02:11:40,002800,天顺股份,物流,-1.31,均线未呈多头排列,,,否,,
2026-09-10 02:11:40,002752,昇兴股份,包装印刷,-0.15,周线未呈多头排列,,,否,,
2026-09-10 02:11:40,002753,永东股份,橡胶,0.0,周线未呈多头排列,,,否,,
2026-09-10 02:11:40,002761,浙江建投,房屋建设Ⅱ,0.13,周线未呈多头排列,,,否,,
2026-09-10 02:11:40,002883,*ST中设,工程咨询服务Ⅱ,-0.32,ST股,,,否,,
2026-09-10 02:11:40,002769,普路通,物流,-0.26,周线未呈多头排列,,,否,,
2026-09-10 02:11:40,002824,和胜股份,工业金属,-2.28,均线未呈多头排列,,,否,,
2026-09-10 02:11:40,002785,万里石,装修建材,1.79,周线未呈多头排列,,,否,,
2026-09-10 02:11:40,002828,贝肯能源,油服工程,-1.32,均线未呈多头排列,,,否,,
2026-09-10 02:11:40,002787,华源控股,包装印刷,-2.35,周线未呈多头排列,,,否,,
2026-09-10 02:11:40,002791,坚朗五金,装修建材,-0.93,周线未呈多头排列,,,否,,
2026-09-10 02:11:40,002829,星网宇达,航天装备Ⅱ,-2.83,均线未呈多头排列,,,否,,
2026-09-10 02:11:40,002831,裕同科技,包装印刷,-0.28,均线未向上倾斜,,,否,,
2026-09-10 02:11:40,002838,道恩股份,塑料,-1.57,均线未向上倾斜,,,否,,
2026-09-10 02:11:40,002839,张家港行,农商行Ⅱ,0.22,均线未向上倾斜,,,否,,
2026-09-10 02:11:40,002799,环球印务,包装印刷,-0.99,周线未呈多头排列,,,否,,
2026-09-10 02:11:40,002846,英联股份,包装印刷,-1.38,均线未呈多头排列,,,否,,
2026-09-10 02:11:40,002865,钧达股份,光伏设备,-2.0,均线未呈多头排列,,,否,,
2026-09-10 02:11:40,002886,沃特股份,塑料,3.0,均线未呈多头排列,,,否,,
2026-09-10 02:11:40,002807,江阴银行,农商行Ⅱ,0.71,近20日无涨停,,,否,,
2026-09-10 02:11:40,002815,崇达技术,元件,0.06,周线未呈多头排列,,,否,,
2026-09-10 02:11:40,002889,东方嘉盛,物流,-1.16,均线未呈多头排列,,,否,,
2026-09-10 02:11:40,002825,纳尔股份,塑料,-1.56,周线未呈多头排列,,,否,,
2026-09-10 02:11:40,002836,新宏泽,包装印刷,-1.05,周线未呈多头排列,,,否,,
2026-09-10 02:11:40,002926,华西证券,证券Ⅱ,0.12,均线未呈多头排列,,,否,,
2026-09-10 02:11:40,002928,华夏航空,航空机场,-0.31,均线未向上倾斜,,,否,,
2026-09-10 02:11:40,002840,华统股份,食品加工,-2.21,周线未呈多头排列,,,否,,
2026-09-10 02:11:40,002936,郑州银行,城商行Ⅱ,0.0,均线未向上倾斜,,,否,,
2026-09-10 02:11:40,002881,美格智能,通信设备,-3.81,周线未呈多头排列,,,否,,
2026-09-10 02:11:40,002938,鹏鼎控股,元件,1.66,均线未呈多头排列,,,否,,
2026-09-10 02:11:40,002939,长城证券,证券Ⅱ,-0.25,均线未呈多头排列,,,否,,
2026-09-10 02:11:40,002945,华林证券,证券Ⅱ,-0.81,均线未呈多头排列,,,否,,
2026-09-10 02:11:40,002893,京能热力,电力,-1.88,周线未呈多头排列,,,否,,
2026-09-10 02:11:40,002897,意华股份,通信设备,4.37,周线未呈多头排列,,,否,,
2026-09-10 02:11:40,002946,新乳业,饮料乳品,-1.58,均线未呈多头排列,,,否,,
2026-09-10 02:11:40,002902,铭普光磁,通信设备,2.9,周线未呈多头排列,,,否,,
2026-09-10 02:11:40,002910,庄园牧场,饮料乳品,-3.46,周线未呈多头排列,,,否,,
2026-09-10 02:11:40,002911,佛燃能源,燃气Ⅱ,0.85,周线未呈多头排列,,,否,,
2026-09-10 02:11:40,002913,奥士康,元件,-1.9,周线未呈多头排列,,,否,,
2026-09-10 02:11:40,002916,深南电路,元件,-0.47,周线未呈多头排列,,,否,,
2026-09-10 02:11:40,002948,青岛银行,城商行Ⅱ,1.46,均线未向上倾斜,,,否,,
2026-09-10 02:11:40,002958,青农商行,农商行Ⅱ,0.0,均线未向上倾斜,,,否,,
2026-09-10 02:11:40,002961,瑞达期货,多元金融,0.94,均线未呈多头排列,,,否,,
2026-09-10 02:11:40,002930,宏川智慧,物流,0.62,周线未呈多头排列,,,否,,
2026-09-10 02:11:40,002933,新兴装备,航空装备Ⅱ,-1.13,周线未呈多头排列,,,否,,
2026-09-10 02:11:40,002969,嘉美包装,包装印刷,-3.6,均线未呈多头排列,,,否,,
2026-09-10 02:11:40,002972,科安达,轨交设备Ⅱ,-1.21,均线未呈多头排列,,,否,,
2026-09-10 02:11:40,002941,新疆交建,基础建设,-0.8,周线未呈多头排列,,,否,,
2026-09-10 02:11:40,002986,宇新股份,炼化及贸易,-1.16,均线未呈多头排列,,,否,,
2026-09-10 02:11:40,002996,顺博合金,工业金属,-1.27,均线未呈多头排列,,,否,,
2026-09-10 02:11:40,003001,中岩大地,专业工程,-1.43,均线未呈多头排列,,,否,,
2026-09-10 02:11:40,003003,天元股份,包装印刷,-1.06,均线未呈多头排列,,,否,,
2026-09-10 02:11:40,003009,中天火箭,航天装备Ⅱ,2.24,均线未呈多头排列,,,否,,
2026-09-10 02:11:40,003013,地铁设计,工程咨询服务Ⅱ,-3.76,均线未呈多头排列,,,否,,
2026-09-10 02:11:40,003017,大洋生物,化学原料,-1.56,均线未呈多头排列,,,否,,
2026-09-10 02:11:40,003022,联泓新科,光伏设备,-0.71,均线未呈多头排列,,,否,,
2026-09-10 02:11:40,002949,华阳国际,工程咨询服务Ⅱ,-2.4,周线未呈多头排列,,,否,,
2026-09-10 02:11:40,003026,中晶科技,半导体,-0.61,均线未呈多头排列,,,否,,
2026-09-10 02:11:40,003031,中瓷电子,通信设备,3.15,均线未呈多头排列,,,否,,
2026-09-10 02:11:40,003032,传智教育,教育,-5.45,均线未呈多头排列,,,否,,
2026-09-10 02:11:40,003035,南网能源,电力,-0.52,均线未呈多头排列,,,否,,
2026-09-10 02:11:40,002966,苏州银行,城商行Ⅱ,1.43,近20日无涨停,,,否,,
2026-09-10 02:11:40,003038,鑫铂股份,工业金属,-0.99,均线未呈多头排列,,,否,,
2026-09-10 02:11:40,002985,北摩高科,航空装备Ⅱ,0.34,周线未呈多头排列,,,否,,
2026-09-10 02:11:40,003043,华亚智能,半导体,-2.1,均线未呈多头排列,,,否,,
2026-09-10 02:11:40,003816,中国广核,电力,-0.23,均线未向上倾斜,,,否,,
2026-09-10 02:11:40,002988,豪美新材,工业金属,1.77,周线未呈多头排列,,,否,,
2026-09-10 02:11:40,003018,金富科技,包装印刷,-3.8,周线未呈多头排列,,,否,,
2026-09-10 02:11:40,003037,三和管桩,水泥,2.05,周线未呈多头排列,,,否,,
2026-09-10 02:11:40,003040,楚天龙,通信设备,-9.24,超额收益 -8.06%,2026-08-21,,否,,
